{
 "omicstype": "",
"nodes": [
 {
 "id": "C12.1",
"label": "C12.1",
"size":       18,
"meta": "con_12",
"fx": -782.6222,
"fy": 257.3954,
"fz": -150.8489,
"origX": -0.40218,
"origY": 0.0086535,
"origZ": -0.058941,
"colorb": "#E6194B" 
},
{
 "id": "C12.3",
"label": "C12.3",
"size":       18,
"meta": "con_12",
"fx": -113.0444,
"fy": 754.2154,
"fz": 797.2444,
"origX": -0.10087,
"origY":  0.17012,
"origZ":  0.15438,
"colorb": "#E6194B" 
},
{
 "id": "C12.4",
"label": "C12.4",
"size":       18,
"meta": "con_12",
"fx": -148.6444,
"fy": 50.74462,
"fz": 10.36889,
"origX": -0.11689,
"origY": -0.058508,
"origZ": -0.022667,
"colorb": "#E6194B" 
},
{
 "id": "X12.1",
"label": "X12.1",
"size":       18,
"meta": "xvm_12",
"fx": 366.1778,
"fy": -692.7385,
"fz": 406.8533,
"origX":  0.11478,
"origY": -0.30014,
"origZ": 0.066542,
"colorb": "#3CB44B" 
},
{
 "id": "X12.2",
"label": "X12.2",
"size":       18,
"meta": "xvm_12",
"fx": 819.1111,
"fy": 573.1692,
"fz": 365.9733,
"origX":   0.3186,
"origY":  0.11128,
"origZ": 0.057344,
"colorb": "#3CB44B" 
},
{
 "id": "X12.3",
"label": "X12.3",
"size":       18,
"meta": "xvm_12",
"fx": 525.6889,
"fy": 441.8246,
"fz": -762.9333,
"origX":  0.18656,
"origY": 0.068593,
"origZ": -0.19666,
"colorb": "#3CB44B" 
} 
],
"meta": [ "con_12", "con_12", "con_12", "xvm_12", "xvm_12", "xvm_12" ],
"loading": [
 {
 "id": "M367.151T397.982",
"label": "M367.151T397.982",
"size":       24,
"opacity":      0.8,
"fx":   975.86,
"fy":  925.625,
"fz":    304.9,
"origX":  0.48793,
"origY":  0.47025,
"origZ":  0.25245,
"seedArr": "notSeed",
"colorb": "#F03B20",
"colorw": "#F03B20" 
},
{
 "id": "M536.899T13.11",
"label": "M536.899T13.11",
"size":       24,
"opacity":     0.36,
"fx": -130.994,
"fy": -221.435,
"fz": -293.022,
"origX": -0.065497,
"origY": 0.011426,
"origZ": -0.046511,
"seedArr": "notSeed",
"colorb": "#FCF2CE",
"colorw": "#FCF2CE" 
},
{
 "id": "M664.853T17.893",
"label": "M664.853T17.893",
"size":       24,
"opacity":     0.41,
"fx":  -86.218,
"fy": -469.535,
"fz": -337.216,
"origX": -0.043109,
"origY": -0.087814,
"origZ": -0.068608,
"seedArr": "notSeed",
"colorb": "#FDF1C2",
"colorw": "#FDF1C2" 
},
{
 "id": "M768.855T17.124",
"label": "M768.855T17.124",
"size":       24,
"opacity":      0.7,
"fx":    266.3,
"fy":  -801.15,
"fz":  -838.98,
"origX":  0.13315,
"origY": -0.22046,
"origZ": -0.31949,
"seedArr": "notSeed",
"colorb": "#F57F51",
"colorw": "#F57F51" 
},
{
 "id": "M774.824T18.125",
"label": "M774.824T18.125",
"size":       24,
"opacity":     0.69,
"fx":   -375.5,
"fy": -399.0425,
"fz":  -645.74,
"origX": -0.18775,
"origY": -0.059617,
"origZ": -0.22287,
"seedArr": "notSeed",
"colorb": "#F68B59",
"colorw": "#F68B59" 
},
{
 "id": "M830.837T11.111",
"label": "M830.837T11.111",
"size":       24,
"opacity":     0.72,
"fx":   371.78,
"fy": -967.625,
"fz":  -769.62,
"origX":  0.18589,
"origY": -0.28705,
"origZ": -0.28481,
"seedArr": "notSeed",
"colorb": "#F47449",
"colorw": "#F47449" 
},
{
 "id": "M831.338T16.12",
"label": "M831.338T16.12",
"size":       24,
"opacity":      0.4,
"fx":  177.298,
"fy": -260.5122,
"fz":  -49.684,
"origX": 0.088649,
"origY": -0.0042049,
"origZ": 0.075158,
"seedArr": "notSeed",
"colorb": "#FDF1C6",
"colorw": "#FDF1C6" 
},
{
 "id": "M848.827T17.121",
"label": "M848.827T17.121",
"size":       24,
"opacity":      0.3,
"fx":   24.742,
"fy":  -312.32,
"fz": -187.0532,
"origX": 0.012371,
"origY": -0.024928,
"origZ": 0.0064734,
"seedArr": "notSeed",
"colorb": "#FCF5DF",
"colorw": "#FCF5DF" 
},
{
 "id": "M882.812T18.125",
"label": "M882.812T18.125",
"size":       24,
"opacity":     0.49,
"fx":  -299.08,
"fy": -276.7375,
"fz": -277.092,
"origX": -0.14954,
"origY": -0.010695,
"origZ": -0.038546,
"seedArr": "notSeed",
"colorb": "#FEEEAE",
"colorw": "#FEEEAE" 
},
{
 "id": "M883.492T15.092",
"label": "M883.492T15.092",
"size":       24,
"opacity":     0.43,
"fx":  116.792,
"fy": -246.6472,
"fz":  -431.22,
"origX": 0.058396,
"origY": 0.0013411,
"origZ": -0.11561,
"seedArr": "notSeed",
"colorb": "#FDF0BE",
"colorw": "#FDF0BE" 
},
{
 "id": "M908.151T15.062",
"label": "M908.151T15.062",
"size":       24,
"opacity":     0.78,
"fx":  -626.28,
"fy":  -929.55,
"fz":   977.52,
"origX": -0.31314,
"origY": -0.27182,
"origZ":  0.58876,
"seedArr": "notSeed",
"colorb": "#F04628",
"colorw": "#F04628" 
},
{
 "id": "M970.794T18.128",
"label": "M970.794T18.128",
"size":       24,
"opacity":     0.48,
"fx":  -82.678,
"fy": -348.6475,
"fz":  -484.64,
"origX": -0.041339,
"origY": -0.039459,
"origZ": -0.14232,
"seedArr": "notSeed",
"colorb": "#FEEFB2",
"colorw": "#FEEFB2" 
},
{
 "id": "M970.807T12.104",
"label": "M970.807T12.104",
"size":       24,
"opacity":     0.53,
"fx":   271.64,
"fy": -382.2875,
"fz": -371.212,
"origX":  0.13582,
"origY": -0.052915,
"origZ": -0.085606,
"seedArr": "notSeed",
"colorb": "#FEEDA6",
"colorw": "#FEEDA6" 
},
{
 "id": "M991.807T13.109",
"label": "M991.807T13.109",
"size":       24,
"opacity":     0.64,
"fx":   425.58,
"fy": -510.875,
"fz": -165.012,
"origX":  0.21279,
"origY": -0.10435,
"origZ": 0.017494,
"seedArr": "notSeed",
"colorb": "#F9AD72",
"colorw": "#F9AD72" 
},
{
 "id": "M996.798T17.124",
"label": "M996.798T17.124",
"size":       24,
"opacity":     0.62,
"fx":  129.756,
"fy":  -776.35,
"fz":  -342.69,
"origX": 0.064878,
"origY": -0.21054,
"origZ": -0.071345,
"seedArr": "notSeed",
"colorb": "#FAB97A",
"colorw": "#FAB97A" 
},
{
 "id": "M1030.792T17.119",
"label": "M1030.792T17.119",
"size":       24,
"opacity":     0.38,
"fx": -127.534,
"fy":   -384.4,
"fz": -207.4848,
"origX": -0.063767,
"origY": -0.05376,
"origZ": -0.0037424,
"seedArr": "notSeed",
"colorb": "#FCF2CA",
"colorw": "#FCF2CA" 
},
{
 "id": "M1053.787T16.896",
"label": "M1053.787T16.896",
"size":       24,
"opacity":     0.56,
"fx":    59.91,
"fy":     -699,
"fz": -201.9812,
"origX": 0.029955,
"origY":  -0.1796,
"origZ": -0.00099061,
"seedArr": "notSeed",
"colorb": "#FEE79B",
"colorw": "#FEE79B" 
},
{
 "id": "M1058.286T17.121",
"label": "M1058.286T17.121",
"size":       24,
"opacity":     0.57,
"fx":   217.62,
"fy": -442.5275,
"fz":   117.48,
"origX":  0.10881,
"origY": -0.077011,
"origZ":  0.15874,
"seedArr": "notSeed",
"colorb": "#FDDB93",
"colorw": "#FDDB93" 
},
{
 "id": "M1094.782T12.105",
"label": "M1094.782T12.105",
"size":       24,
"opacity":     0.67,
"fx":   540.92,
"fy": -440.6075,
"fz":  -33.944,
"origX":  0.27046,
"origY": -0.076243,
"origZ": 0.083028,
"seedArr": "notSeed",
"colorb": "#F79662",
"colorw": "#F79662" 
},
{
 "id": "M1107.445T13.643",
"label": "M1107.445T13.643",
"size":       24,
"opacity":     0.77,
"fx":  -475.26,
"fy":  908.625,
"fz":  -987.88,
"origX": -0.23763,
"origY":  0.46345,
"origZ": -0.39394,
"seedArr": "notSeed",
"colorb": "#F15130",
"colorw": "#F15130" 
},
{
 "id": "M1116.775T17.12",
"label": "M1116.775T17.12",
"size":       24,
"opacity":     0.74,
"fx":  -869.54,
"fy":  -436.21,
"fz":   -39.73,
"origX": -0.43477,
"origY": -0.074484,
"origZ": 0.080135,
"seedArr": "notSeed",
"colorb": "#F36841",
"colorw": "#F36841" 
},
{
 "id": "M1189.43T15.136",
"label": "M1189.43T15.136",
"size":       24,
"opacity":     0.75,
"fx":  -583.94,
"fy":    599.8,
"fz":  -129.14,
"origX": -0.29197,
"origY":  0.33992,
"origZ":  0.03543,
"seedArr": "notSeed",
"colorb": "#F25D38",
"colorw": "#F25D38" 
},
{
 "id": "M1220.262T13.111",
"label": "M1220.262T13.111",
"size":       24,
"opacity":     0.61,
"fx":     66.5,
"fy":   -722.2,
"fz":  -457.42,
"origX":  0.03325,
"origY": -0.18888,
"origZ": -0.12871,
"seedArr": "notSeed",
"colorb": "#FBC483",
"colorw": "#FBC483" 
},
{
 "id": "M1236.757T13.113",
"label": "M1236.757T13.113",
"size":       24,
"opacity":     0.65,
"fx":  -285.46,
"fy":   -760.3,
"fz": -337.646,
"origX": -0.14273,
"origY": -0.20412,
"origZ": -0.068823,
"seedArr": "notSeed",
"colorb": "#F8A26A",
"colorw": "#F8A26A" 
},
{
 "id": "M1239.758T16.118",
"label": "M1239.758T16.118",
"size":       24,
"opacity":     0.59,
"fx":   45.422,
"fy": -543.375,
"fz":  -544.52,
"origX": 0.022711,
"origY": -0.11735,
"origZ": -0.17226,
"seedArr": "notSeed",
"colorb": "#FCD08B",
"colorw": "#FCD08B" 
},
{
 "id": "M1244.755T16.127",
"label": "M1244.755T16.127",
"size":       24,
"opacity":     0.54,
"fx": -102.412,
"fy": -39.6175,
"fz":  -483.96,
"origX": -0.051206,
"origY": 0.084153,
"origZ": -0.14198,
"seedArr": "notSeed",
"colorb": "#FEEDA2",
"colorw": "#FEEDA2" 
},
{
 "id": "M1279.087T13.111",
"label": "M1279.087T13.111",
"size":       24,
"opacity":     0.32,
"fx":  -57.496,
"fy": -305.3875,
"fz": -173.466,
"origX": -0.028748,
"origY": -0.022155,
"origZ": 0.013267,
"seedArr": "notSeed",
"colorb": "#FCF4DA",
"colorw": "#FCF4DA" 
},
{
 "id": "M1334.742T13.111",
"label": "M1334.742T13.111",
"size":       24,
"opacity":     0.35,
"fx":  -102.62,
"fy": -232.5797,
"fz": -140.092,
"origX": -0.05131,
"origY": 0.0069681,
"origZ": 0.029954,
"seedArr": "notSeed",
"colorb": "#FCF3D2",
"colorw": "#FCF3D2" 
},
{
 "id": "M1472.714T13.108",
"label": "M1472.714T13.108",
"size":       24,
"opacity":     0.45,
"fx":  -96.678,
"fy":  -298.81,
"fz":   -451.6,
"origX": -0.048339,
"origY": -0.019524,
"origZ":  -0.1258,
"seedArr": "notSeed",
"colorb": "#FDF0BA",
"colorw": "#FDF0BA" 
},
{
 "id": "M1610.426T13.113",
"label": "M1610.426T13.113",
"size":       24,
"opacity":     0.46,
"fx":   137.33,
"fy": -392.695,
"fz":    31.12,
"origX": 0.068665,
"origY": -0.057078,
"origZ":  0.11556,
"seedArr": "notSeed",
"colorb": "#FDEFB6",
"colorw": "#FDEFB6" 
},
{
 "id": "M1671.991T13.111",
"label": "M1671.991T13.111",
"size":       24,
"opacity":     0.51,
"fx":  195.288,
"fy":   -564.1,
"fz": -192.4278,
"origX": 0.097644,
"origY": -0.12564,
"origZ": 0.0037861,
"seedArr": "notSeed",
"colorb": "#FEEEAA",
"colorw": "#FEEEAA" 
},
{
 "id": "M1786.658T13.109",
"label": "M1786.658T13.109",
"size":       24,
"opacity":     0.33,
"fx":  -75.156,
"fy":  -341.03,
"fz": -198.9473,
"origX": -0.037578,
"origY": -0.036412,
"origZ": 0.00052637,
"seedArr": "notSeed",
"colorb": "#FCF3D6",
"colorw": "#FCF3D6" 
} 
],
"misc": "",
"ticks": {
 "x": [     -0.5,     -0.4,     -0.3,     -0.2,     -0.1,        0,      0.1,      0.2,      0.3,      0.4 ],
"y": [     -0.4,    -0.35,     -0.3,    -0.25,     -0.2,    -0.15,     -0.1,    -0.05,        0,     0.05,      0.1,     0.15,      0.2,     0.25 ],
"z": [    -0.25,     -0.2,    -0.15,     -0.1,    -0.05,        0,     0.05,      0.1,     0.15,      0.2 ] 
},
"ticksLoading": {
 "x": [     -0.5,     -0.4,     -0.3,     -0.2,     -0.1,        0,      0.1,      0.2,      0.3,      0.4,      0.5 ],
"y": [     -0.3,     -0.2,     -0.1,        0,      0.1,      0.2,      0.3,      0.4,      0.5 ],
"z": [     -0.4,     -0.3,     -0.2,     -0.1,        0,      0.1,      0.2,      0.3,      0.4,      0.5,      0.6 ] 
},
"axis": [ "PC1 (52.4%)", "PC2 (21.8%)", "PC3 (11.6%)" ],
"axisLoading": [ "Loading 1", "Loading 2", "Loading 3" ],
"metaCol": {
 "label": [ "con_12", "xvm_12" ],
"color": [ "#E6194B", "#3CB44B" ] 
} 
}