,FC,log2(FC),raw.pval,#NAME?
M289.12T769.482,4.8995,2.2926,7.69E-05,4.1138
M473.173T806.642,3.9531,1.983,0.0001168,3.9326
M1014.782T1351.411,2.9222,1.5471,0.00015344,3.8141
M674.842T67.64,3.4207,1.7743,0.00015728,3.8033
M615.195T761.983,4.1651,2.0583,0.00015938,3.7976
M238.069T801.926,6.6807,2.74,0.00018383,3.7356
M513.129T730.532,2.649,1.4054,0.00019465,3.7107
M1014.811T1344.847,2.8274,1.4995,0.00022682,3.6443
M847.188T757.14,3.589,1.8436,0.00025624,3.5914
M447.151T677.76,4.0222,2.008,0.00027586,3.5593
M631.833T319.717,3.7684,1.9139,0.00031478,3.502
M379.067T781.128,20.495,4.3572,0.00032002,3.4948
M402.053T876.272,15.425,3.9472,0.00032682,3.4857
M970.813T317.253,3.8771,1.955,0.00034257,3.4652
M463.02T875.074,33.695,5.0744,0.00037391,3.4272
M645.252T899.393,5.7006,2.5111,0.00038029,3.4199
M970.001T316.098,3.0216,1.5953,0.00042735,3.3692
M1030.642T1193.369,2.1986,1.1366,0.00043624,3.3603
M365.136T768.138,7.0893,2.8256,0.00043633,3.3602
M799.289T814.54,2.1448,1.1008,0.00049233,3.3077
M365.052T459.24,39.688,5.3106,0.0005155,3.2878
M505.029T765.672,7.0782,2.8234,0.00052218,3.2822
M398.263T1317.762,4.2681,2.0936,0.00055161,3.2584
M824.341T916.725,6.264,2.6471,0.00059552,3.2251
M365.528T823.98,42.562,5.4115,0.00059652,3.2244
M621.037T758.225,5.0775,2.3441,0.00059812,3.2232
M999.268T316.316,3.325,1.7333,0.00061524,3.211
M481.183T769.795,9.2388,3.2077,0.00062389,3.2049
M533.169T900.984,5.9218,2.566,0.00063862,3.1948
M653.783T316.318,2.7111,1.4389,0.0006398,3.194
M568.907T66.858,4.4923,2.1674,0.00066313,3.1784
M401.05T875.074,18.459,4.2063,0.00068084,3.167
M799.852T67.938,3.9618,1.9862,0.00068298,3.1656
M395.28T1470.273,6.0291,2.5919,0.00072233,3.1413
M380.071T778.258,28.306,4.8231,0.00073593,3.1332
M776.814T66.22,3.925,1.9727,0.00077068,3.1131
M472.886T66.482,2.973,1.5719,0.00077538,3.1105
M455.021T825.04,27.324,4.7721,0.00080313,3.0952
M821.606T900.199,9.6883,3.2762,0.00087409,3.0584
M642.242T817.768,4.0552,2.0198,0.00089138,3.0499
M658.83T67.591,3.878,1.9553,0.00092153,3.0355
M431.156T735.48,3.3699,1.7527,0.00092593,3.0334
M447.05T875.673,17.087,4.0949,0.00093507,3.0292
M1614.109T935.709,4.6411,2.2145,0.0010333,2.9858
M387.034T831.689,42.759,5.4181,0.0011025,2.9576
M469.036T876.272,68.345,6.0948,0.0011342,2.9453
M240.933T64.89,2.5165,1.3314,0.0011483,2.94
M641.302T1183.734,14.363,3.8443,0.0011738,2.9304
M508.215T930.69,3.5038,1.8089,0.0012112,2.9168
M341.088T439.204,3.3051,1.7247,0.0012242,2.9122
M433.039T456.919,74.59,6.2209,0.0012302,2.91
M469.095T760.602,3.26,1.7049,0.0012323,2.9093
M963.275T732.778,4.0739,2.0264,0.0012391,2.9069
M852.339T915.443,6.0406,2.5947,0.0013044,2.8846
M751.173T317.266,3.6001,1.848,0.0013152,2.881
M329.088T425.59,3.1053,1.6347,0.0013266,2.8772
M988.312T316.465,2.8595,1.5158,0.0013708,2.863
M180.067T785.272,8.8676,3.1485,0.0013859,2.8583
M702.255T837.404,5.9809,2.5804,0.0013934,2.8559
M373.167T930.605,4.2653,2.0927,0.0014325,2.8439
M778.832T66.858,4.2113,2.0743,0.0014629,2.8348
M653.752T320.843,2.7156,1.4413,0.001502,2.8233
M727.283T864.823,2.8245,1.498,0.001506,2.8222
M819.254T316.358,3.0665,1.6166,0.0016269,2.7886
M221.066T891.624,3.5281,1.8189,0.0016819,2.7742
M1197.439T886.215,6.4167,2.6818,0.0016897,2.7722
M531.009T876.272,38.888,5.2812,0.0017884,2.7475
M703.247T844.715,5.3585,2.4218,0.0017894,2.7473
M279.139T1150.344,294.62,8.2027,0.0018043,2.7437
M729.273T847.264,5.2557,2.3939,0.0018389,2.7355
M1053.272T316.465,3.56,1.8319,0.0018648,2.7294
M418.896T66.885,5.465,2.4502,0.0018934,2.7228
M347.091T1147.321,5.1091,2.3531,0.0019112,2.7187
M769.419T945.253,4.5762,2.1942,0.0019241,2.7158
M969.939T315.438,3.9119,1.9679,0.0019302,2.7144
M508.881T66.935,2.6426,1.402,0.0019437,2.7114
M397.074T474.916,3.4159,1.7723,0.0019782,2.7037
M521.224T935.29,4.0939,2.0335,0.0019901,2.7011
M544.284T936.329,2.8479,1.5099,0.0020133,2.6961
M631.863T318.629,3.3459,1.7424,0.002014,2.6959
M937.334T882.127,6.3753,2.6725,0.002033,2.6919
M429.504T310.912,3.8479,1.9441,0.0020556,2.6871
M875.467T1241.171,3.873,1.9534,0.0020592,2.6863
M449.004T832.738,38.744,5.2759,0.0021037,2.677
M982.374T904.236,7.2361,2.8552,0.0021213,2.6734
M643.245T933.361,5.2261,2.3857,0.0021522,2.6671
M509.218T928.864,4.0578,2.0207,0.0021574,2.6661
M399.165T851.906,3.8264,1.936,0.0022156,2.6545
M409.172T733.287,3.8469,1.9437,0.0022572,2.6464
M433.777T806.208,5.2481,2.3918,0.0022834,2.6414
M1087.412T876.684,4.4739,2.1615,0.0023053,2.6373
M1130.433T884.599,5.6056,2.4869,0.0023076,2.6368
M657.109T89.959,3.3847,1.759,0.0023191,2.6347
M1032.753T1226.13,2.9286,1.5502,0.0023291,2.6328
M1105.431T888.552,3.7281,1.8984,0.0023346,2.6318
M630.654T314.128,2.9733,1.5721,0.0023356,2.6316
M345.119T282.765,3.1339,1.648,0.0023713,2.625
M341.31T626.276,9.3486,3.2247,0.0024057,2.6188
M785.833T68.422,4.8414,2.2754,0.0024297,2.6144
M341.535T617.585,13.133,3.7151,0.0024447,2.6118
M421.069T767.549,6.9232,2.7914,0.0024609,2.6089
M461.152T871.999,4.345,2.1193,0.002463,2.6085
M1463.124T939.772,7.653,2.936,0.0024748,2.6065
M429.646T308.971,3.4994,1.8071,0.002511,2.6001
M549.174T847.493,4.6592,2.2201,0.0025162,2.5993
M564.929T1201.416,2.7318,1.4498,0.0025301,2.5969
M868.801T68.637,4.8018,2.2636,0.0025499,2.5935
M413.104T602.912,2.9951,1.5826,0.0025865,2.5873
M269.103T792.774,4.2295,2.0805,0.0026212,2.5815
M919.334T939.971,5.2129,2.3821,0.0026314,2.5798
M617.247T870.852,5.5369,2.4691,0.0026575,2.5755
M341.259T618.637,8.1278,3.0229,0.0027328,2.5634
M1117.54T932.512,5.3529,2.4203,0.0027414,2.562
M345.37T608.086,3.4589,1.7903,0.0027493,2.5608
M723.346T899.128,3.8322,1.9382,0.0027868,2.5549
M471.897T67.543,2.5459,1.3482,0.0028213,2.5495
M851.338T916.834,4.868,2.2833,0.0029305,2.5331
M487.212T857.117,5.4127,2.4363,0.0029371,2.5321
M991.316T318.206,3.0519,1.6097,0.0029942,2.5237
M319.076T917.392,23.894,4.5786,0.00304,2.5171
M548.179T817.387,5.218,2.3835,0.003054,2.5151
M968.386T889.852,5.4818,2.4547,0.0031012,2.5085
M449.202T630.506,3.1203,1.6417,0.003186,2.4968
M507.209T930.4,4.2084,2.0733,0.0031947,2.4956
M477.061T615.621,12.344,3.6257,0.0032359,2.49
M1323.386T316.247,3.1916,1.6743,0.0032424,2.4891
M428.2T856.891,6.4068,2.6796,0.003251,2.488
M732.876T67.374,6.5734,2.7166,0.0032687,2.4856
M255.115T921.266,3.4515,1.7872,0.0032769,2.4845
M473.173T881.847,5.2183,2.3836,0.0033188,2.479
M367.08T114.463,3.7696,1.9144,0.0033251,2.4782
M539.034T616.33,10.054,3.3297,0.0033411,2.4761
M485.063T759.194,2.718,1.4425,0.003366,2.4729
M743.317T783.373,4.6286,2.2106,0.0034452,2.4628
M1106.454T890.453,4.8679,2.2833,0.0034476,2.4625
M665.267T889.419,4.5325,2.1803,0.0034627,2.4606
M323.187T1016.246,3.668,1.875,0.0034729,2.4593
M1053.286T316.584,3.1194,1.6413,0.0034997,2.456
M306.936T1813.234,3.2437,1.6976,0.0035122,2.4544
M653.861T317.501,3.3091,1.7264,0.0035554,2.4491
M653.691T320.692,2.5695,1.3615,0.0035728,2.447
M1129.441T885.407,4.6051,2.2032,0.0036157,2.4418
M969.317T316.321,2.7995,1.4852,0.0036259,2.4406
M970.768T318.573,3.0782,1.6221,0.0036755,2.4347
M643.847T66.912,4.1858,2.0655,0.0037184,2.4296
M493.136T809.014,3.3115,1.7275,0.0037492,2.4261
M384.092T841.195,2.2788,1.1883,0.0037576,2.4251
M1005.392T917.562,4.7823,2.2577,0.0037606,2.4247
M357.108T784.337,5.3008,2.4062,0.0037804,2.4225
M469.208T948.545,5.5144,2.4632,0.0037864,2.4218
M281.07T709.104,3.7392,1.9027,0.0038821,2.4109
M1069.501T1402.821,3.8411,1.9415,0.0039862,2.3994
M1031.288T315.245,3.0852,1.6253,0.0040049,2.3974
M830.24T316.247,4.403,2.1385,0.0040109,2.3968
M870.649T1317.21,2.4264,1.2788,0.0040227,2.3955
M1037.324T316.098,3.2653,1.7072,0.0040487,2.3927
M537.08T758.19,3.289,1.7176,0.0040621,2.3912
M357.576T759.445,3.2096,1.6824,0.0040699,2.3904
M410.078T615.621,45.38,5.504,0.0040878,2.3885
M349.056T728.324,5.1325,2.3597,0.0040926,2.388
M643.245T813.714,3.7303,1.8993,0.0041376,2.3833
M576.861T67.042,3.5181,1.8148,0.0041503,2.3819
M345.082T140.774,4.7736,2.2551,0.0041638,2.3805
M767.194T317.413,3.4696,1.7947,0.004202,2.3765
M445.095T115.802,3.6021,1.8488,0.0042054,2.3762
M1035.367T890.845,6.068,2.6012,0.0042248,2.3742
M541.046T1246.429,2.1955,1.1345,0.0042446,2.3722
M433.038T831.69,20.749,4.375,0.0042562,2.371
M427.124T881.088,4.9043,2.294,0.0042571,2.3709
M344.844T1719.46,2.6322,1.3963,0.0042739,2.3692
M653.913T316.046,4.3389,2.1173,0.004275,2.3691
M407.9T66.13,2.3278,1.2189,0.0042908,2.3675
M923.402T931.508,9.1781,3.1982,0.0042928,2.3673
M443.191T791.98,3.7686,1.914,0.0043101,2.3655
M585.878T68.251,4.2509,2.0878,0.0043163,2.3649
M409.045T138.763,3.8301,1.9374,0.004317,2.3648
M969.321T316.442,2.9607,1.5659,0.0043379,2.3627
M445.207T780.093,4.9614,2.3107,0.0043419,2.3623
M322.969T105.104,3.1055,1.6348,0.0043586,2.3607
M915.823T68.606,5.2346,2.3881,0.0044223,2.3544
M456.925T66.979,2.7468,1.4578,0.0044241,2.3542
M561.217T921.818,4.9286,2.3012,0.004439,2.3527
M419.115T799.29,3.8618,1.9493,0.0044647,2.3502
M683.129T316.242,4.0324,2.0117,0.0045627,2.3408
M379.101T757.973,2.8729,1.5225,0.0046029,2.337
M489.058T766.222,9.0485,3.1777,0.0046063,2.3367
M1031.84T1213.333,2.9201,1.546,0.0046076,2.3365
M1045.593T1289.364,3.9164,1.9695,0.0046108,2.3362
M399.275T1363.391,4.8233,2.27,0.0046156,2.3358
M806.921T938.616,7.6134,2.9285,0.0046389,2.3336
M881.515T1351.787,3.5552,1.8299,0.0046574,2.3319
M741.841T67.938,2.1985,1.1365,0.0046638,2.3313
M871.351T913.248,5.1115,2.3538,0.0046898,2.3288
M630.879T67.545,4.7039,2.2339,0.0047043,2.3275
M585.15T892.945,4.7542,2.2492,0.0047492,2.3234
M375.129T729.569,2.878,1.5251,0.0047613,2.3223
M430.136T769.014,12.944,3.6942,0.0048036,2.3184
M621.052T106.9,3.9623,1.9863,0.0048092,2.3179
M549.147T750.744,4.8707,2.2841,0.0049338,2.3068
M316.427T318.614,4.1356,2.0481,0.0049427,2.306
M1014.419T974.744,10.472,3.3885,0.0049531,2.3051
M456.197T892.811,4.721,2.2391,0.0049821,2.3026
M173.008T106.871,4.4349,2.1489,0.0049858,2.3023
M593.922T852.299,5.9617,2.5757,0.0050018,2.3009
M349.057T865.046,6.8292,2.7717,0.0050052,2.3006
M204.085T413.719,71.058,6.1509,0.0050259,2.2988
M187.905T92.369,4.5479,2.1852,0.0050704,2.295
M277.129T811.716,3.8583,1.948,0.00511,2.2916
M609.153T789.212,5.2199,2.384,0.0051279,2.2901
M644.846T66.885,3.1184,1.6408,0.0051493,2.2882
M997.575T1403.78,3.344,1.7416,0.0051518,2.288
M1000.263T316.358,3.0695,1.618,0.0051619,2.2872
M823.337T914.416,6.2659,2.6475,0.0052766,2.2776
M180.971T1182.798,3.4168,1.7727,0.005292,2.2764
M313.093T320.692,3.327,1.7342,0.0053458,2.272
M474.881T66.41,2.5995,1.3782,0.0053572,2.2711
M669.182T316.584,3.2864,1.7165,0.005405,2.2672
M617.133T750.744,5.0251,2.3291,0.0054122,2.2666
M843.287T936.679,7.4538,2.898,0.0054495,2.2636
M685.228T857.881,6.3876,2.6753,0.0054533,2.2633
M289.056T250.757,2.7898,1.4802,0.0054675,2.2622
M644.248T900.496,8.0618,3.0111,0.0055217,2.2579
M789.663T1119.968,4.9362,2.3034,0.0055246,2.2577
M393.081T756.691,6.9142,2.7896,0.0055472,2.2559
M516.992T825.04,68.964,6.1078,0.0055703,2.2541
M356.995T88.504,6.0819,2.6045,0.0056178,2.2504
M728.88T67.591,6.9188,2.7905,0.0056874,2.2451
M1192.357T906.767,2.739,1.4537,0.0056908,2.2448
M626.185T785.506,3.812,1.9305,0.0057711,2.2387
M335.137T198.47,4.5979,2.201,0.0058118,2.2357
M483.183T857.732,5.672,2.5038,0.0058171,2.2353
M1031.347T966.014,5.471,2.4518,0.0059205,2.2276
M295.104T156.471,4.9225,2.2994,0.005958,2.2249
M759.145T875.232,11.273,3.4948,0.0059691,2.2241
M633.053T106.254,2.9069,1.5395,0.0060277,2.2198
M714.253T913.384,6.8467,2.7754,0.0060561,2.2178
M507.151T845.473,4.7291,2.2416,0.006099,2.2147
M293.118T1042.937,76.397,6.2554,0.0061494,2.2112
M426.882T91.046,2.6941,1.4298,0.0061723,2.2096
M395.189T761.387,4.9746,2.3146,0.0061766,2.2093
M264T169.106,3.2621,1.7058,0.0062066,2.2071
M445.135T747.805,4.4298,2.1472,0.0062285,2.2056
M524.183T892.811,3.6068,1.8507,0.0062425,2.2046
M799.191T949.166,5.4334,2.4419,0.0062481,2.2043
M688.263T861.089,9.2615,3.2112,0.0062642,2.2031
M353.228T471.773,4.9364,2.3035,0.0062737,2.2025
M518.153T824.178,4.2424,2.0849,0.0062755,2.2023
M653.935T315.929,3.5338,1.8212,0.0062849,2.2017
M709.31T874.193,6.4504,2.6894,0.0063391,2.198
M1224.522T894.229,4.1961,2.069,0.0063393,2.198
M351.085T316.423,3.5652,1.834,0.0064123,2.193
M1094.211T893.809,8.8073,3.1387,0.006432,2.1917
M367.103T818.837,5.8684,2.553,0.0064353,2.1914
M355.571T782.72,6.2386,2.6412,0.0064417,2.191
M365.143T832.741,19.148,4.2591,0.0064454,2.1908
M429.25T1071.941,4.2334,2.0818,0.00645,2.1904
M1611.697T937.933,32.362,5.0162,0.0064708,2.189
M329.089T195.942,2.8194,1.4954,0.0064867,2.188
M611.538T834.844,5.4326,2.4416,0.006613,2.1796
M895.304T938.238,8.6667,3.1155,0.0066142,2.1795
M884.8T66.979,6.7727,2.7597,0.0066175,2.1793
M475.187T823.258,7.6204,2.9299,0.0066733,2.1757
M327.108T784.235,4.1099,2.0391,0.0067148,2.173
M1243.514T983.057,5.3126,2.4094,0.0067283,2.1721
M485.178T783.442,3.4049,1.7676,0.0067385,2.1714
M341.465T625.973,10.627,3.4097,0.0067635,2.1698
M265.093T134.502,3.4729,1.7961,0.0068371,2.1651
M653.891T318.024,4.2409,2.0844,0.0068555,2.164
M362.298T315.255,4.3137,2.1089,0.006903,2.161
M951.343T881.927,4.9303,2.3017,0.006911,2.1605
M711.218T782.65,7.4927,2.9055,0.0069529,2.1578
M706.816T67.734,3.0033,1.5865,0.0069624,2.1572
M630.629T315.233,2.983,1.5768,0.0070195,2.1537
M385.188T793.619,3.8084,1.9292,0.0070421,2.1523
M593.545T851.652,3.8278,1.9365,0.0070512,2.1517
M1613.665T937.741,19.324,4.2723,0.0071637,2.1449
M251.019T152.27,4.021,2.0076,0.0071682,2.1446
M753.298T903.043,5.6912,2.5087,0.007181,2.1438
M1079.533T897.421,4.2842,2.099,0.0071959,2.1429
M351.13T801.057,4.182,2.0642,0.0072202,2.1415
M413.192T1370.63,2.4315,1.2818,0.007287,2.1375
M437.041T470.729,5.6549,2.4995,0.0073168,2.1357
M225.002T107.866,5.5533,2.4733,0.0073295,2.1349
M650.407T1378.088,7.2894,2.8658,0.007348,2.1338
M429.365T315.31,2.479,1.3097,0.0073649,2.1328
M266.946T113.686,3.8894,1.9596,0.0073928,2.1312
M626.824T67.188,2.0731,1.0518,0.0074008,2.1307
M649.026T106.128,3.7645,1.9124,0.0074176,2.1297
M454.144T914.383,8.8113,3.1394,0.0074352,2.1287
M812.842T69.273,4.5735,2.1933,0.007476,2.1263
M691.153T854.793,5.1885,2.3753,0.0074778,2.1262
M439.083T756.683,4.7283,2.2413,0.0074885,2.1256
M627.229T851.009,5.4261,2.4399,0.0074893,2.1256
M723.112T851.461,5.5176,2.464,0.0075223,2.1236
M343.102T681.368,2.3244,1.2168,0.0075289,2.1233
M437.044T765.875,5.4309,2.4412,0.0075577,2.1216
M655.655T928.688,3.4602,1.7909,0.007637,2.1171
M329.088T474.939,3.5212,1.8161,0.0076567,2.116
M1033.603T1229.397,2.6061,1.3819,0.0077681,2.1097
M921.374T936.829,7.9204,2.9856,0.0077775,2.1092
M333.109T769.719,6.4461,2.6884,0.0078068,2.1075
M632.783T316.499,2.8536,1.5128,0.0078266,2.1064
M409.075T617.585,10.357,3.3725,0.0078362,2.1059
M1044.425T908.907,8.2657,3.0471,0.0078664,2.1042
M501.195T803.697,4.1822,2.0643,0.0079112,2.1018
M405.177T839.252,3.9408,1.9785,0.0079121,2.1017
M701.333T69.273,3.6495,1.8677,0.0079289,2.1008
M1167.557T907.179,5.254,2.3934,0.007933,2.1006
M438.263T1164.917,3.7726,1.9156,0.0079339,2.1005
M333.06T88.804,7.503,2.9075,0.0079423,2.1001
M515.105T113.414,3.1547,1.6575,0.0079594,2.0991
M455.081T704.884,3.5681,1.8352,0.0079605,2.0991
M807.113T936.925,7.427,2.8928,0.0079625,2.099
M851.276T990.376,7.0229,2.8121,0.008019,2.0959
M313.094T115.286,2.4818,1.3114,0.0080362,2.0949
M320.919T92.078,6.5999,2.7224,0.0080564,2.0939
M633.572T315.643,2.8253,1.4984,0.0081457,2.0891
M387.02T108.554,3.1275,1.645,0.0082188,2.0852
M586.884T67.938,4.0994,2.0354,0.008246,2.0838
M425.103T1191.927,4.8847,2.2883,0.0082486,2.0836
M451.125T735.96,4.7927,2.2608,0.0082546,2.0833
M377.181T797.379,3.7352,1.9012,0.0083452,2.0786
M401.049T776.54,5.1073,2.3526,0.0084256,2.0744
M317.087T121.975,4.5549,2.1874,0.0084383,2.0737
M407.045T415.442,4.3247,2.1126,0.0084417,2.0736
M661.142T919.275,12.672,3.6636,0.0084426,2.0735
M937.388T970.431,5.1767,2.372,0.008458,2.0727
M238.892T97.993,4.9698,2.3132,0.0084606,2.0726
M540.867T1245.744,2.2852,1.1923,0.0084653,2.0724
M547.145T895.878,3.9115,1.9677,0.0084899,2.0711
M451.218T291.531,4.8544,2.2793,0.0084924,2.071
M447.222T1194.448,3.4165,1.7725,0.0085034,2.0704
M988.804T68.066,4.571,2.1925,0.0085059,2.0703
M457.19T799.683,3.6306,1.8602,0.0085122,2.07
M355.433T783.665,6.2689,2.6482,0.0085489,2.0681
M693.278T872.306,4.5228,2.1772,0.0085772,2.0667
M281.049T89.959,4.5535,2.187,0.0086012,2.0654
M1461.92T936.679,6.7792,2.7611,0.0086299,2.064
M632.847T316.374,3.7679,1.9138,0.0086635,2.0623
M246.886T1784.096,3.4527,1.7877,0.0087144,2.0598
M333.083T110.42,4.4461,2.1525,0.0087445,2.0583
M429.074T115.482,3.4192,1.7736,0.0087954,2.0557
M1109.422T909.522,7.4269,2.8928,0.0088381,2.0536
M567.171T792.05,3.7339,1.9007,0.0088776,2.0517
M600.854T66.846,3.1263,1.6445,0.0088826,2.0515
M708.241T861.396,7.2498,2.8579,0.008897,2.0508
M643.188T893.85,2.7517,1.4603,0.0088974,2.0507
M372.9T1734.569,3.4827,1.8002,0.0089725,2.0471
M354.093T469.671,5.8561,2.5499,0.0089936,2.0461
M964.359T921.966,15.262,3.9319,0.0090017,2.0457
M476.876T67.016,2.9028,1.5374,0.0090179,2.0449
M627.173T806.181,3.9192,1.9706,0.0090265,2.0445
M345.577T605.404,2.4748,1.3073,0.0090514,2.0433
M1035.397T978.889,5.8975,2.5601,0.0090696,2.0424
M889.313T902.886,6.6336,2.7298,0.0091389,2.0391
M651.317T893.83,3.1995,1.6778,0.0091711,2.0376
M609.054T106.871,4.299,2.104,0.0092057,2.0359
M811.459T986.188,4.7933,2.261,0.0092891,2.032
M1131.537T924.362,3.4377,1.7814,0.00938,2.0278
M768.448T1315.096,4.6054,2.2033,0.0093912,2.0273
M676.835T65.732,4.6935,2.2307,0.0094154,2.0262
M316.508T323.984,3.0063,1.588,0.0094221,2.0259
M795.27T865.806,4.0028,2.001,0.0094302,2.0255
M795.198T1006.041,5.9081,2.5627,0.0094603,2.0241
M664.226T813.714,4.9738,2.3143,0.0094927,2.0226
M529.154T821.794,4.2377,2.0833,0.0095069,2.022
M687.305T1181.604,11.189,3.4841,0.0095117,2.0217
M451.174T880.577,9.049,3.1778,0.0095718,2.019
M408.822T1801.685,4.5131,2.1741,0.0097086,2.0128
M836.743T1479.398,3.2863,1.7164,0.0097308,2.0119
M457.136T788.61,5.2539,2.3934,0.0097702,2.0101
M473.196T813.174,4.366,2.1263,0.0097989,2.0088
M919.493T1102.884,3.8032,1.9272,0.0098615,2.0061
M371.09T764.993,3.3187,1.7306,0.0098737,2.0055
M967.36T964.868,12.367,3.6284,0.0099675,2.0014
M359.061T194.361,3.7358,1.9014,0.0099763,2.001
M633.753T316.098,3.0281,1.5984,0.0099885,2.0005
M1162.522T896.44,3.1689,1.664,0.009991,2.0004
M492.868T66.13,2.5019,1.323,0.010003,1.9999
M641.167T774.439,4.5806,2.1955,0.010007,1.9997
M593.934T851.064,7.3883,2.8852,0.010015,1.9993
M413.081T316.361,3.5716,1.8366,0.010027,1.9988
M854.516T1290.85,3.3867,1.7599,0.010042,1.9982
M393.176T847.594,3.8241,1.9351,0.01008,1.9966
M415.086T168.579,4.1218,2.0433,0.010088,1.9962
M495.025T292.616,4.4595,2.1569,0.010137,1.9941
M387.165T771.864,3.9145,1.9688,0.010141,1.9939
M593.686T850.456,7.1683,2.8416,0.010203,1.9913
M547.234T852.079,4.5515,2.1863,0.010212,1.9909
M293.177T1099.499,4.124,2.044,0.010223,1.9904
M433.661T789.942,3.401,1.7659,0.010265,1.9887
M1323.575T889.628,4.4874,2.1659,0.01027,1.9884
M1132.537T923.907,3.9701,1.9892,0.010318,1.9864
M467.051T320.771,5.2743,2.399,0.010338,1.9856
M297.119T136.686,4.424,2.1454,0.010345,1.9853
M511.24T944.134,3.8271,1.9363,0.01036,1.9846
M562.835T1148.266,2.5456,1.348,0.010393,1.9832
M471.046T618.546,22.078,4.4646,0.010455,1.9807
M1015.586T1347.819,3.443,1.7836,0.010475,1.9798
M657.832T67.374,3.1491,1.6549,0.010518,1.9781
M471.152T726.342,6.012,2.5878,0.010529,1.9776
M361.323T326.759,8.1165,3.0209,0.010557,1.9765
M483.129T913.248,10.3,3.3646,0.010599,1.9747
M1143.444T941.11,6.9665,2.8004,0.010617,1.974
M206.081T834.983,54.776,5.7755,0.010661,1.9722
M529.184T941.182,12.636,3.6595,0.010662,1.9722
M445.037T424.564,3.0912,1.6282,0.010724,1.9697
M269.05T89.726,4.691,2.2299,0.010728,1.9695
M822.313T886.782,8.0271,3.0049,0.010767,1.9679
M1103.384T928.554,4.6277,2.2103,0.010803,1.9664
M1201.918T909.936,3.9268,1.9733,0.01082,1.9658
M1063.398T908.83,6.3639,2.6699,0.010855,1.9644
M344.099T126.621,3.8167,1.9323,0.010898,1.9626
M433.376T793.769,4.906,2.2945,0.010928,1.9615
M361.589T316.501,3.4836,1.8006,0.010949,1.9606
M1013.583T1347.533,3.4639,1.7924,0.010986,1.9592
M1097.514T1402.931,3.5281,1.8189,0.011006,1.9584
M519.896T67.425,2.9021,1.5371,0.01106,1.9562
M375.104T216.821,4.6091,2.2045,0.011085,1.9553
M375.07T470.729,5.757,2.5253,0.011088,1.9552
M990.329T838.789,9.0936,3.1848,0.011096,1.9548
M483.209T897.853,3.9372,1.9772,0.011102,1.9546
M139.002T112.479,3.6668,1.8745,0.011114,1.9541
M383.555T317.319,3.5887,1.8434,0.011124,1.9538
M745.161T766.586,4.906,2.2946,0.011168,1.952
M397.259T1311.545,4.3211,2.1114,0.011174,1.9518
M698.26T899.18,7.7628,2.9566,0.01129,1.9473
M1390.547T1005.094,2.5149,1.3305,0.011353,1.9449
M575.708T1045.732,2.9609,1.5661,0.011418,1.9424
M447.259T942.596,4.7039,2.2339,0.011465,1.9406
M1130.437T924.326,9.6491,3.2704,0.011466,1.9406
M444.872T67.426,2.6391,1.4001,0.011494,1.9395
M645.848T67.545,2.6806,1.4225,0.011529,1.9382
M328.886T98.013,3.9957,1.9985,0.011554,1.9373
M429.141T889.195,5.8457,2.5474,0.011578,1.9364
M1363.57T899.951,5.5524,2.4731,0.011619,1.9348
M243.065T108.531,3.4368,1.7811,0.011667,1.933
M470.098T771.956,4.1698,2.06,0.011687,1.9323
M1085.513T1348.399,3.6977,1.8866,0.011725,1.9309
M1013.86T1346.532,4.0174,2.0062,0.011728,1.9308
M581.283T805.632,4.2162,2.0759,0.01173,1.9307
M950.337T882.881,7.9391,2.989,0.01179,1.9285
M998.841T1404.514,3.7075,1.8904,0.011792,1.9284
M807.744T937.741,6.5661,2.715,0.011812,1.9277
M941.317T938.576,8.8061,3.1385,0.011902,1.9244
M1130.454T886.215,6.5353,2.7083,0.011915,1.9239
M354.957T108.842,4.0114,2.0041,0.011917,1.9238
M601.172T845.875,3.9786,1.9923,0.011929,1.9234
M1014.585T1348.471,3.5458,1.8261,0.011941,1.923
M885.489T1408.277,4.8558,2.2797,0.011942,1.9229
M1305.428T315.265,2.7196,1.4434,0.011982,1.9215
M310.974T92.682,6.9493,2.7969,0.012023,1.92
M565.23T844.341,3.2546,1.7025,0.01205,1.919
M621.125T857.148,5.1398,2.3617,0.012053,1.9189
M333.062T954.304,11.155,3.4797,0.012065,1.9185
M671.034T89.795,3.2722,1.7102,0.012114,1.9167
M1031.899T1225.646,2.1638,1.1135,0.012117,1.9166
M503.143T589.731,6.5083,2.7023,0.012159,1.9151
M567.333T903.822,4.2245,2.0788,0.012163,1.915
M272.963T113.946,3.8425,1.9421,0.012224,1.9128
M1097.037T893.528,6.2135,2.6354,0.012227,1.9127
M1007.373T920.82,5.5356,2.4687,0.01223,1.9126
M353.181T807.324,5.048,2.3357,0.012239,1.9123
M497.175T1191.749,2.8071,1.4891,0.012288,1.9105
M1095.872T896.96,6.0572,2.5986,0.012305,1.9099
M481.183T807.444,5.7445,2.5222,0.012312,1.9097
M285.909T1803.837,3.626,1.8584,0.012323,1.9093
M385.113T835.894,6.5612,2.7139,0.012368,1.9077
M807.007T938.915,8.6446,3.1118,0.012418,1.906
M998.861T1404.179,3.9571,1.9844,0.012498,1.9032
M581.318T900.123,3.3764,1.7555,0.012545,1.9015
M857.325T1034.658,15.314,3.9368,0.012551,1.9013
M401.144T790.222,5.1408,2.362,0.012588,1.9001
M437.065T776.272,3.2206,1.6873,0.012589,1.9
M413.179T861.909,26.745,4.7412,0.012619,1.899
M1071.559T892.477,4.7798,2.2569,0.012687,1.8967
M311.186T1077.614,4.4518,2.1544,0.012778,1.8935
M293.177T1149.195,4.7604,2.2511,0.012789,1.8932
M1143.426T942.716,6.6689,2.7374,0.012812,1.8924
M442.938T91.386,2.723,1.4452,0.01287,1.8904
M413.108T298.268,3.1613,1.6605,0.012921,1.8887
M409.002T109.878,3.5119,1.8123,0.012936,1.8882
M1095.906T894.31,6.9659,2.8003,0.012971,1.887
M384.097T310.658,3.599,1.8476,0.012998,1.8861
M676.309T1245.665,2.5919,1.374,0.013021,1.8853
M402.187T763.436,4.3756,2.1295,0.013083,1.8833
M657.063T941.851,4.0206,2.0074,0.013125,1.8819
M383.609T322.831,3.6294,1.8597,0.013138,1.8815
M781.183T974.609,10.421,3.3814,0.013171,1.8804
M695.298T853.355,5.4786,2.4538,0.013173,1.8803
M731.208T950.406,3.5623,1.8328,0.013247,1.8779
M712.22T783.012,8.654,3.1134,0.013359,1.8742
M487.016T806.181,4.0168,2.006,0.013364,1.8741
M1432.595T1048.493,8.5159,3.0902,0.013399,1.8729
M593.926T757.244,7.7109,2.9469,0.01345,1.8713
M947.485T901.595,5.8682,2.5529,0.013512,1.8693
M951.397T1014.118,7.9512,2.9912,0.013548,1.8681
M1323.606T888.291,5.5181,2.4642,0.013562,1.8677
M472.901T67.482,3.9418,1.9789,0.013601,1.8664
M647.193T836.421,6.5498,2.7115,0.01374,1.862
M319.083T845.914,4.2797,2.0975,0.013747,1.8618
M615.152T88.13,3.5646,1.8337,0.013747,1.8618
M475.146T746.942,5.8393,2.5458,0.013786,1.8606
M941.306T938.915,8.3749,3.0661,0.013888,1.8574
M771.203T760.252,3.8736,1.9537,0.013954,1.8553
M864.188T806.912,4.2756,2.0961,0.013956,1.8552
M548.979T106.308,4.0657,2.0235,0.013998,1.8539
M1144.448T942.538,7.0078,2.809,0.014026,1.8531
M679.277T1051.577,8.8607,3.1474,0.014095,1.8509
M649.302T900.549,3.6768,1.8784,0.014169,1.8487
M848.315T857.496,6.7007,2.7443,0.014182,1.8483
M366.994T111.318,3.9135,1.9685,0.014212,1.8473
M673.289T892.945,3.9938,1.9978,0.014241,1.8465
M1136.99T908.053,3.4487,1.7861,0.014273,1.8455
M369.388T763.979,3.3558,1.7467,0.014276,1.8454
M642.302T1183.207,10.556,3.4,0.014292,1.8449
M632.663T319.55,3.111,1.6374,0.014309,1.8444
M467.156T971.498,3.9451,1.9801,0.014325,1.8439
M551.272T837.928,4.6979,2.232,0.014333,1.8437
M771.369T883.552,2.1502,1.1045,0.014377,1.8423
M755.7T809.167,3.7839,1.9199,0.014429,1.8408
M524.849T67.744,2.0298,1.0213,0.014451,1.8401
M331.103T255.151,3.798,1.9252,0.014489,1.839
M806.073T940.272,5.9378,2.5699,0.014494,1.8388
M1308.932T316.358,2.6472,1.4045,0.014532,1.8377
M455.193T892.238,5.5292,2.4671,0.014553,1.837
M619.26T816.529,3.5519,1.8286,0.014637,1.8346
M1308.415T315.705,2.5265,1.3372,0.014637,1.8345
M359.123T830.487,4.5659,2.1909,0.014713,1.8323
M481.224T887.168,2.8034,1.4872,0.01475,1.8312
M559.276T958.275,5.9603,2.5754,0.014757,1.831
M553.051T758.396,3.3311,1.736,0.014787,1.8301
M705.205T926.435,4.9002,2.2928,0.014814,1.8293
M325.2T1323.486,2.5133,1.3296,0.014887,1.8272
M569.91T66.858,7.0484,2.8173,0.014896,1.8269
M417.177T763.775,4.3939,2.1355,0.014977,1.8246
M503.126T874.193,4.9134,2.2967,0.01499,1.8242
M927.368T972.44,4.3408,2.118,0.014998,1.824
M336.86T96.244,3.2546,1.7025,0.015189,1.8185
M1176.528T983.06,8.6266,3.1088,0.015234,1.8172
M385.113T791.317,3.095,1.6299,0.015276,1.816
M967.561T1349.704,4.0397,2.0142,0.015301,1.8153
M872.81T67.519,14.323,3.8403,0.015312,1.815
M657.266T958.998,3.2701,1.7094,0.015329,1.8145
M851.154T319.552,3.2764,1.7121,0.015382,1.813
M626.212T761.224,3.5506,1.828,0.015412,1.8122
M821.506T1329.663,4.4143,2.1422,0.015483,1.8101
M759.826T66.885,9.2942,3.2163,0.015486,1.8101
M863.184T809.21,4.0502,2.018,0.015491,1.8099
M316.385T321.843,3.4227,1.7751,0.015498,1.8097
M443.193T725.675,3.6197,1.8559,0.015544,1.8084
M654.008T318.692,3.9421,1.979,0.015564,1.8079
M415.744T872.34,3.6053,1.8501,0.015564,1.8079
M493.23T921.818,4.346,2.1197,0.015629,1.8061
M562.892T1151.046,2.1113,1.0781,0.015713,1.8037
M969.813T316.499,2.3904,1.2572,0.015732,1.8032
M727.414T1292.189,2.8711,1.5216,0.015734,1.8032
M861.166T878.352,4.368,2.127,0.015795,1.8015
M985.784T316.247,2.93,1.5509,0.015808,1.8011
M427.038T293.27,4.1451,2.0514,0.015838,1.8003
M397.075T138.684,3.8635,1.9499,0.015928,1.7978
M809.433T1339.33,3.66,1.8718,0.015959,1.797
M399.092T115.22,3.3695,1.7525,0.016003,1.7958
M340.859T1719.351,3.97,1.9891,0.016031,1.795
M1255.613T888.434,4.4725,2.1611,0.016042,1.7948
M613.774T885.363,3.7329,1.9003,0.016059,1.7943
M433.122T384.02,4.3955,2.136,0.016096,1.7933
M968.4T974.568,8.7793,3.1341,0.016116,1.7928
M318.143T1501.634,3.6508,1.8682,0.016149,1.7919
M808.342T938.944,7.5327,2.9132,0.016157,1.7916
M555.17T790.902,4.3728,2.1286,0.016207,1.7903
M309.119T137.634,4.6087,2.2044,0.016243,1.7893
M434.871T1737.903,3.7937,1.9236,0.016293,1.788
M609.959T835.516,6.0722,2.6022,0.016344,1.7867
M815.832T67.938,15.425,3.9472,0.016349,1.7865
M287.077T663.979,2.7689,1.4693,0.016366,1.7861
M392.068T765.784,3.36,1.7485,0.016443,1.784
M587.201T848.147,5.0621,2.3397,0.016459,1.7836
M383.058T256.181,8.5686,3.0991,0.016536,1.7816
M413.167T733.785,3.047,1.6074,0.016615,1.7795
M447.152T782.273,4.1705,2.0602,0.016654,1.7785
M784.154T761.471,3.9227,1.9719,0.016713,1.777
M971.627T318.415,2.8703,1.5212,0.016841,1.7736
M942.309T937.647,10.042,3.328,0.016846,1.7735
M836.522T1479.692,3.938,1.9775,0.016852,1.7734
M721.31T972.44,4.9005,2.2929,0.016861,1.7731
M333.926T91.902,4.6162,2.2067,0.016897,1.7722
M343.103T489.112,3.4179,1.7731,0.016907,1.7719
M359.098T671.316,3.9183,1.9702,0.016947,1.7709
M633.697T313.008,5.8713,2.5537,0.017027,1.7689
M438.049T766.588,4.713,2.2366,0.017027,1.7689
M451.007T107.467,2.9965,1.5833,0.017071,1.7677
M765.729T983.05,4.8505,2.2781,0.017075,1.7676
M701.195T940.853,5.175,2.3716,0.017086,1.7674
M950.342T882.081,6.1212,2.6138,0.017098,1.767
M698.988T986.183,4.3892,2.1339,0.017261,1.7629
M700.328T66.684,3.6309,1.8603,0.017289,1.7622
M974.806T67.938,8.7952,3.1367,0.017377,1.76
M334.932T113.331,3.3659,1.751,0.017382,1.7599
M1095.84T892.791,8.0647,3.0116,0.017405,1.7593
M459.149T771.729,3.975,1.991,0.017412,1.7592
M809.324T904.082,5.0128,2.3256,0.017422,1.7589
M287.076T110.312,3.2501,1.7005,0.017457,1.758
M475.366T1425.395,7.308,2.8695,0.017468,1.7578
M702.25T942.066,3.821,1.934,0.01753,1.7562
M280.987T110.997,3.776,1.9169,0.017564,1.7554
M1057.411T880.24,5.5743,2.4788,0.017602,1.7544
M483.178T941.182,3.7532,1.9081,0.017606,1.7543
M513.235T964.262,4.1337,2.0474,0.017746,1.7509
M517.897T66.885,10.827,3.4365,0.017749,1.7508
M893.38T934.735,8.063,3.0113,0.01786,1.7481
M460.969T105.772,4.8474,2.2772,0.017868,1.7479
M735.437T1351.512,3.5323,1.8206,0.017944,1.7461
M241.108T881.116,4.7024,2.2334,0.018025,1.7441
M425.046T798.077,6.6683,2.7373,0.018032,1.7439
M530.968T106.005,3.7983,1.9254,0.018123,1.7418
M309.118T727.508,5.4004,2.4331,0.018207,1.7398
M807.166T938.699,6.9954,2.8064,0.018281,1.738
M665.182T815.828,5.6237,2.4915,0.01832,1.7371
M1296.442T316.362,2.5395,1.3446,0.018366,1.736
M613.564T887.981,3.0018,1.5858,0.018398,1.7352
M461.037T823.98,8.8052,3.1384,0.018413,1.7349
M383.433T314.152,3.2084,1.6819,0.018531,1.7321
M545.298T995.647,3.3018,1.7233,0.018557,1.7315
M331.068T223.104,8.0497,3.0089,0.018586,1.7308
M985.574T1225.672,2.4378,1.2856,0.0186,1.7305
M911.26T1004.032,7.6681,2.9389,0.018606,1.7304
M1095.01T894.541,2.8192,1.4953,0.018637,1.7296
M429.387T309.562,3.9005,1.9637,0.018801,1.7258
M527.309T1189.176,2.5091,1.3272,0.018832,1.7251
M559.066T758.189,4.2859,2.0996,0.018864,1.7244
M924.351T839.79,7.1324,2.8344,0.018905,1.7234
M555.158T835.854,5.2663,2.3968,0.018946,1.7225
M747.22T952.211,4.6488,2.2169,0.01897,1.7219
M967.394T924.933,4.1235,2.0439,0.019055,1.72
M661.253T876.035,3.8211,1.934,0.019063,1.7198
M377.049T427.197,3.2841,1.7155,0.019083,1.7194
M1297.451T316.098,2.7423,1.4554,0.019116,1.7186
M549.205T845.853,4.6785,2.226,0.0192,1.7167
M323.019T128.103,3.3843,1.7589,0.019213,1.7164
M353.082T316.368,3.4374,1.7813,0.019237,1.7159
M870.702T1303.064,3.0755,1.6208,0.019274,1.715
M395.048T106.9,4.7314,2.2423,0.019392,1.7124
M491.126T414.484,4.346,2.1197,0.019446,1.7112
M485.168T916.74,3.9805,1.993,0.019486,1.7103
M696.3T853.355,6.6283,2.7286,0.019517,1.7096
M522.878T65.745,3.1357,1.6488,0.019611,1.7075
M850.805T68.208,2.729,1.4484,0.019642,1.7068
M1296.901T900.549,4.3415,2.1182,0.019786,1.7036
M433.351T780.04,5.741,2.5213,0.019842,1.7024
M497.261T974.778,4.3328,2.1153,0.019902,1.7011
M643.851T67.124,6.8469,2.7755,0.019905,1.701
M415.161T821.344,3.2867,1.7167,0.019934,1.7004
M559.04T89.345,3.7913,1.9227,0.019996,1.6991
M758.447T1173.243,4.1847,2.0651,0.020069,1.6975
M206.988T126.118,3.1296,1.646,0.020254,1.6935
M465.141T849.089,3.5795,1.8397,0.020282,1.6929
M1099.581T1224.487,2.8815,1.5268,0.020335,1.6917
M655.189T778.866,4.3189,2.1107,0.02037,1.691
M1008.375T923.099,6.2437,2.6424,0.020391,1.6906
M772.809T66.771,8.832,3.1427,0.020638,1.6853
M1204.491T868.846,2.28,1.189,0.020642,1.6853
M890.319T900.562,5.4922,2.4574,0.020773,1.6825
M775.338T1039.594,12.261,3.616,0.020919,1.6795
M613.854T887.38,3.1458,1.6534,0.020968,1.6784
M263.13T940.795,3.3657,1.7509,0.020998,1.6778
M455.081T744.378,4.5899,2.1984,0.020999,1.6778
M983.568T1252.43,5.2732,2.3987,0.021002,1.6777
M1071.439T878.893,5.2862,2.4022,0.021056,1.6766
M409.075T744.412,3.9688,1.9887,0.021218,1.6733
M654.601T316.399,3.2294,1.6913,0.021352,1.6706
M289.084T863.831,4.1026,2.0366,0.021365,1.6703
M538.221T942.724,5.8904,2.5584,0.021545,1.6667
M369.569T765.536,2.8085,1.4898,0.02157,1.6661
M771.83T66.444,5.8908,2.5585,0.021655,1.6644
M1333.355T942.499,3.4276,1.7772,0.021785,1.6618
M578.43T1675.044,3.1833,1.6705,0.021872,1.6601
M289.086T1163.856,3.5884,1.8433,0.021879,1.66
M715.427T310.719,3.9867,1.9952,0.021904,1.6595
M688.854T66.858,9.0286,3.1745,0.021948,1.6586
M699.004T983.059,5.4894,2.4566,0.021957,1.6584
M559.728T1193.65,4.0752,2.0269,0.021997,1.6576
M354.093T750.969,3.8661,1.9509,0.022022,1.6571
M453.099T792.789,3.093,1.629,0.022077,1.6561
M447.959T106.92,5.5768,2.4794,0.02209,1.6558
M421.636T753.774,6.1323,2.6164,0.022137,1.6549
M289.886T1868.955,4.1346,2.0478,0.022185,1.6539
M313.275T1417.53,3.0245,1.5967,0.022226,1.6531
M387.346T67.938,2.7886,1.4795,0.022264,1.6524
M851.819T1425.446,5.1858,2.3746,0.022297,1.6518
M418.894T1736.453,4.6497,2.2171,0.022327,1.6512
M656.833T67.115,6.5,2.7004,0.022454,1.6487
M1048.557T894.929,4.7791,2.2567,0.022675,1.6445
M1331.507T909.803,3.688,1.8828,0.022717,1.6437
M543.282T933.008,2.6019,1.3796,0.022758,1.6429
M632.993T321.252,3.1766,1.6675,0.022775,1.6425
M466.978T106.664,2.7877,1.4791,0.022911,1.64
M281.069T746.743,3.5507,1.8281,0.022974,1.6388
M735.222T927.83,5.8785,2.5554,0.023032,1.6377
M1097.549T894.492,4.4524,2.1546,0.023034,1.6376
M310.969T105.491,4.2625,2.0917,0.023056,1.6372
M475.877T67.555,2.6109,1.3846,0.023111,1.6362
M459.959T106.348,3.2948,1.7202,0.023117,1.6361
M806.978T940.468,6.3473,2.6661,0.023294,1.6328
M869.849T1307.413,3.4569,1.7895,0.023339,1.6319
M435.217T805.716,3.867,1.9512,0.02334,1.6319
M631.877T67.938,5.0926,2.3484,0.023347,1.6318
M269.15T1584.952,3.1375,1.6496,0.023586,1.6274
M861.253T1033.436,23.977,4.5836,0.023663,1.6259
M377.162T1630.7,3.9095,1.967,0.023718,1.6249
M1223.501T894.767,4.7546,2.2493,0.023781,1.6238
M399.065T319.722,5.8044,2.5371,0.0238,1.6234
M286.972T107.919,3.1421,1.6517,0.023816,1.6231
M439.009T107.459,4.122,2.0434,0.023879,1.622
M338.938T105.668,3.8163,1.9322,0.023888,1.6218
M637.025T106.841,2.994,1.5821,0.023925,1.6211
M833.365T968.818,7.1508,2.8381,0.024063,1.6187
M863.373T951.624,4.5993,2.2014,0.024185,1.6165
M715.392T322.783,5.3611,2.4225,0.02419,1.6164
M1009.607T1323.757,3.136,1.6489,0.024195,1.6163
M486.878T66.684,2.0316,1.0226,0.024233,1.6156
M341.088T304.64,4.7446,2.2463,0.024404,1.6125
M292.14T116.338,4.5119,2.1737,0.024458,1.6116
M405.167T106.416,5.7713,2.5289,0.024553,1.6099
M728.269T963.544,7.4739,2.9019,0.024569,1.6096
M613.983T886.617,2.8893,1.5307,0.024588,1.6093
M697.905T994.286,5.9804,2.5802,0.024595,1.6092
M267.196T1364.412,2.4558,1.2962,0.024642,1.6083
M1042.422T909.151,4.6076,2.204,0.024839,1.6049
M521.022T764.729,3.4262,1.7766,0.02485,1.6047
M260.967T89.826,8.3298,3.0583,0.024895,1.6039
M621.221T884.304,3.6995,1.8873,0.025042,1.6013
M203.083T418.775,7.962,2.9931,0.025131,1.5998
M204.975T113.721,3.1993,1.6778,0.025353,1.596
M311.138T170.155,4.1422,2.0504,0.025368,1.5957
M494.233T920.795,3.7848,1.9202,0.025372,1.5957
M274.971T109.977,4.862,2.2816,0.025756,1.5891
M941.508T1318.851,3.2566,1.7034,0.025765,1.589
M611.147T106.977,3.5513,1.8284,0.025818,1.5881
M593.763T756.056,5.156,2.3663,0.025927,1.5863
M454.975T107.571,4.2704,2.0944,0.025942,1.586
M957.374T926.518,5.5468,2.4717,0.026107,1.5832
M655.873T943.419,4.9761,2.315,0.026169,1.5822
M661.226T856.483,5.1402,2.3618,0.026259,1.5807
M610.849T834.902,5.3035,2.4069,0.02631,1.5799
M557.187T899.436,2.2466,1.1678,0.026456,1.5775
M943.39T965.159,5.3899,2.4303,0.026604,1.575
M572.874T67.143,3.5239,1.8172,0.02669,1.5736
M333.062T883.084,7.3961,2.8868,0.026699,1.5735
M401.18T764.21,3.3936,1.7628,0.026835,1.5713
M1039.403T917.165,6.5844,2.719,0.026963,1.5692
M478.295T1238.56,2.1409,1.0982,0.027094,1.5671
M885.822T66.912,6.8736,2.7811,0.027138,1.5664
M1036.399T977.849,5.7978,2.5355,0.027302,1.5638
M299.259T1433.689,3.9093,1.9669,0.027453,1.5614
M531.078T845.355,4.5175,2.1755,0.027468,1.5612
M596.277T932.512,2.0941,1.0663,0.027665,1.5581
M1125.418T877.844,4.6217,2.2084,0.027731,1.557
M569.181T807.905,3.4717,1.7956,0.027867,1.5549
M505.902T66.721,5.9846,2.5813,0.027933,1.5539
M494.168T786.301,4.6052,2.2033,0.028114,1.5511
M479.19T902.518,2.7829,1.4766,0.028178,1.5501
M851.794T1356.146,2.7229,1.4452,0.028184,1.55
M418.218T902.438,4.2685,2.0937,0.028198,1.5498
M315.108T761.986,4.263,2.0919,0.028206,1.5497
M695.12T755.765,4.7433,2.2459,0.028211,1.5496
M579.151T798.32,5.3413,2.4172,0.028254,1.5489
M429.121T110.997,3.5167,1.8142,0.028273,1.5486
M413.091T89.817,2.8865,1.5293,0.028295,1.5483
M433.784T801.352,3.6187,1.8555,0.028388,1.5469
M590.015T907.684,3.6224,1.8569,0.028434,1.5462
M969.4T973.77,6.7691,2.759,0.028461,1.5458
M349.072T1165.294,3.6673,1.8747,0.028481,1.5454
M999.727T1404.686,2.868,1.52,0.028628,1.5432
M697.753T1005.082,3.6786,1.8792,0.028762,1.5412
M593.709T851.665,4.2582,2.0902,0.028975,1.538
M279.164T1571.945,3.7335,1.9005,0.029025,1.5372
M379.565T877.71,32.476,5.0213,0.029084,1.5363
M311.065T863.883,3.4744,1.7968,0.029097,1.5362
M1209.581T888.373,3.66,1.8718,0.029247,1.5339
M469.019T418.674,4.1517,2.0537,0.029295,1.5332
M553.164T782.325,3.5739,1.8375,0.029301,1.5331
M1094.293T897.844,4.6984,2.2322,0.029335,1.5326
M701.418T1268.098,3.4852,1.8012,0.029564,1.5292
M579.301T894.416,2.6021,1.3797,0.029575,1.5291
M806.159T933.966,7.0744,2.8226,0.029587,1.5289
M339.058T415.891,5.967,2.577,0.029706,1.5272
M625.024T106.841,4.4463,2.1526,0.029808,1.5257
M909.388T926.435,7.5576,2.9179,0.029842,1.5252
M355.067T660.488,2.944,1.5578,0.029849,1.5251
M695.289T1193.403,3.4656,1.7931,0.029968,1.5233
M401.027T415.826,6.613,2.7253,0.030001,1.5229
M824.816T67.434,4.8012,2.2634,0.030058,1.522
M293.179T1541.097,3.7758,1.9168,0.030106,1.5213
M260.048T118.657,5.8838,2.5568,0.03014,1.5209
M405.08T802.267,3.5219,1.8164,0.030173,1.5204
M427.009T107.872,3.9181,1.9701,0.030206,1.5199
M611.22T783.374,4.0415,2.0149,0.030251,1.5193
M477.088T1628.76,3.2796,1.7135,0.030444,1.5165
M1043.424T909.662,3.6704,1.876,0.030646,1.5136
M182.994T112.283,3.4456,1.7847,0.030688,1.513
M653.717T312.26,2.0881,1.0622,0.03074,1.5123
M431.759T791.911,4.2447,2.0857,0.03079,1.5116
M463.182T861.112,2.979,1.5748,0.031049,1.508
M911.268T936.747,7.2301,2.854,0.031138,1.5067
M322.871T96.154,3.2303,1.6917,0.031154,1.5065
M203.204T105.674,3.7538,1.9084,0.031241,1.5053
M465.105T746.988,4.5722,2.1929,0.031307,1.5044
M1462.52T939.973,6.1356,2.6172,0.03137,1.5035
M292.991T104.104,4.7948,2.2615,0.031403,1.503
M441.162T763.637,3.4441,1.7841,0.031433,1.5026
M418.974T1483.997,3.8658,1.9508,0.03155,1.501
M1193.356T907.422,4.0531,2.019,0.031576,1.5006
M942.469T1308.469,3.4692,1.7946,0.031653,1.4996
M937.515T1306.76,3.4098,1.7697,0.031665,1.4994
M1009.386T967.414,5.6698,2.5033,0.031716,1.4987
M305.082T1122.457,3.8265,1.936,0.03184,1.497
M417.764T850.924,3.6016,1.8486,0.031868,1.4966
M726.808T67.734,3.013,1.5912,0.032195,1.4922
M443.058T752.856,3.5996,1.8478,0.032245,1.4915
M886.794T67.143,11.111,3.4739,0.03232,1.4905
M1009.554T1308.282,2.9244,1.5482,0.032374,1.4898
M625.178T776.712,3.8451,1.943,0.03242,1.4892
M573.017T749.518,4.2467,2.0863,0.032583,1.487
M321.216T1624.59,3.592,1.8448,0.032641,1.4862
M921.12T945.55,2.9364,1.554,0.032647,1.4862
M1263.489T907.902,2.9403,1.5559,0.032845,1.4835
M353.052T831.694,3.9796,1.9926,0.033032,1.4811
M1229.54T895.369,4.709,2.2354,0.033034,1.481
M209.961T64.78,2.101,1.0711,0.033143,1.4796
M359.022T90.408,4.4955,2.1685,0.033336,1.4771
M577.137T781.037,6.5169,2.7042,0.03334,1.477
M429.486T320.767,3.2664,1.7077,0.033608,1.4736
M773.211T817.036,2.318,1.2129,0.033773,1.4714
M313.119T883.187,4.955,2.3089,0.03379,1.4712
M1162.845T896.125,4.7597,2.2509,0.033838,1.4706
M1327.552T905.478,2.7555,1.4623,0.03394,1.4693
M427.197T838.449,4.0146,2.0053,0.033984,1.4687
M1096.195T893.605,3.7234,1.8966,0.034048,1.4679
M1103.415T879.391,5.0023,2.3226,0.034117,1.467
M505.3T1291.082,3.3127,1.728,0.034156,1.4665
M1030.586T1195.906,2.523,1.3351,0.034371,1.4638
M1354.628T902.5,5.2306,2.387,0.034456,1.4627
M241.033T103.182,3.4755,1.7972,0.034483,1.4624
M367.102T765.544,4.234,2.082,0.034582,1.4612
M415.27T1182.702,2.5154,1.3308,0.034751,1.459
M432.997T107.064,4.0378,2.0136,0.034824,1.4581
M591.2T844.598,3.3513,1.7447,0.035507,1.4497
M429.419T313.767,4.324,2.1124,0.035664,1.4478
M1014.89T1344.191,3.3695,1.7525,0.035745,1.4468
M397.002T110.368,3.476,1.7974,0.035872,1.4452
M684.191T618.708,18.139,4.181,0.036142,1.442
M1162.051T893.06,4.2952,2.1027,0.036498,1.4377
M549.258T834.983,4.8908,2.2901,0.036634,1.4361
M576.128T818.314,6.129,2.6156,0.036791,1.4343
M289.065T88.687,3.2752,1.7116,0.036907,1.4329
M901.161T984.095,5.1421,2.3624,0.037103,1.4306
M431.769T791.594,2.9812,1.5759,0.03712,1.4304
M743.85T66.912,5.2479,2.3917,0.037145,1.4301
M757.441T1176.453,3.2015,1.6788,0.037346,1.4278
M453.035T765.753,3.0348,1.6016,0.037375,1.4274
M502.995T105.736,6.4157,2.6816,0.0374,1.4271
M311.104T1075.82,2.922,1.547,0.037726,1.4234
M728.286T863.521,3.7419,1.9038,0.037894,1.4214
M723.577T942.094,3.3222,1.7321,0.037929,1.421
M545.846T78.22,2.8496,1.5108,0.038068,1.4194
M435.959T107.38,5.8088,2.5382,0.038232,1.4176
M1095.063T894.34,4.1386,2.0492,0.038278,1.417
M865.491T1326.551,3.4824,1.8001,0.038385,1.4158
M865.489T1291.829,2.9534,1.5624,0.038465,1.4149
M569.273T895.199,3.9525,1.9828,0.038512,1.4144
M385.077T649.201,2.6337,1.3971,0.038767,1.4115
M289.026T88.643,4.571,2.1925,0.038811,1.411
M1100.582T1225.322,3.009,1.5893,0.039248,1.4062
M371.133T805.134,4.224,2.0786,0.039625,1.402
M564.68T1183.74,2.4058,1.2665,0.040073,1.3971
M501.375T66.858,6.5481,2.7111,0.04022,1.3956
M657.169T756.884,5.389,2.43,0.040405,1.3936
M684.885T67.374,8.4999,3.0874,0.040627,1.3912
M714.826T66.684,5.0695,2.3418,0.040735,1.39
M760.823T66.885,5.0777,2.3442,0.04108,1.3864
M707.828T66.684,3.5941,1.8456,0.041462,1.3823
M419.228T901.259,3.0051,1.5874,0.041604,1.3809
M391.065T766.545,2.3346,1.2232,0.042599,1.3706
M389.182T799.355,3.6561,1.8703,0.043104,1.3655
M969.698T320.725,5.8265,2.5426,0.043256,1.364
M357.49T758.525,2.5173,1.3319,0.043488,1.3616
M459.052T765.953,2.2714,1.1836,0.043866,1.3579
M333.191T983.058,3.778,1.9176,0.04405,1.3561
M280.961T95.439,3.4758,1.7974,0.044322,1.3534
M775.809T66.684,5.4888,2.4565,0.044472,1.3519
M1395.396T991.455,4.2806,2.0978,0.044631,1.3504
M643.039T106.784,2.8063,1.4887,0.044954,1.3472
M415.225T881.978,3.1396,1.6506,0.045616,1.3409
M1093.54T895.081,4.0474,2.017,0.045642,1.3406
M1161.526T895.081,4.0361,2.013,0.045964,1.3376
M272.959T67.281,3.4324,1.7792,0.045977,1.3375
M285.243T1390.408,2.3484,1.2317,0.046134,1.336
M448.965T106.062,4.2446,2.0856,0.046172,1.3356
M653.828T318.352,2.8016,1.4863,0.046445,1.3331
M403.064T798.991,3.8821,1.9568,0.046597,1.3316
M645.124T781.203,5.3718,2.4254,0.046717,1.3305
M693.17T791.92,4.2435,2.0852,0.046834,1.3294
M633.494T312.856,2.481,1.3109,0.04782,1.3204
M453.101T88.055,3.1599,1.6599,0.048551,1.3138
M569.775T895.343,3.9163,1.9695,0.048585,1.3135
M589.773T907.878,2.4641,1.3011,0.048936,1.3104
M1096.548T894.929,3.7571,1.9096,0.049084,1.3091
M569.35T895.921,4.1568,2.0555,0.049518,1.3052
M317.064T416.942,7.3375,2.8753,0.049572,1.3048
M814.836T68.186,9.1081,3.1872,0.05007,1.3004
M591.094T89.826,4.1159,2.0412,0.051147,1.2912
M268.959T125.12,2.7358,1.452,0.051617,1.2872
M524.981T106.871,3.6104,1.8522,0.051882,1.285
M1161.521T895.466,3.934,1.976,0.052025,1.2838
M367.058T823.98,4.2364,2.0828,0.052266,1.2818
M771.811T66.858,5.368,2.4244,0.052325,1.2813
M440.855T1728.569,4.6115,2.2052,0.052425,1.2805
M867.206T809.129,12.42,3.6346,0.053248,1.2737
M265.261T1518.666,3.8918,1.9604,0.053372,1.2727
M851.912T1326.892,2.1886,1.13,0.053505,1.2716
M591.465T1235.608,0.23412,-2.0947,0.053644,1.2705
M447.094T753.734,5.8339,2.5445,0.054114,1.2667
M772.366T884.107,2.0571,1.0406,0.055825,1.2532
M638.078T817.768,2.0423,1.0302,0.055927,1.2524
M805.362T924.937,3.4825,1.8001,0.056481,1.2481
M683.887T67.591,5.5946,2.484,0.056601,1.2472
M539.134T89.251,3.3132,1.7282,0.056668,1.2467
M299.07T414.239,7.9683,2.9943,0.057018,1.244
M333.041T419.397,8.756,3.1303,0.057052,1.2437
M1094.047T894.516,4.3367,2.1166,0.057129,1.2431
M271.07T418.897,7.264,2.8608,0.057674,1.239
M404.065T806.181,3.538,1.8229,0.059792,1.2234
M1137.546T907.004,3.4508,1.7869,0.060104,1.2211
M407.173T414.983,4.8958,2.2915,0.060326,1.2195
M593.857T757.673,5.2454,2.3911,0.061066,1.2142
M743.208T992.462,3.7884,1.9216,0.061243,1.2129
M323.042T818.446,4.3627,2.1252,0.061773,1.2092
M614.901T67.494,7.4578,2.8987,0.062058,1.2072
M192.103T133.173,2.2354,1.1605,0.062115,1.2068
M627.643T1193.32,2.0714,1.0506,0.064913,1.1877
M526.316T1188.04,2.2004,1.1378,0.064945,1.1875
M476.12T661.378,3.4453,1.7846,0.065366,1.1846
M265.426T1576.148,5.1581,2.3668,0.067572,1.1702
M655.999T943.196,3.3295,1.7353,0.068188,1.1663
M1161.883T894.146,2.4499,1.2927,0.068215,1.1661
M1059.606T1053.565,0.41874,-1.2559,0.068745,1.1628
M1192.04T901.764,2.848,1.51,0.070025,1.1547
M385.077T746.611,2.3693,1.2445,0.071005,1.1487
M419.03T798.766,3.5786,1.8394,0.071466,1.1459
M861.451T1062.153,3.2237,1.6887,0.071873,1.1434
M559.667T1200.71,3.6225,1.857,0.073688,1.1326
M593.543T760.107,5.2599,2.395,0.07543,1.1225
M271.021T88.704,3.9899,1.9963,0.077369,1.1114
M1269.507T907.7,2.6965,1.4311,0.078641,1.1043
M1097.561T894.34,3.9446,1.9799,0.082941,1.0812
M567.778T908.116,2.6256,1.3926,0.084357,1.0739
M754.827T67.274,3.4815,1.7997,0.086022,1.0654
M938.802T67.374,7.349,2.8775,0.086057,1.0652
M517.099T802.454,3.7657,1.9129,0.086813,1.0614
M567.276T907.878,2.8306,1.5011,0.089322,1.049
M1136.545T907.7,2.8404,1.5061,0.090605,1.0428
M570.518T894.146,3.9509,1.9822,0.092978,1.0316
M209.025T89.634,2.8131,1.4922,0.094833,1.023