{"score":{"axis":["PC1 (15.4%)","PC2 (15.2%)","PC3 (10.4%)"],"xyz":[[-1.5168,0.1196,-0.81755],[-2.7705,0.84286,-0.39511],[-1.6753,2.5271,-0.67472],[1.0333,0.92131,-1.5475],[0.22397,1.3937,-1.055],[-1.388,2.1559,-0.17051],[5.3246,-0.77204,-1.5458],[0.18514,-0.11911,-1.6674],[0.44259,-0.44414,-1.371],[-0.65799,0.827,-1.3143],[-0.88553,-2.3475,-1.8678],[-12.31,-6.6721,4.1358],[0.34791,3.2666,-1.1451],[0.43051,1.1745,-1.7254],[-0.84826,2.4362,-0.74827],[0.098582,3.4323,-0.55458],[5.338,-12.624,-3.3453],[4.5729,-0.24076,8.0875],[4.5729,-0.24076,8.0875],[-0.30737,2.7701,-0.47909],[-0.21055,1.5928,0.11351]],"name":["C9.1","C9.2","C9.3","C9.4","D9.1","D9.2","D9.3","D9.4","F9.1","F9.2","F9.3","F9.4","X9.1","X9.2","X9.3","X9.4","BLANK_2","QC.1_Dup","QC.1","QC.2","QC.3"],"facA":["First_Time-Point_Control","First_Time-Point_Control","First_Time-Point_Control","First_Time-Point_Control","First_Time-Point_Drought","First_Time-Point_Drought","First_Time-Point_Drought","First_Time-Point_Drought","First_Time-Point_Fusarium","First_Time-Point_Fusarium","First_Time-Point_Fusarium","First_Time-Point_Fusarium","First_Time-Point_Xanthomonas","First_Time-Point_Xanthomonas","First_Time-Point_Xanthomonas","First_Time-Point_Xanthomonas","Other","Other","Other","Other","Other"],"colors":["rgb(230,25,75)","rgb(60,180,75)","rgb(67,99,216)","rgb(66,212,244)","rgb(240,50,230)"]}}