"","Comp. 1","Comp. 2","Comp. 3","Comp. 4","Comp. 5","Comp. 6","Comp. 7","Comp. 8"
"M531.009T876.272",4.4915,3.0514,3.0294,3.0005,2.9983,2.9978,2.9978,2.9978
"M379.565T877.71",4.3592,2.9763,2.9148,2.8812,2.8788,2.8784,2.8784,2.8784
"M402.053T876.272",4.0475,2.8036,2.7569,2.7203,2.7182,2.7179,2.7179,2.7179
"M449.004T832.738",3.7563,2.5002,2.4805,2.4811,2.4804,2.4801,2.4801,2.4801
"M516.992T825.04",3.7517,2.5945,2.5376,2.5273,2.527,2.5266,2.5266,2.5266
"M463.02T875.074",3.5595,2.3369,2.2808,2.2504,2.2488,2.2485,2.2485,2.2485
"M469.036T876.272",3.505,2.2786,2.2203,2.1924,2.1911,2.1908,2.1908,2.1908
"M433.039T456.919",3.4298,2.2441,2.1905,2.1649,2.1673,2.167,2.167,2.167
"M354.082T204.227",3.4159,2.9139,2.8532,2.8154,2.8134,2.8139,2.8139,2.8139
"M365.528T823.98",3.3506,2.1843,2.1289,2.1223,2.1216,2.1213,2.1213,2.1213
"M1084.663T1198.774",3.3027,2.3948,2.3755,2.3517,2.35,2.3496,2.3496,2.3496
"M333.109T769.719",3.2825,2.2464,2.1968,2.1684,2.1669,2.1665,2.1665,2.1665
"M365.052T459.24",3.2489,2.108,2.0687,2.0495,2.0485,2.0484,2.0484,2.0484
"M407.173T414.983",3.2335,2.2535,2.205,2.1829,2.1812,2.1811,2.1811,2.1811
"M324.072T215.478",3.1072,2.5145,2.4502,2.4189,2.4171,2.4174,2.4174,2.4174
"M299.07T414.239",3.1013,2.1455,2.1758,2.1469,2.1477,2.1475,2.1475,2.1475
"M433.038T831.69",3.0509,2.0011,1.9612,1.9682,1.9689,1.9686,1.9686,1.9686
"M433.122T384.02",3.0394,2.2232,2.2482,2.2305,2.2294,2.229,2.229,2.229
"M206.081T834.983",2.9851,1.9189,1.8997,1.8772,1.8765,1.8764,1.8764,1.8764
"M240.933T64.89",2.8961,2.0988,2.214,2.1879,2.1865,2.1861,2.1861,2.1861
"M271.07T418.897",2.8925,1.9799,2.0212,2.0081,2.0069,2.0067,2.0067,2.0067
"M365.143T832.741",2.7673,1.7961,1.768,1.7447,1.7464,1.7462,1.7462,1.7462
"M384.092T841.195",2.7608,2.0436,1.9924,1.9714,1.9699,1.9695,1.9695,1.9695
"M203.083T418.775",2.6859,1.8171,1.9083,1.8943,1.8928,1.8925,1.8925,1.8925
"M455.021T825.04",2.6472,1.7008,1.657,1.6741,1.6737,1.6734,1.6734,1.6734
"M333.041T419.397",2.5955,1.7596,1.8782,1.8624,1.8609,1.8606,1.8606,1.8606
"M204.085T413.719",2.5831,1.668,1.7718,1.7521,1.7506,1.7503,1.7503,1.7503
"M401.05T875.074",2.5802,1.6565,1.6152,1.5951,1.5949,1.5946,1.5946,1.5946
"M684.191T618.708",2.5353,1.7689,1.8379,1.8183,1.8175,1.8177,1.8177,1.8177
"M365.136T768.138",2.5238,1.6499,1.6087,1.5874,1.5861,1.5859,1.5859,1.5859
"M220.134T731.802",2.5136,1.9777,1.9683,1.9451,1.9447,1.9449,1.9449,1.9449
"M387.034T831.689",2.421,1.5626,1.5309,1.5228,1.5243,1.524,1.524,1.524
"M206.082T164.917",2.4201,2.2857,2.2811,2.3069,2.3057,2.3053,2.3053,2.3053
"M263.13T940.795",2.4173,1.6979,1.6562,1.6818,1.6812,1.681,1.681,1.681
"M279.124T874.724",2.3872,1.7292,1.6894,1.6758,1.6758,1.6755,1.6755,1.6755
"M1162.58T906.276",2.3787,1.7817,1.8428,1.9177,1.9164,1.9162,1.9162,1.9162
"M410.078T615.621",2.3733,1.528,1.6383,1.6284,1.6297,1.6296,1.6296,1.6296
"M272.073T418.674",2.3697,1.6234,1.9247,1.9073,1.9063,1.9059,1.906,1.906
"M289.12T769.482",2.367,1.5548,1.5148,1.4953,1.4941,1.4938,1.4938,1.4938
"M333.062T954.304",2.3358,1.514,1.475,1.5084,1.5072,1.5076,1.5076,1.5076
"M380.071T778.258",2.3356,1.5033,1.4716,1.4526,1.4526,1.4526,1.4526,1.4526
"M292.14T116.338",2.3059,1.5489,1.5705,1.5502,1.5493,1.5492,1.5492,1.5492
"M642.302T1183.207",2.3025,1.5396,1.59,1.5689,1.573,1.5728,1.5728,1.5728
"M379.067T781.128",2.2672,1.4588,1.4379,1.4188,1.4186,1.4184,1.4184,1.4184
"M180.067T785.272",2.2613,1.4521,1.4372,1.4195,1.4185,1.4188,1.4188,1.4188
"M857.325T1034.658",2.2096,1.4269,1.4014,1.3979,1.397,1.3976,1.3976,1.3976
"M339.058T415.891",2.2056,1.4532,1.5572,1.5508,1.5501,1.55,1.55,1.55
"M824.341T916.725",2.1964,1.471,1.4588,1.4401,1.4396,1.4393,1.4393,1.4393
"M491.126T414.484",2.188,1.4298,1.393,1.3806,1.3798,1.3798,1.3798,1.3798
"M238.069T801.926",2.1807,1.4124,1.3835,1.3767,1.3756,1.3754,1.3754,1.3754
"M319.076T917.392",2.1802,1.4072,1.371,1.426,1.425,1.4248,1.4248,1.4248
"M401.027T415.826",2.1698,1.4239,1.5489,1.5414,1.5401,1.5398,1.5398,1.5398
"M850.805T68.208",2.1561,2.1425,2.0888,2.063,2.0627,2.0627,2.0627,2.0627
"M429.141T889.195",2.1466,1.3883,1.3667,1.3488,1.3477,1.3476,1.3476,1.3476
"M640.844T67.188",2.093,2.0988,2.047,2.021,2.0205,2.0202,2.0202,2.0202
"M471.046T618.546",2.0892,1.3522,1.4405,1.4324,1.4312,1.4311,1.4311,1.4311
"M469.019T418.674",2.0875,1.4126,1.5606,1.5499,1.5487,1.5484,1.5484,1.5484
"M489.691T902.138",2.0673,1.541,1.5267,1.5622,1.562,1.5618,1.5618,1.5618
"M641.302T1183.734",2.0637,1.3245,1.4116,1.393,1.3932,1.393,1.393,1.393
"M389.108T489.956",2.0596,2.189,2.1402,2.1158,2.1142,2.1139,2.1139,2.1139
"M1163.085T907.707",2.0206,1.441,1.6148,1.6573,1.656,1.6558,1.6558,1.6558
"M349.057T865.046",2.0081,1.2895,1.2776,1.2681,1.2674,1.2677,1.2677,1.2677
"M409.075T617.585",1.9702,1.2666,1.3277,1.3368,1.3364,1.3362,1.3362,1.3362
"M341.535T617.585",1.968,1.274,1.3055,1.2978,1.2971,1.2969,1.2969,1.2969
"M564.929T1201.416",1.9413,1.2835,1.2516,1.2361,1.2351,1.2351,1.2351,1.2351
"M260.048T118.657",1.9314,1.2398,1.2316,1.2168,1.2173,1.2174,1.2174,1.2174
"M618.794T905.184",1.9263,1.3119,1.3587,1.4494,1.4488,1.4486,1.4486,1.4486
"M759.145T875.232",1.9162,1.2354,1.2182,1.216,1.2185,1.2183,1.2183,1.2183
"M754.827T67.274",1.9006,2.1113,2.0569,2.0491,2.0496,2.0493,2.0493,2.0493
"M863.373T951.624",1.8832,1.2113,1.1879,1.1926,1.1924,1.1923,1.1923,1.1923
"M687.305T1181.604",1.883,1.2122,1.2891,1.2757,1.276,1.2758,1.2758,1.2758
"M317.064T416.942",1.8737,1.2052,1.2653,1.2495,1.25,1.2503,1.2503,1.2503
"M661.142T919.275",1.8511,1.2064,1.1762,1.1942,1.1934,1.1934,1.1934,1.1934
"M1463.124T939.772",1.8462,1.1935,1.1689,1.1542,1.1532,1.1531,1.1531,1.1531
"M679.277T1051.577",1.832,1.177,1.2477,1.2387,1.2381,1.2396,1.2396,1.2396
"M477.061T615.621",1.8189,1.1806,1.2718,1.3202,1.3234,1.3232,1.3232,1.3232
"M192.103T133.173",1.8134,1.2042,1.1875,1.1771,1.1778,1.178,1.178,1.178
"M401.18T764.21",1.7999,2.0942,2.0483,2.0341,2.0339,2.0336,2.0336,2.0336
"M407.045T415.442",1.7838,1.1447,1.1387,1.1237,1.123,1.123,1.123,1.123
"M241.108T881.116",1.7827,1.1443,1.1148,1.1071,1.108,1.1079,1.1079,1.1079
"M341.465T625.973",1.7784,1.1607,1.2185,1.2213,1.2203,1.2205,1.2204,1.2204
"M481.183T769.795",1.7777,1.1569,1.1382,1.1274,1.1265,1.1264,1.1264,1.1264
"M447.05T875.673",1.7519,1.1909,1.1603,1.1472,1.1463,1.1461,1.1461,1.1461
"M349.056T728.324",1.7484,1.1241,1.0952,1.0822,1.0813,1.0821,1.0821,1.0821
"M988.804T68.066",1.739,2.0613,2.0405,2.0145,2.0131,2.0128,2.0128,2.0128
"M285.243T1390.408",1.7207,1.1293,1.1015,1.0879,1.089,1.0889,1.0889,1.0889
"M596.277T932.512",1.7108,1.1926,1.171,1.1622,1.162,1.1618,1.1618,1.1618
"M1432.595T1048.493",1.7107,1.1177,1.097,1.0981,1.0989,1.0987,1.0987,1.0987
"M937.334T882.127",1.7104,1.105,1.0774,1.0882,1.0875,1.0873,1.0873,1.0873
"M264T169.106",1.7058,1.0952,1.1109,1.0998,1.0994,1.0995,1.0995,1.0995
"M969.698T320.725",1.7038,1.1156,1.1691,1.1834,1.1871,1.1873,1.1873,1.1873
"M1613.665T937.741",1.7006,1.2084,1.1878,1.172,1.1713,1.1713,1.1713,1.1713
"M590.274T907.848",1.6977,1.1123,1.1189,1.1477,1.1471,1.147,1.147,1.147
"M919.334T939.971",1.6944,1.0898,1.0642,1.0621,1.0612,1.061,1.061,1.061
"M589.271T908.408",1.6826,1.1089,1.1326,1.1448,1.1445,1.1443,1.1443,1.1443
"M721.31T972.44",1.6801,1.0809,1.0974,1.1052,1.1043,1.1043,1.1043,1.1043
"M393.081T756.691",1.6743,1.0886,1.122,1.1179,1.1169,1.1169,1.1169,1.1169
"M589.773T907.878",1.6686,1.0838,1.1023,1.1136,1.1128,1.1127,1.1127,1.1127
"M373.167T930.605",1.6619,1.0661,1.1098,1.0993,1.0984,1.0982,1.0982,1.0982
"M964.359T921.966",1.6612,1.1622,1.1327,1.1674,1.1671,1.167,1.1669,1.1669
"M404.916T66.832",1.6392,1.8555,1.8176,1.809,1.8088,1.8085,1.8085,1.8085
"M565.054T1199.484",1.6339,1.0863,1.0669,1.0562,1.0562,1.0561,1.0561,1.0561
"M564.961T1199.656",1.6329,1.1109,1.0885,1.0803,1.0797,1.0807,1.0807,1.0807
"M539.034T616.33",1.629,1.0859,1.1421,1.1462,1.1459,1.147,1.147,1.147
"M943.39T965.159",1.6228,1.0466,1.0271,1.0311,1.0304,1.0312,1.0312,1.0312
"M781.183T974.609",1.5845,1.0803,1.0675,1.068,1.0672,1.0673,1.0673,1.0673
"M1136.545T907.7",1.5829,1.0185,1.0079,1.0427,1.0419,1.0419,1.0419,1.0419
"M387.165T771.864",1.5755,1.0162,0.99305,1.0024,1.0015,1.0014,1.0014,1.0014
"M265.426T1576.148",1.5712,1.0196,1.1052,1.1061,1.1088,1.1086,1.1086,1.1086
"M728.269T963.544",1.5681,1.025,1.0006,1.011,1.0146,1.0145,1.0145,1.0145
"M313.119T883.187",1.5676,1.0207,0.99676,1.0189,1.0222,1.022,1.022,1.022
"M356.995T88.504",1.5628,1.0239,0.99938,0.98679,0.98641,0.9863,0.9863,0.9863
"M343.103T489.112",1.5509,1.8336,1.7995,1.7756,1.7752,1.775,1.775,1.775
"M395.28T1470.273",1.5369,1.012,0.9888,0.97856,0.97837,0.97821,0.97821,0.97821
"M1167.557T907.179",1.5366,0.99882,1.0577,1.0467,1.0468,1.0468,1.0468,1.0468
"M518.153T824.178",1.5334,0.99401,0.96897,0.96667,0.96588,0.96576,0.96576,0.96576
"M593.934T851.064",1.5209,1.0387,1.051,1.0398,1.039,1.0396,1.0396,1.0396
"M333.06T88.804",1.519,1.0162,1.0115,0.99987,0.99924,0.99914,0.99914,0.99914
"M951.397T1014.118",1.5183,1.0197,0.99686,1.062,1.0611,1.0611,1.0611,1.0611
"M711.218T782.65",1.5143,1.0323,1.0076,0.99429,0.99402,0.99385,0.99385,0.99385
"M461.037T823.98",1.4752,1.0375,1.011,1.0136,1.0145,1.0144,1.0144,1.0144
"M1363.57T899.951",1.471,0.98125,0.97146,0.98107,0.98085,0.98082,0.98081,0.98081
"M319.083T845.914",1.4646,0.94811,1.0004,1.0014,1.0006,1.0007,1.0007,1.0007
"M503.143T589.731",1.4636,0.9886,0.98198,0.96955,0.97175,0.97164,0.97164,0.97164
"M209.961T64.78",1.4592,0.94875,0.98715,0.97634,0.97576,0.9758,0.9758,0.9758
"M299.259T1433.689",1.4567,0.93843,1.0038,1.0141,1.0137,1.0138,1.0138,1.0138
"M1009.386T967.414",1.4566,0.97488,0.95936,0.98274,0.98194,0.98275,0.98275,0.98275
"M293.118T1042.937",1.4546,1.3096,1.2949,1.2799,1.2828,1.2846,1.2846,1.2846
"M341.088T304.64",1.4527,0.95048,0.95812,0.95127,0.95075,0.95059,0.95059,0.95059
"M279.139T1150.344",1.4514,1.3593,1.3338,1.3167,1.3156,1.3161,1.3161,1.3161
"M415.27T1182.702",1.4381,0.92464,0.90347,0.89601,0.89708,0.89751,0.89751,0.89751
"M1164.559T899.737",1.4346,0.9225,0.925,0.95594,0.95639,0.95623,0.95623,0.95623
"M357.108T784.337",1.4325,0.96725,0.94338,0.93171,0.93111,0.93099,0.93099,0.93099
"M765.729T983.05",1.4206,0.94237,0.93179,0.94866,0.94872,0.94865,0.94865,0.94865
"M967.36T964.868",1.4195,1.0055,0.98043,1.0142,1.0137,1.0148,1.0148,1.0148
"M420.999T106.905",1.4171,1.8308,1.8181,1.7968,1.7958,1.7955,1.7955,1.7955
"M567.276T907.878",1.4073,0.90328,0.89955,0.93556,0.93532,0.93553,0.93552,0.93552
"M405.177T839.252",1.3889,0.91055,0.93299,0.92983,0.92909,0.92901,0.92901,0.92901
"M593.926T757.244",1.3717,0.94194,0.96758,1.0027,1.0026,1.0039,1.0039,1.0039
"M806.921T938.616",1.3687,0.96804,0.95753,0.94569,0.94691,0.94684,0.94684,0.94684
"M655.999T943.196",1.3599,0.87737,0.87415,0.87373,0.87561,0.87588,0.87588,0.87588
"M613.564T887.981",1.3511,0.87453,0.89582,0.88498,0.88633,0.88624,0.88624,0.88624
"M438.263T1164.917",1.3457,0.87185,0.88334,0.87249,0.87258,0.87394,0.87394,0.87394
"M893.38T934.735",1.3388,0.97897,0.95433,0.96778,0.96806,0.96794,0.96795,0.96795
"M867.206T809.129",1.3347,0.97206,0.97091,0.96431,0.96479,0.96475,0.96476,0.96476
"M799.191T949.166",1.3341,0.9143,0.89155,0.8798,0.88028,0.88022,0.88021,0.88021
"M731.208T950.406",1.3254,0.87339,0.85098,0.84055,0.84065,0.84051,0.84052,0.84052
"M1105.431T888.552",1.3153,0.86626,0.849,0.85625,0.85555,0.85545,0.85545,0.85545
"M567.333T903.822",1.3083,0.86828,0.89586,0.95511,0.95442,0.95429,0.95429,0.95429
"M1354.628T902.5",1.3075,0.89474,0.9053,0.89603,0.89682,0.8967,0.8967,0.8967
"M375.129T729.569",1.3069,0.84098,0.81973,0.86358,0.86286,0.8631,0.86311,0.86311
"M421.636T753.774",1.3003,0.905,0.8865,0.89321,0.89326,0.89319,0.89319,0.89319
"M715.427T310.719",1.2981,0.86287,0.85075,0.85508,0.85453,0.85531,0.85531,0.85531
"M341.31T626.276",1.2946,0.96582,1.0152,1.0106,1.0099,1.0097,1.0097,1.0097
"M1462.52T939.973",1.2866,0.83208,0.82395,0.85921,0.86654,0.86651,0.86651,0.86651
"M1192.04T901.764",1.2854,0.82457,0.95187,0.9874,0.98704,0.9869,0.9869,0.9869
"M871.351T913.248",1.2725,0.87057,0.87166,0.86027,0.85974,0.85966,0.85966,0.85966
"M861.451T1062.153",1.2715,0.82387,0.84852,0.83729,0.84254,0.8424,0.8424,0.8424
"M266.946T113.686",1.2685,0.86063,0.85696,0.85302,0.8524,0.85227,0.85227,0.85227
"M823.337T914.416",1.2542,0.91041,0.88816,0.88125,0.88313,0.88298,0.88298,0.88298
"M1132.537T923.907",1.2503,0.84073,0.81989,0.8226,0.82231,0.82226,0.82226,0.82226
"M923.402T931.508",1.2486,0.95432,0.94334,0.94725,0.9472,0.94733,0.94733,0.94733
"M281.049T89.959",1.2426,0.85671,0.89175,0.88606,0.88547,0.88594,0.88594,0.88594
"M529.184T941.182",1.242,0.90892,1.0451,1.0327,1.0324,1.0323,1.0323,1.0323
"M427.124T881.088",1.2404,0.86934,0.85647,0.84964,0.8499,0.85057,0.85056,0.85056
"M1136.99T908.053",1.2339,0.81795,0.86658,0.85578,0.85615,0.85617,0.85617,0.85617
"M385.077T746.611",1.2309,0.79405,0.79073,0.8129,0.81229,0.81218,0.81218,0.81218
"M559.276T958.275",1.2307,0.88068,0.86276,0.86003,0.85931,0.85926,0.85925,0.85925
"M575.708T1045.732",1.2284,0.79929,0.83895,0.82893,0.83028,0.83015,0.83015,0.83015
"M447.222T1194.448",1.2247,0.79837,0.77785,0.76952,0.769,0.76895,0.76895,0.76895
"M399.275T1363.391",1.2177,0.86403,0.84373,0.83299,0.8324,0.83259,0.83259,0.83259
"M901.161T984.095",1.2134,0.85669,0.85268,0.86531,0.86913,0.86959,0.86959,0.86959
"M493.136T809.014",1.2094,0.81336,0.79523,0.7849,0.78473,0.78503,0.78503,0.78503
"M320.919T92.078",1.2055,0.86234,0.84203,0.86783,0.87112,0.87103,0.87103,0.87103
"M505.3T1291.082",1.198,0.79143,0.79855,0.78846,0.79069,0.79056,0.79056,0.79056
"M341.259T618.637",1.1924,0.92086,0.97032,0.96546,0.96496,0.96481,0.96481,0.96481
"M272.959T67.281",1.183,1.5835,1.555,1.5354,1.5354,1.5351,1.5351,1.5351
"M715.392T322.783",1.1814,0.8493,0.83265,0.84428,0.84427,0.84529,0.84529,0.84529
"M627.643T1193.32",1.1758,1.4396,1.4029,1.3867,1.3866,1.3864,1.3864,1.3864
"M807.113T936.925",1.1744,0.90784,0.89049,0.90058,0.90003,0.89991,0.89991,0.89991
"M643.245T933.361",1.1628,0.80706,0.81544,0.80458,0.80412,0.80401,0.80401,0.80401
"M698.26T899.18",1.1566,0.93737,0.9224,0.91164,0.91387,0.91382,0.91382,0.91382
"M726.284T1051.577",1.1545,0.75731,1.1573,1.1468,1.1461,1.1461,1.1461,1.1461
"M895.304T938.238",1.1543,0.94192,0.92167,0.90943,0.90955,0.90942,0.90942,0.90942
"M341.088T439.204",1.1515,0.79014,0.77519,0.7649,0.76431,0.76418,0.76418,0.76418
"M915.823T68.606",1.149,1.5941,1.6256,1.6046,1.6043,1.6043,1.6043,1.6043
"M889.313T902.886",1.1447,0.90449,0.88231,0.87076,0.87135,0.87138,0.87138,0.87138
"M806.978T940.468",1.1439,0.85643,0.8563,0.85577,0.85777,0.85763,0.85763,0.85763
"M311.104T1075.82",1.1392,1.3722,1.3498,1.3949,1.3941,1.3939,1.3939,1.3939
"M543.282T933.008",1.1358,0.72932,0.77091,0.76319,0.76365,0.76381,0.76381,0.76381
"M251.019T152.27",1.1269,0.79285,0.78007,0.79009,0.78973,0.79008,0.79008,0.79008
"M431.769T791.594",1.1241,1.5745,1.5359,1.517,1.5163,1.5161,1.5161,1.5161
"M795.198T1006.041",1.1233,0.73989,0.76957,0.83533,0.838,0.83786,0.83786,0.83786
"M811.459T986.188",1.1229,0.83371,0.82233,0.83826,0.83857,0.83848,0.83848,0.83848
"M633.697T313.008",1.1172,0.84683,0.85945,0.89262,0.89193,0.89252,0.89252,0.89252
"M311.186T1077.614",1.1086,0.80033,0.78095,0.77141,0.77094,0.77112,0.77113,0.77113
"M287.077T663.979",1.1077,0.73647,0.74435,0.75092,0.75035,0.75024,0.75025,0.75025
"M466.978T106.664",1.0997,0.74984,0.73833,0.72852,0.72868,0.72861,0.72861,0.72861
"M577.137T781.037",1.0989,0.81995,0.84922,0.86954,0.86926,0.86931,0.86932,0.86932
"M875.696T1193.301",1.0912,1.2953,1.2962,1.2815,1.2811,1.281,1.281,1.281
"M443.193T725.675",1.0788,0.79627,0.77707,0.76675,0.76611,0.76629,0.76629,0.76629
"M1263.489T907.902",1.0773,0.73627,0.73007,0.78546,0.78481,0.78482,0.78482,0.78482
"M727.283T864.823",1.0739,1.4472,1.4385,1.4195,1.4184,1.4182,1.4182,1.4182
"M281.07T709.104",1.0724,0.77568,0.75913,0.75726,0.75665,0.7566,0.7566,0.7566
"M947.485T901.595",1.0697,0.86127,0.84235,0.86618,0.86545,0.86547,0.86547,0.86547
"M366.994T111.318",1.0689,0.7939,0.77403,0.78324,0.7826,0.78248,0.78247,0.78247
"M772.366T884.107",1.0684,0.6969,0.68362,0.68189,0.68132,0.68156,0.68156,0.68156
"M455.081T744.378",1.0643,0.79956,0.77995,0.77005,0.76946,0.76949,0.7695,0.7695
"M439.083T756.683",1.0609,0.80852,0.81377,0.81343,0.81302,0.813,0.81299,0.81299
"M942.309T937.647",1.0493,0.96802,0.95325,0.94467,0.94434,0.94422,0.94422,0.94422
"M486.878T66.684",1.0468,1.2411,1.2095,1.2116,1.2124,1.2124,1.2124,1.2124
"M593.763T756.056",1.0465,0.76585,0.8617,0.8879,0.88789,0.88832,0.88832,0.88832
"M1461.92T936.679",1.0459,0.89813,0.87609,0.86449,0.86383,0.86384,0.86384,0.86384
"M1095.84T892.791",1.0425,0.87916,0.89309,0.90208,0.90135,0.90202,0.90201,0.90201
"M798.851T67.54",1.0425,1.4653,1.438,1.4913,1.4933,1.4931,1.4931,1.4931
"M369.569T765.536",1.0416,1.4427,1.4208,1.4853,1.4844,1.4842,1.4842,1.4842
"M473.173T881.847",1.0407,0.84029,0.81899,0.80811,0.80756,0.80743,0.80743,0.80743
"M454.144T914.383",1.0404,0.87173,0.91359,1.0274,1.0271,1.0269,1.0269,1.0269
"M476.12T661.378",1.0397,1.5295,1.5988,1.5802,1.5801,1.5802,1.5802,1.5802
"M822.313T886.782",1.0362,0.92715,0.90523,0.89408,0.89377,0.8938,0.8938,0.8938
"M808.342T938.944",1.0329,0.90636,0.88993,0.87831,0.87771,0.87772,0.87772,0.87772
"M286.972T107.919",1.0313,0.73774,0.71894,0.70993,0.71096,0.71086,0.71086,0.71086
"M407.9T66.13",1.0309,0.67206,0.65478,0.65054,0.65296,0.65347,0.65347,0.65347
"M451.007T107.467",1.0284,0.72015,0.70276,0.69704,0.69818,0.69824,0.69824,0.69824
"M540.867T1245.744",1.0219,0.66105,0.65735,0.65077,0.65044,0.65111,0.65111,0.65111
"M697.905T994.286",1.016,0.82777,0.80891,0.80114,0.80211,0.80198,0.80198,0.80198
"M467.156T971.498",1.0127,0.71924,0.70834,0.78275,0.78209,0.78216,0.78216,0.78216
"M1032.753T1226.13",1.0091,0.65828,0.69809,0.74343,0.74371,0.74373,0.74373,0.74373
"M560.841T1187.938",1.0023,1.2485,1.2211,1.2483,1.248,1.248,1.248,1.248
"M851.338T916.834",1.0014,0.77189,0.75753,0.76198,0.76195,0.76188,0.76188,0.76188
"M695.12T755.765",1.0004,0.74096,0.86115,0.90957,0.90943,0.91077,0.91077,0.91077
"M385.113T835.894",0.99937,0.84747,0.82564,0.84761,0.84971,0.85016,0.85016,0.85016
"M578.43T1675.044",0.99863,0.6516,0.63488,0.77584,0.77528,0.77539,0.77539,0.77539
"M1201.918T909.936",0.9977,0.75272,0.80609,0.7957,0.79509,0.79507,0.79507,0.79507
"M941.306T938.915",0.99757,0.91276,0.8912,0.88093,0.88057,0.88042,0.88042,0.88042
"M425.046T798.077",0.99623,0.8179,0.79929,0.84789,0.84779,0.84786,0.84786,0.84786
"M861.166T878.352",0.99594,1.6006,1.5659,1.552,1.5509,1.5506,1.5506,1.5506
"M611.147T106.977",0.99587,0.72734,0.7368,0.72972,0.72989,0.72978,0.72978,0.72978
"M521.224T935.29",0.99469,0.7257,0.70739,0.73204,0.73292,0.73293,0.73293,0.73293
"M187.905T92.369",0.99362,0.7121,0.69859,0.77638,0.77791,0.77794,0.77795,0.77795
"M445.037T424.564",0.99305,0.72304,0.71245,0.70908,0.70883,0.70871,0.70871,0.70871
"M1162.845T896.125",0.99214,0.78102,0.77471,0.77148,0.77503,0.77545,0.77545,0.77545
"M1005.392T917.562",0.99065,0.79564,0.77791,0.78028,0.77964,0.77952,0.77952,0.77952
"M645.124T781.203",0.98233,0.77418,0.80139,0.80132,0.80189,0.80223,0.80223,0.80223
"M555.158T835.854",0.97866,0.78341,0.7638,0.81295,0.81231,0.81268,0.81268,0.81268
"M785.833T68.422",0.97582,1.4905,1.4881,1.4732,1.4725,1.4726,1.4726,1.4726
"M409.002T109.878",0.97478,0.73509,0.71631,0.70688,0.70664,0.70659,0.70659,0.70659
"M723.112T851.461",0.96969,0.81442,0.8149,0.82141,0.82084,0.82099,0.82099,0.82099
"M305.082T1122.457",0.96924,1.4332,1.4106,1.423,1.4219,1.4216,1.4216,1.4216
"M238.892T97.993",0.96714,0.80957,0.79862,0.78802,0.78737,0.78724,0.78724,0.78724
"M1296.901T900.549",0.96652,0.67698,0.66344,0.72371,0.72532,0.72549,0.72549,0.72549
"M524.981T106.871",0.96566,1.5006,1.4649,1.4525,1.4514,1.4513,1.4513,1.4513
"M576.128T818.314",0.96456,0.78881,0.77428,0.86897,0.86825,0.86815,0.86816,0.86816
"M852.339T915.443",0.96329,0.82707,0.82274,0.81434,0.81392,0.8138,0.8138,0.8138
"M590.015T907.684",0.96312,0.71177,0.80998,0.80986,0.81101,0.81093,0.81093,0.81093
"M593.543T760.107",0.96033,0.73684,0.79158,0.829,0.83136,0.83212,0.83211,0.83211
"M593.686T850.456",0.95433,0.85834,0.83936,0.89091,0.89019,0.89005,0.89005,0.89005
"M433.376T793.769",0.95218,0.72939,0.7502,0.75755,0.76173,0.76225,0.76225,0.76225
"M272.963T113.946",0.9489,0.76045,0.74089,0.74048,0.7404,0.74027,0.74027,0.74027
"M355.067T660.488",0.94857,0.69714,0.69347,0.69891,0.69841,0.6983,0.6983,0.6983
"M1130.437T924.326",0.94622,0.94222,0.92087,0.92146,0.92123,0.92108,0.92108,0.92108
"M921.374T936.829",0.94313,0.92338,0.89964,0.89337,0.89285,0.8927,0.8927,0.8927
"M408.822T1801.685",0.93589,0.77341,0.75438,0.74693,0.7465,0.74676,0.74676,0.74676
"M182.994T112.283",0.93537,0.72211,0.70423,0.75366,0.75304,0.75292,0.75292,0.75292
"M281.069T746.743",0.93513,0.72857,0.71216,0.7028,0.70251,0.70274,0.70274,0.70274
"M625.024T106.841",0.93144,1.5149,1.5115,1.5177,1.5164,1.5163,1.5163,1.5163
"M851.276T990.376",0.92889,0.84202,0.83675,0.83232,0.83715,0.83709,0.83709,0.83709
"M475.366T1425.395",0.92483,0.85819,0.86877,0.85829,0.85831,0.85817,0.85817,0.85817
"M573.017T749.518",0.92389,0.72944,0.74286,0.7654,0.76513,0.76518,0.76518,0.76518
"M475.187T823.258",0.92375,0.86558,0.85795,0.8874,0.88745,0.88768,0.88768,0.88768
"M655.189T778.866",0.92153,0.71259,0.78594,0.80678,0.80645,0.80718,0.80718,0.80718
"M538.221T942.724",0.91978,0.79109,0.84245,0.83926,0.84179,0.84164,0.84164,0.84164
"M941.317T938.576",0.918,0.91459,0.89147,0.88034,0.87979,0.87965,0.87965,0.87965
"M377.049T427.197",0.91186,0.73582,0.71696,0.70956,0.70903,0.70911,0.7091,0.7091
"M1059.606T1053.565",0.9118,0.69363,0.68737,0.82079,0.82218,0.82207,0.82207,0.82207
"M333.083T110.42",0.91009,0.77907,0.76354,0.75438,0.75376,0.75363,0.75363,0.75363
"M562.835T1148.266",0.90941,0.60645,0.65922,0.6507,0.65023,0.65043,0.65044,0.65044
"M383.058T256.181",0.90857,0.91166,0.90283,0.8926,0.89188,0.89189,0.89189,0.89189
"M569.35T895.921",0.89325,0.7136,0.80538,0.80919,0.81031,0.8102,0.8102,0.8102
"M367.102T765.544",0.89305,1.4806,1.4518,1.4325,1.4314,1.4312,1.4312,1.4312
"M1333.355T942.499",0.89224,0.69034,0.68586,0.68672,0.68908,0.68914,0.68914,0.68914
"M723.577T942.094",0.89182,0.71772,0.70828,0.77345,0.77424,0.77411,0.77411,0.77411
"M269.05T89.726",0.89091,0.68467,0.74345,0.73892,0.7413,0.74144,0.74144,0.74144
"M403.064T798.991",0.88946,0.69815,0.71848,0.77805,0.77852,0.77839,0.77839,0.77839
"M809.324T904.082",0.88445,0.73874,0.72052,0.77189,0.77132,0.77142,0.77142,0.77142
"M644.248T900.496",0.88281,0.88973,0.86745,0.85593,0.85656,0.85647,0.85647,0.85647
"M1193.041T904.79",0.88256,0.57959,0.79543,0.8365,0.83625,0.83616,0.83616,0.83616
"M429.074T115.482",0.88121,0.69773,0.68338,0.68487,0.68448,0.68451,0.68451,0.68451
"M647.193T836.421",0.87984,0.8712,0.84956,0.83845,0.83777,0.83765,0.83765,0.83765
"M1331.507T909.803",0.87864,0.7348,0.72471,0.72267,0.72241,0.72239,0.72239,0.72239
"M569.91T66.858",0.87766,0.73919,0.93748,0.92569,0.92764,0.92749,0.9275,0.9275
"M494.233T920.795",0.87752,0.73982,0.75182,0.74199,0.74165,0.74164,0.74164,0.74164
"M579.151T798.32",0.87448,0.73744,0.78562,0.80729,0.80698,0.807,0.807,0.807
"M359.123T830.487",0.87411,0.76322,0.7436,0.78625,0.78656,0.78644,0.78644,0.78644
"M401.049T776.54",0.8735,0.80258,0.79795,0.78758,0.78707,0.78694,0.78694,0.78694
"M455.081T704.884",0.87287,0.71481,0.70598,0.69687,0.69629,0.69618,0.69618,0.69618
"M204.975T113.721",0.86773,0.70756,0.69284,0.69072,0.69049,0.69038,0.69038,0.69038
"M613.854T887.38",0.86475,0.67122,0.65428,0.64557,0.64722,0.64754,0.64754,0.64754
"M1176.528T983.06",0.86369,0.91178,0.88969,0.94479,0.94475,0.94539,0.94539,0.94539
"M747.22T952.211",0.86259,0.73524,0.7241,0.72447,0.72394,0.72455,0.72456,0.72456
"M1163.579T906.602",0.86231,0.56865,0.61828,0.95774,0.95868,0.95852,0.95852,0.95852
"M417.177T763.775",0.86198,1.4123,1.3804,1.3625,1.3614,1.3613,1.3613,1.3613
"M696.3T853.355",0.86168,0.87792,0.87801,0.86828,0.86763,0.86778,0.86778,0.86778
"M789.663T1119.968",0.85952,0.7005,0.75957,0.75705,0.75896,0.75896,0.75896,0.75896
"M771.369T883.552",0.85668,0.60953,0.65509,0.64693,0.64682,0.64674,0.64674,0.64674
"M1097.561T894.34",0.85404,0.67331,0.79423,0.80162,0.80264,0.80266,0.80266,0.80266
"M743.208T992.462",0.85309,0.67898,0.6672,0.73207,0.73172,0.73216,0.73216,0.73216
"M549.147T750.744",0.8518,0.76743,0.74896,0.74065,0.74026,0.74023,0.74023,0.74023
"M345.577T605.404",0.85107,0.62518,0.61239,0.62533,0.62481,0.62479,0.62479,0.62479
"M243.065T108.531",0.84901,0.68224,0.68823,0.67948,0.67958,0.67995,0.67995,0.67995
"M430.136T769.014",0.84816,1.0138,1.0533,1.1071,1.1063,1.1066,1.1066,1.1066
"M807.744T937.741",0.84563,0.85601,0.84419,0.83348,0.83332,0.8334,0.83341,0.83341
"M1163.56T905.015",0.8448,0.58829,0.70083,0.9069,0.90743,0.90731,0.90731,0.90731
"M139.002T112.479",0.84337,0.74086,0.72178,0.72009,0.71977,0.71965,0.71965,0.71965
"M693.278T872.306",0.84189,0.76136,0.81411,0.80635,0.80588,0.80584,0.80584,0.80584
"M870.649T1317.21",0.84149,0.57007,0.55658,0.54917,0.54875,0.54884,0.54885,0.54885
"M651.363T1268.695",0.83989,0.69409,0.68056,0.72162,0.7231,0.72364,0.72364,0.72364
"M1094.293T897.844",0.83793,0.77846,0.7594,0.74973,0.74976,0.74978,0.74978,0.74978
"M1014.419T974.744",0.83406,0.88403,0.86126,0.94891,0.94824,0.94841,0.94841,0.94841
"M333.135T1582.426",0.83166,1.0974,1.0718,1.073,1.0723,1.0722,1.0722,1.0722
"M927.368T972.44",0.83157,0.751,0.74579,0.74175,0.7413,0.74167,0.74168,0.74168
"M593.545T851.652",0.82969,0.71162,0.76124,0.75433,0.75403,0.75498,0.75498,0.75498
"M371.133T805.134",0.82779,0.75215,0.74258,0.76717,0.76653,0.76645,0.76645,0.76645
"M854.516T1290.85",0.82453,0.68797,0.6958,0.68963,0.69148,0.6916,0.6916,0.6916
"M549.258T834.983",0.82433,0.75902,0.74088,0.80754,0.81104,0.81093,0.81093,0.81093
"M548.179T817.387",0.82305,0.75972,0.74284,0.73343,0.73621,0.73616,0.73616,0.73616
"M1014.811T1344.847",0.82229,1.2099,1.1849,1.1723,1.1713,1.1713,1.1713,1.1713
"M503.126T874.193",0.81788,0.76038,0.80923,0.83973,0.83905,0.83948,0.83948,0.83948
"M1095.01T894.541",0.8159,0.59912,0.72503,0.71593,0.71581,0.71585,0.71585,0.71585
"M702.25T942.066",0.81378,0.71109,0.71366,0.70477,0.70435,0.70445,0.70445,0.70445
"M807.166T938.699",0.80886,0.89561,0.87335,0.8619,0.86231,0.86248,0.86248,0.86248
"M1243.514T983.057",0.8042,0.77788,0.7597,0.77308,0.77253,0.77276,0.77276,0.77276
"M957.374T926.518",0.80336,0.82772,0.83161,0.82073,0.82164,0.82151,0.82151,0.82151
"M911.268T936.747",0.80032,0.86237,0.84432,0.84151,0.84085,0.8409,0.84091,0.84091
"M385.077T649.201",0.79835,0.63209,0.62188,0.6183,0.61948,0.61946,0.61946,0.61946
"M697.753T1005.082",0.79617,0.65784,0.66031,0.6525,0.65809,0.65805,0.65805,0.65805
"M843.287T936.679",0.79177,0.90087,0.87924,0.87435,0.87397,0.87385,0.87385,0.87385
"M313.275T1417.53",0.79088,0.64624,0.65808,0.64933,0.65052,0.65041,0.65042,0.65042
"M1097.549T894.492",0.79034,0.74789,0.73765,0.76079,0.76074,0.76074,0.76074,0.76074
"M399.092T115.22",0.79013,0.69894,0.73685,0.73744,0.7372,0.73717,0.73716,0.73716
"M633.494T312.856",0.78857,0.59891,0.59535,0.59951,0.6,0.59994,0.59994,0.59994
"M806.073T940.272",0.78668,0.86253,0.84294,0.83772,0.83892,0.8388,0.8388,0.8388
"M447.094T753.734",0.7846,0.78011,0.76124,0.79277,0.79507,0.79521,0.79521,0.79521
"M593.922T852.299",0.78427,0.80095,0.8112,0.80976,0.80916,0.811,0.811,0.811
"M699.004T983.059",0.78407,0.80787,0.84973,0.89427,0.89379,0.89387,0.89387,0.89387
"M418.896T66.885",0.78315,0.76497,0.74529,0.7358,0.73524,0.73571,0.73571,0.73571
"M387.02T108.554",0.77797,0.66594,0.64911,0.64739,0.64696,0.6472,0.6472,0.6472
"M776.814T66.22",0.77613,1.341,1.3086,1.2937,1.2931,1.2929,1.2929,1.2929
"M442.938T91.386",0.77539,0.62941,0.61428,0.61417,0.61372,0.61438,0.61438,0.61438
"M289.084T863.831",0.77158,0.76333,0.7438,0.73395,0.73363,0.73373,0.73373,0.73373
"M513.235T964.262",0.76589,0.72777,0.7733,0.76535,0.76514,0.76508,0.76508,0.76508
"M225.002T107.866",0.76346,0.7671,0.74806,0.76179,0.76482,0.7647,0.7647,0.7647
"M328.886T98.013",0.7588,0.68173,0.66417,0.65799,0.65988,0.65989,0.6599,0.6599
"M968.4T974.568",0.75688,0.8923,0.86955,0.86799,0.87053,0.87043,0.87043,0.87043
"M1039.403T917.165",0.75523,0.87744,0.85544,0.8542,0.85567,0.8556,0.85559,0.85559
"M453.101T88.055",0.75362,0.59638,0.6107,0.60272,0.60232,0.60297,0.60297,0.60297
"M1035.367T890.845",0.75324,0.82468,0.82258,0.81377,0.81365,0.81352,0.81351,0.81351
"M613.983T886.617",0.75179,0.6181,0.62469,0.61687,0.61894,0.61978,0.61978,0.61978
"M755.7T809.167",0.75035,1.2257,1.1942,1.1834,1.1828,1.1832,1.1832,1.1832
"M441.162T763.637",0.74855,1.3461,1.3117,1.2943,1.2932,1.293,1.293,1.293
"M1097.037T893.528",0.74794,0.76085,0.77863,0.78655,0.78682,0.78725,0.78726,0.78726
"M345.37T608.086",0.74781,0.69829,0.68761,0.68939,0.68932,0.6892,0.6892,0.6892
"M355.571T782.72",0.74536,0.84103,0.81938,0.81753,0.81818,0.81806,0.81806,0.81806
"M974.806T67.938",0.74068,0.83752,1.043,1.0385,1.0394,1.0394,1.0394,1.0394
"M712.22T783.012",0.73989,0.84676,0.90706,0.9112,0.91251,0.91249,0.9125,0.9125
"M433.784T801.352",0.73669,1.3125,1.2787,1.2845,1.2835,1.2833,1.2833,1.2833
"M1197.439T886.215",0.73245,0.83758,0.83056,0.8211,0.82142,0.82136,0.82136,0.82136
"M418.894T1736.453",0.73023,0.76492,0.74683,0.73918,0.73871,0.73886,0.73886,0.73886
"M316.427T318.614",0.72994,0.69355,0.68862,0.69067,0.69141,0.69138,0.69138,0.69138
"M509.218T928.864",0.72761,0.73178,0.71732,0.72499,0.7244,0.72428,0.72428,0.72428
"M1007.373T920.82",0.72696,0.82499,0.81034,0.80318,0.80254,0.8024,0.8024,0.8024
"M431.759T791.911",0.72551,1.3542,1.3245,1.3124,1.3135,1.3133,1.3133,1.3133
"M693.17T791.92",0.72409,0.70654,0.7047,0.69603,0.69737,0.69727,0.69728,0.69728
"M479.19T902.518",0.72401,1.2222,1.192,1.1888,1.1882,1.1881,1.1881,1.1881
"M688.854T66.858",0.72374,0.86135,0.98492,0.97243,0.97341,0.97328,0.97329,0.97329
"M1390.547T1005.094",0.72221,1.0439,1.017,1.0035,1.0026,1.0027,1.0027,1.0027
"M289.886T1868.955",0.71808,0.74649,0.73208,0.72237,0.72272,0.72271,0.72271,0.72271
"M544.284T936.329",0.71712,0.60214,0.63055,0.62232,0.62185,0.62237,0.62237,0.62237
"M1197.053T906.963",0.71327,0.46501,0.58198,0.84467,0.8444,0.84464,0.84464,0.84464
"M567.778T908.116",0.71048,0.58063,0.66588,0.68613,0.68621,0.6861,0.6861,0.6861
"M280.961T95.439",0.70851,0.71438,0.7043,0.69575,0.69737,0.69726,0.69726,0.69726
"M593.857T757.673",0.70733,0.7158,0.80177,0.82281,0.8259,0.82655,0.82655,0.82655
"M911.26T1004.032",0.70725,0.94225,0.91818,0.91379,0.91373,0.91361,0.91361,0.91361
"M531.078T845.355",0.70717,0.72099,0.75849,0.77467,0.77428,0.77419,0.77419,0.77419
"M1130.433T884.599",0.70539,0.81602,0.80485,0.79724,0.79684,0.79673,0.79673,0.79673
"M419.115T799.29",0.70524,0.70192,0.6963,0.68723,0.6875,0.68738,0.68738,0.68738
"M451.125T735.96",0.7038,0.79944,0.78503,0.77615,0.77605,0.77592,0.77592,0.77592
"M473.173T806.642",0.70116,0.63635,0.7652,0.79411,0.79419,0.79417,0.79417,0.79417
"M409.045T138.763",0.69864,0.72892,0.7153,0.70737,0.70737,0.70736,0.70736,0.70736
"M315.108T761.986",0.69303,1.3963,1.3617,1.3447,1.3436,1.3434,1.3434,1.3434
"M354.093T750.969",0.69023,0.68462,0.71782,0.73624,0.73574,0.73614,0.73614,0.73614
"M950.337T882.881",0.68735,0.90293,0.88463,0.89329,0.89376,0.89363,0.89363,0.89363
"M551.272T837.928",0.68548,0.76546,0.75611,0.75403,0.75357,0.75346,0.75346,0.75346
"M354.957T108.842",0.68077,0.73963,0.72074,0.71216,0.71254,0.71249,0.71249,0.71249
"M676.309T1245.665",0.68,0.61035,0.59464,0.58793,0.58756,0.58764,0.58765,0.58765
"M587.201T848.147",0.67617,0.78039,0.77511,0.76873,0.76937,0.76924,0.76924,0.76924
"M1095.872T896.96",0.67611,0.82586,0.80605,0.80376,0.80354,0.80372,0.80372,0.80372
"M1327.552T905.478",0.67579,0.61555,0.60296,0.6965,0.69616,0.69627,0.69627,0.69627
"M655.655T928.688",0.67547,0.66324,0.67493,0.67228,0.67518,0.67521,0.67521,0.67521
"M1131.537T924.362",0.67429,0.6556,0.64091,0.64149,0.64284,0.64365,0.64365,0.64365
"M884.8T66.979",0.67419,1.3926,1.3609,1.3961,1.3981,1.3983,1.3983,1.3983
"M289.026T88.643",0.67351,1.3127,1.2873,1.3515,1.3512,1.351,1.351,1.351
"M1095.906T894.31",0.67311,0.8616,0.85004,0.84273,0.84205,0.84197,0.84197,0.84197
"M702.255T837.404",0.67225,0.82454,0.80954,0.79888,0.79889,0.79877,0.79877,0.79877
"M890.319T900.562",0.66749,0.8124,0.79178,0.79486,0.7942,0.79407,0.79407,0.79407
"M483.129T913.248",0.66697,0.98603,0.99173,1.02,1.0201,1.02,1.02,1.02
"M526.316T1188.04",0.66492,0.99453,0.96936,0.9929,0.99418,0.99402,0.99402,0.99402
"M1008.375T923.099",0.65923,0.88476,0.86506,0.86284,0.86268,0.86256,0.86256,0.86256
"M653.691T320.692",0.6584,0.59891,0.65141,0.64286,0.64242,0.64232,0.64233,0.64233
"M1014.782T1351.411",0.6579,1.1353,1.1068,1.0971,1.0963,1.0963,1.0963,1.0963
"M507.151T845.473",0.65724,0.80414,0.7846,0.77793,0.77736,0.7773,0.7773,0.7773
"M309.118T727.508",0.65529,0.80248,0.79605,0.82274,0.82205,0.82191,0.82191,0.82191
"M385.113T791.317",0.65306,0.69032,0.68255,0.68546,0.68498,0.68486,0.68486,0.68486
"M569.775T895.343",0.6511,0.70349,0.7,0.73769,0.73783,0.73779,0.73779,0.73779
"M397.075T138.684",0.6476,0.72277,0.70761,0.70238,0.70261,0.70256,0.70256,0.70256
"M1095.063T894.34",0.6458,0.70252,0.73896,0.77057,0.771,0.77089,0.77089,0.77089
"M909.388T926.435",0.64205,0.94627,0.92572,0.94411,0.94379,0.94367,0.94367,0.94367
"M478.295T1238.56",0.64088,0.55138,0.53735,0.53367,0.53431,0.53453,0.53453,0.53453
"M812.842T69.273",0.64039,1.3233,1.2971,1.2811,1.2809,1.2812,1.2812,1.2812
"M519.896T67.425",0.63858,0.57493,0.79381,0.78325,0.78451,0.78442,0.78442,0.78442
"M335.137T198.47",0.63836,0.80141,0.78385,0.7736,0.77297,0.77287,0.77287,0.77287
"M821.606T900.199",0.62979,0.93414,0.92523,0.91291,0.91246,0.9123,0.9123,0.9123
"M1323.606T888.291",0.62888,0.81229,0.81715,0.81431,0.81548,0.81555,0.81555,0.81555
"M591.465T1235.608",0.62758,1.1983,1.1979,1.1821,1.1821,1.1823,1.1823,1.1823
"M384.097T310.658",0.62731,0.71747,0.69945,0.69133,0.69154,0.69143,0.69143,0.69143
"M447.151T677.76",0.62715,0.73531,0.72537,0.73108,0.73069,0.73059,0.73059,0.73059
"M799.852T67.938",0.62632,1.2103,1.1943,1.1785,1.1787,1.1785,1.1785,1.1785
"M1071.559T892.477",0.62419,0.75305,0.76477,0.77664,0.77656,0.77654,0.77654,0.77654
"M295.104T156.471",0.62325,0.79047,0.7799,0.77029,0.7701,0.76997,0.76997,0.76997
"M353.228T471.773",0.62216,0.71274,0.70529,0.69593,0.69563,0.6981,0.6981,0.6981
"M377.162T1630.7",0.61847,0.728,0.70974,0.70109,0.70235,0.70243,0.70242,0.70242
"M545.297T1155.639",0.6175,0.77462,0.88383,0.87364,0.87368,0.87408,0.87408,0.87408
"M569.273T895.199",0.61702,0.71315,0.71975,0.74935,0.74954,0.74942,0.74942,0.74942
"M357.49T758.525",0.61377,1.1304,1.1296,1.1196,1.1187,1.1185,1.1185,1.1185
"M555.17T790.902",0.61202,0.74603,0.75034,0.74156,0.74099,0.74117,0.74117,0.74117
"M617.133T750.744",0.61189,0.72422,0.73149,0.75726,0.75718,0.7576,0.7576,0.7576
"M709.31T874.193",0.61181,0.88712,0.86486,0.8536,0.853,0.85287,0.85287,0.85287
"M1192.357T906.767",0.61067,0.59607,0.59827,0.62928,0.63012,0.63008,0.63008,0.63008
"M287.076T110.312",0.60903,0.6901,0.67235,0.66348,0.66437,0.66439,0.66439,0.66439
"M505.902T66.721",0.60687,0.73893,0.92946,0.92448,0.92623,0.92611,0.92611,0.92611
"M497.175T1191.749",0.60675,0.58669,0.57681,0.576,0.57761,0.57806,0.57806,0.57806
"M1000.263T316.358",0.60321,0.67507,0.65863,0.64987,0.64948,0.64943,0.64943,0.64943
"M698.988T986.183",0.60289,0.73414,0.7659,0.85602,0.85594,0.8558,0.8558,0.8558
"M1042.422T909.151",0.60233,0.72513,0.71084,0.77914,0.77874,0.77863,0.77863,0.77863
"M924.351T839.79",0.60175,0.90978,0.90268,0.89357,0.89291,0.89277,0.89277,0.89277
"M1036.399T977.849",0.59973,0.83686,0.81549,0.82407,0.82695,0.82686,0.82686,0.82686
"M645.252T899.393",0.59586,0.78865,0.78855,0.77937,0.78156,0.7815,0.7815,0.7815
"M459.959T106.348",0.59479,0.68437,0.71577,0.70859,0.70809,0.70807,0.70807,0.70807
"M937.388T970.431",0.59427,0.80954,0.78958,0.78797,0.78732,0.78725,0.78725,0.78725
"M586.884T67.938",0.5941,1.2854,1.2678,1.2537,1.2528,1.2529,1.2529,1.2529
"M440.855T1728.569",0.59107,1.0496,1.0251,1.0578,1.0623,1.0622,1.0622,1.0622
"M1308.415T315.705",0.59092,0.93431,0.92412,0.92141,0.92201,0.922,0.922,0.922
"M998.861T1404.179",0.58934,0.70384,0.69261,0.68415,0.6865,0.68649,0.68649,0.68649
"M418.974T1483.997",0.58853,0.66132,0.64813,0.63953,0.64255,0.64248,0.64248,0.64248
"M1229.54T895.369",0.58697,0.75689,0.74654,0.74449,0.74637,0.74635,0.74635,0.74635
"M1224.522T894.229",0.58641,0.74507,0.76677,0.7573,0.75726,0.7572,0.7572,0.7572
"M333.191T983.058",0.58492,1.1711,1.1876,1.1737,1.1773,1.1772,1.1772,1.1772
"M613.774T885.363",0.58412,0.695,0.70116,0.70209,0.70426,0.70425,0.70425,0.70425
"M743.317T783.373",0.58323,0.74326,0.73277,0.73364,0.73392,0.73388,0.73389,0.73389
"M609.959T835.516",0.58274,0.85475,0.90568,0.93824,0.93746,0.93764,0.93764,0.93764
"M656.833T67.115",0.58174,0.8486,0.87646,0.87685,0.87707,0.87694,0.87694,0.87694
"M815.832T67.938",0.5802,1.0623,1.1522,1.137,1.1362,1.136,1.136,1.136
"M401.144T790.222",0.57638,0.81672,0.81107,0.80095,0.80046,0.80034,0.80034,0.80034
"M310.974T92.682",0.5761,0.89974,0.87658,0.86577,0.86561,0.86547,0.86547,0.86547
"M419.03T798.766",0.57496,0.66665,0.65842,0.73403,0.73353,0.73358,0.73358,0.73358
"M561.217T921.818",0.57425,0.76432,0.7553,0.74536,0.74585,0.74601,0.74601,0.74601
"M633.053T106.254",0.57032,0.65241,0.63815,0.62966,0.6293,0.62944,0.62944,0.62944
"M340.859T1719.351",0.56769,0.74447,0.72613,0.72086,0.72116,0.72104,0.72104,0.72104
"M367.103T818.837",0.56658,1.3513,1.3289,1.3121,1.311,1.3109,1.3109,1.3109
"M293.177T1099.499",0.56415,0.71361,0.72167,0.72105,0.72263,0.72259,0.72259,0.72259
"M515.105T113.414",0.561,0.68969,0.72272,0.76547,0.76491,0.76499,0.76499,0.76499
"M775.809T66.684",0.5596,0.79535,0.8483,0.84429,0.84498,0.84484,0.84484,0.84484
"M642.242T817.768",0.5592,0.67062,0.68802,0.68499,0.68555,0.68566,0.68567,0.68567
"M1093.54T895.081",0.55861,0.71459,0.71951,0.7506,0.75079,0.75067,0.75067,0.75067
"M322.969T105.104",0.55815,0.66563,0.6498,0.6549,0.65445,0.65444,0.65444,0.65444
"M638.078T817.768",0.55662,0.97196,0.95321,0.97281,0.97228,0.97214,0.97214,0.97214
"M728.286T863.521",0.55467,1.212,1.2354,1.2192,1.2182,1.218,1.218,1.218
"M708.241T861.396",0.55407,0.90054,0.88311,0.87154,0.87154,0.87149,0.87149,0.87149
"M507.209T930.4",0.55097,0.64607,0.64825,0.69269,0.69325,0.69316,0.69315,0.69315
"M674.842T67.64",0.55061,0.67689,0.70237,0.69584,0.69526,0.69516,0.69516,0.69516
"M241.033T103.182",0.54685,0.66298,0.66444,0.65632,0.65862,0.65881,0.65881,0.65881
"M367.08T114.463",0.54641,0.72974,0.72278,0.71559,0.71508,0.71543,0.71543,0.71543
"M1013.86T1346.532",0.54215,0.72773,0.71246,0.71355,0.71451,0.71442,0.71442,0.71442
"M1130.454T886.215",0.54208,0.89206,0.86909,0.87279,0.87226,0.87212,0.87212,0.87212
"M445.207T780.093",0.54174,0.80717,0.78987,0.77936,0.77872,0.77877,0.77877,0.77877
"M806.159T933.966",0.54133,0.94543,0.92298,0.91079,0.91082,0.91072,0.91072,0.91072
"M1161.526T895.081",0.54001,0.72478,0.71439,0.75686,0.75692,0.75679,0.75679,0.75679
"M409.075T744.412",0.5396,0.74516,0.72681,0.71819,0.71807,0.718,0.718,0.718
"M706.816T67.734",0.53887,1.0777,1.0529,1.0391,1.039,1.039,1.039,1.039
"M383.609T322.831",0.53763,0.71815,0.6999,0.69059,0.69176,0.69164,0.69164,0.69164
"M541.046T1246.429",0.53575,0.51768,0.51144,0.51117,0.51105,0.5111,0.51111,0.51111
"M1106.454T890.453",0.53459,0.79484,0.77533,0.77349,0.77286,0.77279,0.77279,0.77279
"M255.115T921.266",0.5313,0.59559,0.60304,0.71549,0.71495,0.71566,0.71566,0.71566
"M260.967T89.826",0.53066,0.77665,0.94388,0.9315,0.93101,0.93122,0.93122,0.93122
"M1031.347T966.014",0.53056,0.85269,0.83525,0.82788,0.82727,0.82717,0.82717,0.82717
"M1614.109T935.709",0.52926,0.73858,0.72626,0.72457,0.72611,0.72605,0.72605,0.72605
"M333.062T883.084",0.52882,0.87126,0.89065,0.88645,0.88572,0.8858,0.88581,0.88581
"M693.424T1336.51",0.52847,0.79501,0.86879,0.8586,0.85798,0.85821,0.85822,0.85822
"M727.414T1292.189",0.52449,0.64237,0.63693,0.63622,0.63626,0.63657,0.63657,0.63657
"M355.433T783.665",0.52402,0.84102,0.83176,0.8207,0.82092,0.82079,0.82079,0.82079
"M684.885T67.374",0.52236,0.85584,1.0624,1.0483,1.0518,1.0517,1.0517,1.0517
"M1079.533T897.421",0.51828,0.76484,0.7593,0.75452,0.75439,0.75429,0.75429,0.75429
"M268.959T125.12",0.51786,1.102,1.0772,1.0641,1.0636,1.0635,1.0635,1.0635
"M309.119T137.634",0.51664,0.80369,0.78344,0.7966,0.796,0.79587,0.79587,0.79587
"M387.346T67.938",0.51661,1.1226,1.0968,1.0826,1.0817,1.0815,1.0815,1.0815
"M431.156T735.48",0.515,0.67502,0.65936,0.68652,0.68705,0.6873,0.6873,0.6873
"M851.912T1326.892",0.51341,0.54568,0.58603,0.57857,0.57906,0.5791,0.5791,0.5791
"M444.872T67.426",0.51255,0.60081,0.58555,0.57994,0.58079,0.58099,0.58099,0.58099
"M1296.442T316.362",0.51108,0.92138,0.90207,0.89767,0.89818,0.89823,0.89823,0.89823
"M399.165T851.906",0.51089,0.72531,0.70863,0.72604,0.72544,0.72534,0.72534,0.72534
"M1134.038T907.684",0.51036,0.33333,0.78498,0.78914,0.78866,0.78855,0.78855,0.78855
"M851.154T319.552",0.50927,0.69314,0.6762,0.6682,0.66942,0.66932,0.66932,0.66932
"M293.177T1149.195",0.50899,0.79013,0.77188,0.76194,0.7615,0.76159,0.7616,0.7616
"M316.508T323.984",0.50535,0.67292,0.65589,0.64723,0.64755,0.64751,0.64751,0.64751
"M318.143T1501.634",0.50256,0.69825,0.69403,0.68634,0.69204,0.69193,0.69193,0.69193
"M799.289T814.54",0.50084,0.91622,0.8928,0.88355,0.88289,0.8829,0.8829,0.8829
"M344.844T1719.46",0.49979,0.60653,0.62831,0.62303,0.62348,0.62356,0.62356,0.62356
"M1094.211T893.809",0.4992,0.85725,0.86054,0.87485,0.87484,0.87531,0.87532,0.87532
"M292.991T104.104",0.4975,0.71295,0.69577,0.68664,0.68775,0.68767,0.68767,0.68767
"M481.183T807.444",0.49686,0.87492,0.85314,0.85299,0.85232,0.85218,0.85218,0.85218
"M1031.84T1213.333",0.49671,0.62802,0.61544,0.60802,0.6095,0.60942,0.60942,0.60942
"M349.072T1165.294",0.49455,1.2119,1.1823,1.1666,1.1663,1.1662,1.1662,1.1662
"M836.743T1479.398",0.49424,0.66529,0.64842,0.65497,0.65516,0.65522,0.65522,0.65522
"M998.841T1404.514",0.4919,0.70943,0.70638,0.69756,0.69919,0.69911,0.69911,0.69911
"M695.289T1193.403",0.4917,0.61263,0.60956,0.6015,0.601,0.60121,0.60122,0.60122
"M323.187T1016.246",0.48855,1.078,1.063,1.0629,1.0632,1.0632,1.0632,1.0632
"M322.871T96.154",0.48757,0.71393,0.69625,0.68872,0.6889,0.68936,0.68937,0.68937
"M861.253T1033.436",0.48751,1.1263,1.099,1.1056,1.1052,1.1053,1.1053,1.1053
"M402.187T763.436",0.48652,1.2447,1.2127,1.1968,1.1963,1.1962,1.1962,1.1962
"M743.85T66.912",0.48401,0.77692,0.88313,0.8781,0.88032,0.88042,0.88042,0.88042
"M848.315T857.496",0.48358,0.94372,0.92214,0.93015,0.93031,0.93046,0.93046,0.93046
"M990.329T838.789",0.48185,0.99234,0.96854,0.9813,0.9808,0.98064,0.98064,0.98064
"M447.152T782.273",0.48081,0.76875,0.77309,0.76515,0.76697,0.76686,0.76686,0.76686
"M437.041T470.729",0.47992,1.303,1.2696,1.2586,1.2575,1.2573,1.2573,1.2573
"M609.153T789.212",0.47957,0.83668,0.81516,0.80493,0.80434,0.80424,0.80424,0.80424
"M621.037T758.225",0.47815,0.82609,0.82206,0.81815,0.81747,0.81735,0.81735,0.81735
"M1043.424T909.662",0.47815,0.68321,0.67963,0.70758,0.70706,0.70716,0.70715,0.70715
"M336.86T96.244",0.47798,0.66201,0.69733,0.6947,0.6948,0.69509,0.6951,0.6951
"M429.25T1071.941",0.47684,0.76672,0.74697,0.73721,0.73743,0.73731,0.73731,0.73731
"M465.105T746.988",0.47221,0.7621,0.75128,0.7799,0.78096,0.78088,0.78088,0.78088
"M517.897T66.885",0.47084,0.97929,1.0825,1.0768,1.0782,1.0781,1.0781,1.0781
"M310.969T105.491",0.4706,1.2339,1.238,1.2522,1.2517,1.2514,1.2514,1.2514
"M425.103T1191.927",0.46852,0.80944,0.78906,0.78069,0.78017,0.78046,0.78046,0.78046
"M1162.051T893.06",0.46765,0.76301,0.76797,0.77647,0.77753,0.7774,0.7774,0.7774
"M383.555T317.319",0.4666,0.73381,0.71527,0.70589,0.70629,0.70618,0.70618,0.70618
"M769.419T945.253",0.46498,0.77841,0.76095,0.75092,0.75156,0.75153,0.75153,0.75153
"M513.129T730.532",0.46435,0.58347,0.59735,0.61103,0.61089,0.6112,0.6112,0.6112
"M653.913T316.046",0.46282,0.7869,0.76851,0.76281,0.76332,0.76322,0.76322,0.76322
"M560.837T67.188",0.46113,0.38317,0.37753,0.40853,0.41447,0.41484,0.41484,0.41484
"M277.129T811.716",0.46096,1.1635,1.1359,1.131,1.1303,1.1303,1.1303,1.1303
"M467.051T320.771",0.46069,0.81463,0.7957,0.79147,0.79086,0.79152,0.79152,0.79152
"M325.2T1323.486",0.45995,0.61671,0.62148,0.62084,0.6204,0.62095,0.62095,0.62095
"M1611.697T937.933",0.45965,1.2466,1.2183,1.2202,1.2192,1.2195,1.2195,1.2195
"M643.039T106.784",0.45873,1.1003,1.0721,1.0593,1.0592,1.0591,1.0591,1.0591
"M1193.356T907.422",0.45783,0.5988,0.70453,0.75805,0.75743,0.75739,0.75739,0.75739
"M367.058T823.98",0.45513,1.178,1.1625,1.2011,1.2009,1.2008,1.2008,1.2008
"M321.216T1624.59",0.45191,0.73019,0.71332,0.70488,0.70643,0.70634,0.70634,0.70634
"M493.23T921.818",0.45184,0.80562,0.81869,0.80855,0.80788,0.80776,0.80776,0.80776
"M643.188T893.85",0.45173,0.60605,0.59096,0.58324,0.58276,0.58385,0.58386,0.58386
"M632.847T316.374",0.44904,0.6978,0.68189,0.69454,0.69419,0.69422,0.69423,0.69423
"M437.044T765.875",0.44885,1.2832,1.257,1.2404,1.2394,1.2393,1.2393,1.2393
"M868.801T68.637",0.44878,1.1183,1.2181,1.2132,1.2126,1.2124,1.2124,1.2124
"M1094.047T894.516",0.44702,0.73724,0.7651,0.79603,0.79668,0.79657,0.79657,0.79657
"M361.323T326.759",0.44564,0.92483,0.91066,0.91908,0.91835,0.91863,0.91863,0.91863
"M559.066T758.189",0.44551,0.81525,0.80224,0.79815,0.79753,0.79739,0.79739,0.79739
"M1103.415T879.391",0.4452,0.84435,0.82452,0.83318,0.83311,0.83297,0.83297,0.83297
"M919.493T1102.884",0.441,0.70246,0.68985,0.69074,0.69523,0.69512,0.69512,0.69512
"M445.095T115.802",0.44047,0.72805,0.71933,0.71206,0.71169,0.71157,0.71157,0.71157
"M481.224T887.168",0.44043,0.65051,0.64487,0.64465,0.64609,0.6462,0.6462,0.6462
"M483.183T857.732",0.43887,0.83722,0.8233,0.82981,0.83053,0.83059,0.83059,0.83059
"M950.342T882.081",0.43798,0.88421,0.86417,0.89044,0.89016,0.89011,0.89011,0.89011
"M456.925T66.979",0.43577,0.57189,0.73082,0.73606,0.73546,0.7354,0.73541,0.73541
"M426.882T91.046",0.43543,0.63887,0.62364,0.61681,0.61661,0.61671,0.61671,0.61671
"M474.881T66.41",0.43304,0.94971,0.93635,0.94064,0.9401,0.94013,0.94013,0.94013
"M657.063T941.851",0.43263,0.73962,0.72196,0.72486,0.72503,0.72554,0.72554,0.72554
"M621.221T884.304",0.4317,0.77797,0.77129,0.76259,0.76197,0.76185,0.76185,0.76185
"M1223.501T894.767",0.4309,0.82202,0.80804,0.80238,0.80306,0.80292,0.80292,0.80292
"M522.878T65.745",0.4304,0.69315,0.67637,0.66777,0.66753,0.66756,0.66757,0.66757
"M657.169T756.884",0.42948,0.79209,0.77572,0.87601,0.87561,0.87635,0.87635,0.87635
"M641.167T774.439",0.42909,0.78704,0.76727,0.81346,0.81335,0.81399,0.81399,0.81399
"M1204.491T868.846",0.42785,0.88635,0.91626,0.90461,0.90385,0.90416,0.90416,0.90416
"M701.195T940.853",0.42589,0.82719,0.81278,0.80867,0.80849,0.80853,0.80852,0.80852
"M533.169T900.984",0.42583,0.8588,0.83975,0.8286,0.82791,0.82837,0.82837,0.82837
"M494.168T786.301",0.42476,0.78107,0.7651,0.86006,0.85941,0.85927,0.85927,0.85927
"M585.15T892.945",0.42374,0.80493,0.7842,0.78261,0.78224,0.78212,0.78212,0.78212
"M1137.546T907.004",0.42344,0.70729,0.78387,0.77344,0.77446,0.77436,0.77436,0.77436
"M460.969T105.772",0.4199,0.81095,0.80739,0.7971,0.79869,0.79855,0.79855,0.79855
"M643.851T67.124",0.4191,0.85081,0.90175,0.90273,0.90482,0.90469,0.90469,0.90469
"M581.318T900.123",0.41817,1.1418,1.1169,1.1028,1.102,1.1018,1.1018,1.1018
"M1117.54T932.512",0.418,0.84575,0.844,0.84218,0.84187,0.84176,0.84175,0.84175
"M289.056T250.757",0.41705,0.94072,0.95131,0.9387,0.93892,0.93881,0.93881,0.93881
"M657.109T89.959",0.41665,0.62083,0.60702,0.61584,0.61615,0.61654,0.61654,0.61654
"M683.887T67.591",0.41637,1.2046,1.2604,1.2664,1.2704,1.2702,1.2702,1.2702
"M453.099T792.789",0.41435,0.71426,0.71593,0.72765,0.72705,0.72693,0.72693,0.72693
"M745.161T766.586",0.41182,1.2504,1.2184,1.2047,1.2037,1.2035,1.2035,1.2035
"M575.926T1053.198",0.41156,0.60599,0.65391,0.66839,0.66819,0.66861,0.66861,0.66861
"M665.182T815.828",0.40959,0.90679,0.88485,0.8799,0.87939,0.87925,0.87925,0.87925
"M611.538T834.844",0.40938,0.84367,0.85217,0.88664,0.88594,0.8861,0.8861,0.8861
"M329.088T474.939",0.40898,0.76446,0.7453,0.74172,0.74118,0.74106,0.74106,0.74106
"M610.849T834.902",0.40763,0.87682,0.89434,0.94108,0.94052,0.94089,0.94089,0.94089
"M767.194T317.413",0.40382,1.0708,1.0465,1.0366,1.0357,1.0356,1.0356,1.0356
"M549.174T847.493",0.40344,0.81896,0.79942,0.78907,0.78843,0.78847,0.78846,0.78846
"M830.24T316.247",0.4017,0.77262,0.75276,0.78133,0.78068,0.78057,0.78056,0.78056
"M372.9T1734.569",0.39939,0.73765,0.72246,0.71354,0.71318,0.71334,0.71334,0.71334
"M343.102T681.368",0.39837,0.85529,0.86247,0.85258,0.85324,0.8531,0.8531,0.8531
"M413.179T861.909",0.39831,1.1729,1.2649,1.2519,1.2537,1.2541,1.2541,1.2541
"M833.365T968.818",0.3982,1.3267,1.2926,1.2812,1.2802,1.28,1.28,1.28
"M354.093T469.671",0.39658,1.253,1.2213,1.215,1.2139,1.2138,1.2138,1.2138
"M331.068T223.104",0.39551,0.99616,0.97055,0.96637,0.9656,0.96543,0.96543,0.96543
"M329.089T195.942",0.3952,0.65243,0.71374,0.71725,0.71682,0.71697,0.71697,0.71697
"M316.385T321.843",0.39224,0.69031,0.67278,0.66549,0.66687,0.66678,0.66678,0.66678
"M653.783T316.318",0.39173,0.64443,0.62881,0.62056,0.62005,0.61995,0.61995,0.61995
"M353.082T316.368",0.39113,0.74888,0.73081,0.72281,0.72263,0.72265,0.72265,0.72265
"M654.601T316.399",0.38539,0.71141,0.71421,0.711,0.71174,0.71166,0.71166,0.71166
"M548.979T106.308",0.38314,0.78577,0.7751,0.7675,0.76801,0.76788,0.76788,0.76788
"M625.178T776.712",0.38298,0.71065,0.69776,0.80991,0.80923,0.80923,0.80922,0.80922
"M1109.422T909.522",0.38152,0.86107,0.84167,0.89671,0.89613,0.89622,0.89622,0.89622
"M327.108T784.235",0.38041,0.73815,0.76164,0.75281,0.75238,0.75287,0.75287,0.75287
"M395.048T106.9",0.37913,0.84396,0.83951,0.83054,0.83077,0.83063,0.83063,0.83063
"M421.069T767.549",0.37876,1.2732,1.2404,1.2251,1.2241,1.224,1.224,1.224
"M375.07T470.729",0.37688,1.2344,1.2027,1.1966,1.1956,1.1955,1.1955,1.1955
"M632.663T319.55",0.37631,1.0562,1.0291,1.0159,1.015,1.0149,1.0149,1.0149
"M728.88T67.591",0.37607,1.2203,1.3019,1.2885,1.2884,1.2883,1.2883,1.2883
"M433.661T789.942",0.37383,1.076,1.0522,1.0413,1.0408,1.0406,1.0406,1.0406
"M870.702T1303.064",0.37364,0.62574,0.60976,0.6261,0.62876,0.62882,0.62882,0.62882
"M427.197T838.449",0.37326,1.0987,1.071,1.0827,1.0829,1.0827,1.0827,1.0827
"M637.025T106.841",0.37136,1.0682,1.0558,1.0441,1.0433,1.0431,1.0431,1.0431
"M501.375T66.858",0.37084,1.2121,1.2941,1.2929,1.2919,1.2917,1.2917,1.2917
"M527.309T1189.176",0.36984,0.98239,0.98973,0.98838,0.98763,0.9875,0.9875,0.9875
"M1129.441T885.407",0.36926,0.83625,0.82806,0.82118,0.82069,0.82063,0.82064,0.82064
"M714.253T913.384",0.36836,0.91613,0.89449,0.89411,0.89346,0.89347,0.89347,0.89347
"M649.026T106.128",0.36802,0.73597,0.72794,0.72851,0.72942,0.7293,0.7293,0.7293
"M1395.396T991.455",0.36627,0.72384,0.708,0.78681,0.7867,0.78668,0.78668,0.78668
"M413.091T89.817",0.36243,0.60981,0.65308,0.64501,0.64654,0.64674,0.64674,0.64674
"M653.891T318.024",0.36184,0.78365,0.78103,0.77247,0.77208,0.77207,0.77207,0.77207
"M688.263T861.089",0.36048,1.0396,1.0382,1.0303,1.0316,1.0314,1.0314,1.0314
"M759.826T66.885",0.35894,0.94867,1.0619,1.0537,1.055,1.0549,1.0549,1.0549
"M701.333T69.273",0.35763,0.71833,0.82835,0.84067,0.84088,0.84074,0.84074,0.84074
"M1144.448T942.538",0.35704,0.96976,0.95561,0.95346,0.95309,0.95302,0.95302,0.95302
"M701.418T1268.098",0.35637,0.66727,0.67596,0.66918,0.67186,0.67274,0.67274,0.67274
"M334.932T113.331",0.35526,0.74317,0.7249,0.71954,0.71953,0.71941,0.71941,0.71941
"M397.002T110.368",0.35488,0.77534,0.75925,0.78261,0.78197,0.78184,0.78184,0.78184
"M377.181T797.379",0.35347,0.7696,0.75041,0.74246,0.74188,0.7419,0.7419,0.7419
"M1103.384T928.554",0.3497,0.84461,0.82665,0.83675,0.83621,0.83612,0.83612,0.83612
"M615.152T88.13",0.34883,0.77659,0.76038,0.76762,0.76708,0.7671,0.7671,0.7671
"M1161.521T895.466",0.34791,0.75048,0.76004,0.77428,0.77556,0.77546,0.77546,0.77546
"M707.828T66.684",0.34656,1.0326,1.0094,0.99685,0.99657,0.99664,0.99664,0.99664
"M383.433T314.152",0.34568,0.73148,0.71317,0.70619,0.7072,0.70708,0.70708,0.70708
"M293.179T1541.097",0.34517,0.77261,0.7534,0.75005,0.75039,0.75027,0.75027,0.75027
"M345.082T140.774",0.34494,0.87315,0.85695,0.85149,0.85078,0.85064,0.85064,0.85064
"M398.263T1317.762",0.34378,0.76587,0.77502,0.76484,0.7643,0.76417,0.76417,0.76417
"M601.172T845.875",0.34316,0.8156,0.79475,0.7848,0.78421,0.78408,0.78408,0.78408
"M297.119T136.686",0.34304,0.82877,0.81612,0.80896,0.80856,0.80858,0.80858,0.80858
"M429.121T110.997",0.34304,0.73754,0.71924,0.71325,0.71382,0.71392,0.71392,0.71392
"M429.486T320.767",0.3428,0.7077,0.68956,0.68045,0.68217,0.68207,0.68207,0.68207
"M485.178T783.442",0.34167,1.0109,0.98689,1.0019,1.0011,1.0017,1.0017,1.0017
"M771.203T760.252",0.34044,1.0435,1.0389,1.0293,1.029,1.0288,1.0288,1.0288
"M971.627T318.415",0.33941,1.0059,0.98967,0.97667,0.97585,0.97568,0.97568,0.97568
"M807.007T938.915",0.3388,0.95786,0.95596,0.94656,0.94651,0.94686,0.94686,0.94686
"M487.212T857.117",0.33753,0.83069,0.82683,0.8233,0.82261,0.82268,0.82268,0.82268
"M456.197T892.811",0.33731,0.86577,0.84381,0.83463,0.83396,0.83382,0.83382,0.83382
"M469.095T760.602",0.33726,0.7371,0.71848,0.71147,0.71103,0.71095,0.71095,0.71095
"M221.066T891.624",0.33724,1.0142,1.0131,1.006,1.0076,1.0076,1.0076,1.0076
"M362.298T315.255",0.33422,0.83234,0.81125,0.80285,0.80258,0.8026,0.8026,0.8026
"M473.196T813.174",0.33325,0.80736,0.80577,0.80207,0.80264,0.80303,0.80304,0.80304
"M617.247T870.852",0.33286,0.885,0.8723,0.8607,0.86007,0.85995,0.85995,0.85995
"M773.211T817.036",0.33037,0.93644,0.9171,0.90509,0.9047,0.90455,0.90455,0.90455
"M279.164T1571.945",0.32899,0.76749,0.74929,0.73935,0.7417,0.74162,0.74162,0.74162
"M741.841T67.938",0.32884,0.81929,0.83765,0.83811,0.83787,0.83786,0.83786,0.83786
"M265.093T134.502",0.32792,0.7435,0.73952,0.73004,0.72968,0.73004,0.73004,0.73004
"M1305.428T315.265",0.32622,0.83177,0.82693,0.81656,0.81872,0.81872,0.81872,0.81872
"M985.784T316.247",0.32492,0.94621,0.93702,0.92885,0.9281,0.92835,0.92835,0.92835
"M631.833T319.717",0.32333,1.0091,0.98446,0.97263,0.9727,0.97278,0.97278,0.97278
"M344.099T126.621",0.32165,0.81539,0.79454,0.79107,0.79054,0.79045,0.79045,0.79045
"M447.259T942.596",0.32089,0.86914,0.84943,0.84873,0.84828,0.84819,0.84819,0.84819
"M206.988T126.118",0.31915,0.70094,0.69393,0.6867,0.68772,0.68765,0.68765,0.68765
"M967.561T1349.704",0.31785,0.80034,0.78438,0.77762,0.77779,0.77774,0.77774,0.77774
"M433.351T780.04",0.3178,1.1562,1.1877,1.1777,1.1767,1.177,1.177,1.177
"M395.189T761.387",0.31676,0.86995,0.8496,0.84173,0.84172,0.84159,0.84159,0.84159
"M991.316T318.206",0.31436,0.70973,0.69145,0.68759,0.68703,0.68694,0.68694,0.68694
"M805.362T924.937",0.31351,1.0488,1.0234,1.0099,1.0092,1.009,1.009,1.009
"M359.098T671.316",0.31304,0.79936,0.78159,0.77189,0.77225,0.77254,0.77254,0.77254
"M413.104T602.912",0.31291,0.72123,0.7063,0.71124,0.71066,0.71055,0.71055,0.71055
"M269.15T1584.952",0.31228,0.98107,0.96091,0.95046,0.95112,0.95146,0.95146,0.95146
"M1143.426T942.716",0.31022,0.9807,0.96093,0.97077,0.97034,0.97033,0.97033,0.97033
"M461.152T871.999",0.30946,0.82916,0.83299,0.83494,0.83492,0.8348,0.8348,0.8348
"M751.173T317.266",0.30865,0.77091,0.7559,0.74651,0.74593,0.74582,0.74581,0.74581
"M626.212T761.224",0.30744,1.099,1.1043,1.1071,1.1062,1.1061,1.1061,1.1061
"M784.154T761.471",0.30713,1.1079,1.0851,1.0715,1.0707,1.0706,1.0706,1.0706
"M429.646T308.971",0.30699,0.77014,0.75127,0.7434,0.74297,0.74296,0.74296,0.74296
"M517.099T802.454",0.30659,0.7407,0.72452,0.7585,0.75802,0.75801,0.75801,0.75801
"M969.321T316.442",0.30578,0.92916,0.92808,0.91685,0.91692,0.91678,0.91677,0.91677
"M285.909T1803.837",0.30528,0.77465,0.75483,0.74489,0.7454,0.74531,0.74531,0.74531
"M885.822T66.912",0.30518,0.9134,1.0998,1.0885,1.089,1.0889,1.0889,1.0889
"M454.975T107.571",0.30307,0.81237,0.80482,0.79558,0.79586,0.79597,0.79597,0.79597
"M875.467T1241.171",0.30305,0.77207,0.79102,0.78422,0.78411,0.78398,0.78398,0.78398
"M351.085T316.423",0.30303,0.77994,0.76089,0.75221,0.75186,0.75179,0.75179,0.75179
"M1162.522T896.44",0.30157,0.70429,0.74832,0.74138,0.7414,0.74134,0.74134,0.74134
"M265.261T1518.666",0.30071,1.0654,1.0404,1.0303,1.0309,1.0308,1.0308,1.0308
"M545.846T78.22",0.30035,0.65421,0.67212,0.66369,0.66768,0.66773,0.66773,0.66773
"M529.154T821.794",0.29954,0.78316,0.79523,0.7856,0.78607,0.78654,0.78654,0.78654
"M969.4T973.77",0.29884,0.98977,0.96903,0.96193,0.96277,0.96284,0.96284,0.96284
"M644.846T66.885",0.29681,0.63545,0.67402,0.66636,0.66775,0.66769,0.6677,0.6677
"M1297.451T316.098",0.29646,0.89282,0.87571,0.87029,0.87135,0.87138,0.87138,0.87138
"M359.022T90.408",0.29569,1.1232,1.1142,1.1015,1.1011,1.1009,1.1009,1.1009
"M885.489T1408.277",0.29513,0.87516,0.85306,0.84392,0.84379,0.84365,0.84365,0.84365
"M438.049T766.588",0.29502,1.1003,1.0863,1.0723,1.0714,1.0719,1.0719,1.0719
"M472.886T66.482",0.29314,0.89184,0.93527,0.92298,0.92256,0.92245,0.92245,0.92245
"M700.328T66.684",0.29308,0.94744,1.0034,0.9915,0.99348,0.99332,0.99332,0.99332
"M632.993T321.252",0.29291,1.0141,1.014,1.0012,1.0012,1.0011,1.0011,1.0011
"M1048.557T894.929",0.29178,0.83079,0.81472,0.82671,0.82644,0.82642,0.82642,0.82642
"M593.709T851.665",0.29172,0.79396,0.77575,0.86026,0.85961,0.85958,0.85958,0.85958
"M559.04T89.345",0.28944,0.75088,0.73609,0.7285,0.7279,0.72933,0.72933,0.72933
"M591.2T844.598",0.28937,1.0367,1.01,0.99773,0.9971,0.99697,0.99698,0.99698
"M313.093T320.692",0.28644,0.76398,0.74791,0.73796,0.73769,0.73757,0.73757,0.73757
"M429.504T310.912",0.28619,0.789,0.76928,0.76271,0.76296,0.76284,0.76284,0.76284
"M847.188T757.14",0.28382,0.94094,0.9241,0.91842,0.91781,0.91766,0.91766,0.91766
"M317.087T121.975",0.27776,0.86622,0.8468,0.83657,0.83672,0.83658,0.83658,0.83658
"M433.777T806.208",0.27759,0.88263,0.86423,0.86919,0.86857,0.86847,0.86847,0.86847
"M180.971T1182.798",0.27689,0.76563,0.75645,0.74726,0.74663,0.74654,0.74654,0.74654
"M331.103T255.151",0.27301,0.81618,0.79541,0.7859,0.78665,0.78658,0.78658,0.78658
"M1044.425T908.907",0.27061,0.98164,0.95638,0.98662,0.98601,0.98588,0.98587,0.98587
"M665.267T889.419",0.27046,1.1256,1.1016,1.0878,1.0872,1.087,1.087,1.087
"M705.205T926.435",0.26981,0.90877,0.89189,0.89986,0.89912,0.89995,0.89995,0.89995
"M851.794T1356.146",0.26832,0.62026,0.60791,0.60411,0.60464,0.6052,0.6052,0.6052
"M1009.607T1323.757",0.26764,0.9706,0.94622,0.93755,0.93822,0.93816,0.93816,0.93816
"M545.298T995.647",0.26336,0.71577,0.72846,0.71947,0.71995,0.71984,0.71984,0.71984
"M274.971T109.977",0.26185,1.123,1.0967,1.0831,1.0825,1.0824,1.0824,1.0824
"M633.572T315.643",0.26131,0.67481,0.65775,0.65977,0.65971,0.65963,0.65963,0.65963
"M970.001T316.098",0.26129,0.84593,0.82482,0.81642,0.81761,0.81782,0.81782,0.81782
"M269.103T792.774",0.26106,1.0926,1.0675,1.0564,1.0555,1.0554,1.0554,1.0554
"M483.209T897.853",0.25963,0.80002,0.79232,0.78795,0.78735,0.78725,0.78725,0.78725
"M311.065T863.883",0.25897,0.75885,0.77645,0.7962,0.79653,0.79676,0.79676,0.79676
"M271.021T88.704",0.25873,0.78648,0.77879,0.78618,0.78552,0.78566,0.78566,0.78566
"M653.935T315.929",0.25819,0.78093,0.76158,0.75725,0.75705,0.75692,0.75692,0.75692
"M471.897T67.543",0.2576,0.85637,0.86656,0.85505,0.85548,0.85534,0.85534,0.85534
"M399.065T319.722",0.25661,0.84597,0.88712,0.88002,0.87934,0.88146,0.88146,0.88146
"M389.182T799.355",0.25344,0.74083,0.72629,0.74114,0.7407,0.74074,0.74074,0.74074
"M614.901T67.494",0.25319,1.2642,1.4211,1.4023,1.4024,1.4022,1.4022,1.4022
"M559.728T1193.65",0.25224,0.82051,0.81438,0.80461,0.8049,0.80618,0.80619,0.80619
"M404.065T806.181",0.25134,0.93297,0.9224,0.9253,0.92478,0.92538,0.92538,0.92538
"M653.717T312.26",0.25124,0.54878,0.55975,0.56094,0.56132,0.56167,0.56167,0.56167
"M428.2T856.891",0.24966,1.1971,1.1714,1.1577,1.1568,1.1566,1.1566,1.1566
"M863.184T809.21",0.24838,0.75815,0.75107,0.79274,0.79211,0.79227,0.79227,0.79227
"M643.245T813.714",0.24806,0.81608,0.79885,0.78985,0.79072,0.79067,0.79067,0.79067
"M442.823T96.43",0.24725,0.76031,0.76751,0.7584,0.75776,0.75864,0.75864,0.75864
"M471.152T726.342",0.24682,0.91417,0.90223,0.8909,0.89072,0.8906,0.8906,0.8906
"M502.995T105.736",0.24682,1.1745,1.1547,1.14,1.14,1.1398,1.1398,1.1398
"M970.813T317.253",0.24502,0.75377,0.73589,0.73119,0.73098,0.73086,0.73086,0.73086
"M459.149T771.729",0.24449,1.0705,1.0429,1.0294,1.0288,1.0286,1.0286,1.0286
"M351.13T801.057",0.24325,0.8582,0.84569,0.83496,0.83453,0.83448,0.83448,0.83448
"M654.008T318.692",0.24223,1.037,1.0107,1.0108,1.0102,1.0101,1.0101,1.0101
"M413.167T733.785",0.24176,0.69318,0.67687,0.67736,0.67734,0.6773,0.6773,0.6773
"M999.727T1404.686",0.24159,0.87181,0.85444,0.84495,0.84728,0.84714,0.84714,0.84714
"M1071.439T878.893",0.24139,1.2016,1.1708,1.1653,1.1647,1.1646,1.1646,1.1646
"M772.809T66.771",0.24079,0.94742,1.0397,1.0421,1.0451,1.045,1.045,1.045
"M661.253T876.035",0.23937,1.0564,1.0477,1.0351,1.0345,1.0346,1.0346,1.0346
"M434.871T1737.903",0.23914,0.8367,0.82216,0.81478,0.81435,0.81437,0.81437,0.81437
"M470.098T771.956",0.23835,0.84706,0.83759,0.83003,0.82968,0.8299,0.8299,0.8299
"M809.433T1339.33",0.23811,0.78213,0.766,0.75651,0.75688,0.75692,0.75692,0.75692
"M1053.286T316.584",0.23614,0.75491,0.73697,0.73123,0.73066,0.73053,0.73053,0.73053
"M435.959T107.38",0.23609,1.1507,1.1547,1.142,1.1431,1.1431,1.1431,1.1431
"M1096.548T894.929",0.2344,0.76628,0.79066,0.80308,0.80374,0.80361,0.80361,0.80361
"M435.217T805.716",0.23413,1.0142,0.98973,1.0101,1.0092,1.0091,1.0091,1.0091
"M405.167T106.416",0.23145,0.89163,0.87315,0.8627,0.86381,0.86414,0.86414,0.86414
"M1143.444T941.11",0.23133,1.0173,0.99832,0.99247,0.99183,0.99173,0.99173,0.99173
"M576.861T67.042",0.23082,0.97071,0.94574,0.93479,0.934,0.93393,0.93393,0.93393
"M353.052T831.694",0.22938,0.78279,0.86683,0.92075,0.92173,0.92157,0.92157,0.92157
"M821.506T1329.663",0.22667,1.0656,1.0467,1.0357,1.0358,1.0356,1.0356,1.0356
"M413.192T1370.63",0.22391,0.61259,0.59801,0.59773,0.59817,0.59884,0.59884,0.59884
"M630.629T315.233",0.22374,0.68932,0.68176,0.68058,0.68128,0.6815,0.6815,0.6815
"M1308.932T316.358",0.22301,0.76067,0.74706,0.74324,0.74522,0.74526,0.74526,0.74526
"M673.289T892.945",0.21911,1.0386,1.0118,1.0089,1.0085,1.0083,1.0083,1.0083
"M497.261T974.778",0.21875,0.83099,0.81335,0.8205,0.8207,0.82073,0.82073,0.82073
"M246.886T1784.096",0.21785,0.79037,0.77116,0.76176,0.76189,0.76178,0.76178,0.76178
"M963.275T732.778",0.21774,0.83376,0.82854,0.81957,0.81892,0.81881,0.81881,0.81881
"M627.173T806.181",0.21548,0.85509,0.83427,0.83131,0.83111,0.83102,0.83102,0.83102
"M1037.324T316.098",0.21279,0.78704,0.76917,0.76104,0.7604,0.7603,0.7603,0.7603
"M379.101T757.973",0.21239,0.71473,0.69681,0.68843,0.68791,0.68792,0.68792,0.68792
"M1063.398T908.83",0.21233,1.128,1.1031,1.1107,1.1098,1.1099,1.1099,1.1099
"M357.576T759.445",0.21118,0.78838,0.77035,0.76264,0.7621,0.76198,0.76198,0.76198
"M1031.288T315.245",0.20889,0.73993,0.72235,0.72413,0.72353,0.72345,0.72345,0.72345
"M729.273T847.264",0.20828,1.0966,1.071,1.0574,1.0566,1.0566,1.0566,1.0566
"M941.508T1318.851",0.208,0.74242,0.72333,0.7142,0.7166,0.71654,0.71654,0.71654
"M567.171T792.05",0.2074,0.79268,0.77327,0.76354,0.7629,0.76286,0.76286,0.76286
"M664.226T813.714",0.20617,0.84777,0.84531,0.83451,0.83437,0.83431,0.83431,0.83431
"M557.187T899.436",0.20581,0.66939,0.80761,0.7986,0.79794,0.7983,0.7983,0.7983
"M600.854T66.846",0.20444,0.71729,0.71811,0.73319,0.73532,0.73605,0.73605,0.73605
"M795.27T865.806",0.20286,1.043,1.0346,1.0218,1.0214,1.0215,1.0214,1.0214
"M633.753T316.098",0.20263,0.75925,0.74344,0.73355,0.733,0.73317,0.73317,0.73317
"M267.196T1364.412",0.19924,0.82858,0.80734,0.79659,0.79652,0.79688,0.79689,0.79689
"M273.314T67.476",0.19828,1.046,1.2014,1.1856,1.1857,1.1856,1.1856,1.1856
"M969.813T316.499",0.19501,0.50522,0.50211,0.50407,0.50422,0.5057,0.5057,0.5057
"M999.268T316.316",0.19409,0.94395,0.93814,0.92653,0.92575,0.92561,0.92561,0.92561
"M547.145T895.878",0.19275,0.9643,0.94196,0.93014,0.9304,0.93143,0.93143,0.93143
"M445.135T747.805",0.19077,1.0267,1.0065,1.0009,1.0002,1,1,1
"M392.068T765.784",0.19025,0.78847,0.773,0.77093,0.7703,0.77083,0.77083,0.77083
"M1035.397T978.889",0.18992,0.86354,0.84457,0.87264,0.8745,0.87439,0.87439,0.87439
"M397.259T1311.545",0.1891,1.0767,1.0732,1.0819,1.0813,1.0813,1.0813,1.0813
"M1030.642T1193.369",0.18623,0.75175,0.73525,0.75718,0.75695,0.75725,0.75725,0.75725
"M869.849T1307.413",0.18486,0.78646,0.77958,0.77354,0.7762,0.77616,0.77616,0.77616
"M650.407T1378.088",0.18455,1.0415,1.0273,1.0137,1.013,1.0128,1.0128,1.0128
"M695.298T853.355",0.18218,0.98793,0.99935,1.0002,0.99936,0.99998,0.99998,0.99998
"M472.901T67.482",0.18178,0.81134,0.84166,0.84286,0.84331,0.84364,0.84364,0.84364
"M653.861T317.501",0.17996,0.94532,0.92157,0.91017,0.90941,0.90926,0.90926,0.90926
"M443.191T791.98",0.1791,0.83447,0.815,0.81695,0.81626,0.81617,0.81617,0.81617
"M655.873T943.419",0.17809,0.88931,0.87009,0.85864,0.85942,0.85968,0.85968,0.85968
"M409.172T733.287",0.17779,0.74047,0.72162,0.75044,0.75075,0.75081,0.75081,0.75081
"M851.819T1425.446",0.17659,1.1123,1.0988,1.0873,1.0866,1.0866,1.0866,1.0866
"M982.374T904.236",0.17374,1.0404,1.0136,1.0008,1.0003,1.0001,1.0001,1.0001
"M439.009T107.459",0.17373,0.8407,0.81921,0.812,0.81348,0.81338,0.81338,0.81338
"M451.218T291.531",0.17227,1.0952,1.0764,1.0663,1.0655,1.0653,1.0653,1.0653
"M437.065T776.272",0.17219,0.79691,0.77701,0.78468,0.78422,0.78412,0.78412,0.78412
"M415.225T881.978",0.17179,0.90058,0.95439,0.94334,0.94416,0.9449,0.9449,0.9449
"M626.185T785.506",0.17128,0.97773,0.95558,0.943,0.9439,0.94414,0.94415,0.94415
"M657.266T958.998",0.17048,0.7376,0.81141,0.80795,0.80822,0.80889,0.80888,0.80888
"M732.876T67.374",0.16985,1.0827,1.2063,1.193,1.1926,1.1924,1.1924,1.1924
"M631.863T318.629",0.16893,0.77029,0.75146,0.74449,0.74411,0.74398,0.74398,0.74398
"M521.022T764.729",0.16855,0.98456,0.9677,0.99671,0.99611,0.99606,0.99606,0.99606
"M676.835T65.732",0.16777,0.68122,0.66569,0.65844,0.66165,0.6619,0.6619,0.6619
"M615.195T761.983",0.16677,0.78521,0.76752,0.75735,0.75795,0.75789,0.75789,0.75789
"M429.365T315.31",0.16652,0.64064,0.62467,0.61636,0.61758,0.61769,0.61769,0.61769
"M1045.593T1289.364",0.16618,1.0152,0.99093,0.98178,0.98099,0.98083,0.98082,0.98082
"M1269.507T907.7",0.16548,0.67329,0.72651,0.73389,0.73609,0.73611,0.73611,0.73611
"M969.317T316.321",0.16431,0.84272,0.83241,0.82395,0.82367,0.82367,0.82367,0.82367
"M758.447T1173.243",0.16319,0.79425,0.78787,0.78183,0.78406,0.78403,0.78403,0.78403
"M753.298T903.043",0.16034,0.97416,0.94906,0.94319,0.9426,0.9428,0.9428,0.9428
"M1323.386T316.247",0.15999,0.7267,0.71389,0.7094,0.70951,0.70942,0.70942,0.70942
"M653.752T320.843",0.1586,0.81162,0.80505,0.79502,0.79452,0.79438,0.79438,0.79438
"M581.283T805.632",0.15851,0.88641,0.86552,0.86046,0.85974,0.8597,0.8597,0.8597
"M489.058T766.222",0.15832,1.2336,1.2357,1.2193,1.2185,1.2185,1.2185,1.2185
"M453.035T765.753",0.15803,0.94122,0.92687,0.92001,0.91935,0.91937,0.91937,0.91937
"M485.168T916.74",0.15691,1.0065,0.98868,0.97712,0.97646,0.97634,0.97634,0.97634
"M778.832T66.858",0.15668,0.8808,0.85821,0.8533,0.85309,0.85295,0.85295,0.85295
"M649.302T900.549",0.15613,0.85051,0.83578,0.82466,0.8242,0.82406,0.82406,0.82406
"M549.205T845.853",0.15521,0.92594,0.92265,0.91102,0.91025,0.9101,0.91011,0.91011
"M735.222T927.83",0.15488,0.95693,0.9956,0.9824,0.98158,0.98143,0.98143,0.98143
"M726.808T67.734",0.15282,0.78261,0.77314,0.78454,0.78395,0.78397,0.78397,0.78397
"M475.146T746.942",0.15183,0.97421,0.94941,0.93938,0.93986,0.93971,0.93971,0.93971
"M1053.272T316.465",0.15078,0.96873,0.96132,0.949,0.94822,0.94807,0.94807,0.94807
"M323.042T818.446",0.14979,1.0117,0.98908,1.003,1.0023,1.0021,1.0021,1.0021
"M323.019T128.103",0.14918,0.81794,0.80397,0.7933,0.79273,0.79261,0.79261,0.79261
"M495.025T292.616",0.14617,0.90809,0.90713,0.90071,0.89995,0.89996,0.89996,0.89996
"M449.202T630.506",0.14465,0.91662,0.8939,0.88264,0.8819,0.88176,0.88176,0.88176
"M537.08T758.19",0.14414,0.78643,0.7675,0.76054,0.76006,0.75993,0.75993,0.75993
"M447.959T106.92",0.14185,1.1407,1.1478,1.1395,1.1388,1.1388,1.1388,1.1388
"M418.218T902.438",0.14172,1.056,1.0325,1.0417,1.0411,1.041,1.041,1.041
"M487.016T806.181",0.1416,1.0245,0.99923,1.008,1.0073,1.0074,1.0074,1.0074
"M921.12T945.55",0.14031,0.73442,0.73304,0.72365,0.72653,0.72643,0.72643,0.72643
"M359.061T194.361",0.14013,0.81445,0.80053,0.81443,0.81382,0.81369,0.81369,0.81369
"M1014.89T1344.191",0.13777,0.80894,0.78834,0.78903,0.78947,0.78934,0.78934,0.78934
"M819.254T316.358",0.13767,0.76208,0.75239,0.74391,0.74346,0.74344,0.74344,0.74344
"M735.437T1351.512",0.13718,0.91402,0.8924,0.88512,0.88752,0.88741,0.88741,0.88741
"M1069.501T1402.821",0.13609,0.79225,0.77557,0.77008,0.77013,0.77074,0.77074,0.77074
"M385.188T793.619",0.1359,0.86868,0.85203,0.84484,0.8442,0.84408,0.84408,0.84408
"M951.343T881.927",0.13458,0.82924,0.82397,0.82108,0.82398,0.82399,0.82399,0.82399
"M547.234T852.079",0.1344,1.053,1.0311,1.0235,1.0228,1.0227,1.0227,1.0227
"M353.181T807.324",0.13426,0.94133,0.91977,0.93602,0.93524,0.93517,0.93516,0.93516
"M967.394T924.933",0.13342,0.89842,0.87673,0.87254,0.87346,0.87332,0.87332,0.87332
"M477.088T1628.76",0.13293,0.82375,0.80721,0.8057,0.80549,0.80547,0.80548,0.80548
"M1162.717T895.445",0.13202,0.95174,0.92729,0.96328,0.96271,0.96298,0.96298,0.96298
"M983.568T1252.43",0.13079,0.93069,0.9085,0.90055,0.90078,0.90067,0.90068,0.90068
"M621.052T106.9",0.12771,1.001,0.98642,0.97485,0.97416,0.97401,0.974,0.974
"M872.81T67.519",0.12578,1.1691,1.2205,1.2105,1.2121,1.2119,1.2119,1.2119
"M393.176T847.594",0.12499,0.98929,0.96614,0.95476,0.95397,0.95381,0.95381,0.95381
"M988.312T316.465",0.12477,0.74966,0.73196,0.72252,0.722,0.72202,0.72202,0.72202
"M1030.586T1195.906",0.12211,0.7062,0.6883,0.68166,0.68317,0.68307,0.68307,0.68307
"M329.088T425.59",0.12193,0.79615,0.78204,0.77434,0.77407,0.77406,0.77406,0.77406
"M1097.514T1402.931",0.12155,0.81739,0.80314,0.7958,0.796,0.79601,0.79601,0.79601
"M627.229T851.009",0.12096,1.1023,1.0739,1.0679,1.067,1.067,1.067,1.067
"M427.038T293.27",0.11855,1.0133,1.0277,1.0141,1.0132,1.0133,1.0133,1.0133
"M685.228T857.881",0.11744,1.0277,1.0068,0.99702,0.99775,0.99758,0.99758,0.99758
"M619.26T816.529",0.11581,0.86763,0.84528,0.83692,0.8367,0.83674,0.83674,0.83674
"M173.008T106.871",0.11574,0.91415,0.89489,0.88498,0.88425,0.88417,0.88417,0.88417
"M1323.575T889.628",0.11551,0.89761,0.88864,0.88834,0.88765,0.8877,0.8877,0.8877
"M611.22T783.374",0.11457,0.91125,0.90123,0.89101,0.89324,0.89368,0.89368,0.89368
"M505.029T765.672",0.11383,1.0155,1.0666,1.0719,1.0714,1.0712,1.0712,1.0712
"M203.204T105.674",0.1127,0.8287,0.84464,0.83479,0.83493,0.83486,0.83486,0.83486
"M413.081T316.361",0.11226,0.95652,0.9422,0.92986,0.92929,0.92913,0.92913,0.92913
"M405.08T802.267",0.11146,0.91212,0.88877,0.87842,0.87885,0.87923,0.87923,0.87923
"M451.174T880.577",0.1096,1.1717,1.1567,1.1545,1.1536,1.1535,1.1535,1.1535
"M570.518T894.146",0.10747,0.86155,0.83969,0.87658,0.87681,0.87689,0.87689,0.87689
"M463.182T861.112",0.1073,0.67774,0.72578,0.71621,0.71961,0.72035,0.72035,0.72035
"M289.086T1163.856",0.10594,0.96901,0.955,0.951,0.95028,0.95025,0.95025,0.95025
"M886.794T67.143",0.10367,1.1502,1.196,1.1821,1.182,1.1819,1.1819,1.1819
"M553.051T758.396",0.10362,0.85871,0.85364,0.87986,0.87916,0.87932,0.87932,0.87932
"M1096.195T893.605",0.10332,0.822,0.88051,0.86906,0.87053,0.87064,0.87064,0.87064
"M375.104T216.821",0.10271,0.93922,0.91519,0.90874,0.90858,0.90843,0.90843,0.90843
"M564.68T1183.74",0.09949,0.74026,0.7885,0.77869,0.78084,0.78104,0.78104,0.78104
"M760.823T66.885",0.097186,1.0455,1.0732,1.0648,1.0652,1.065,1.065,1.065
"M562.892T1151.046",0.096263,0.55611,0.61275,0.6048,0.6043,0.6047,0.60471,0.60471
"M865.489T1291.829",0.092616,0.82626,0.81273,0.80379,0.80572,0.80579,0.80579,0.80579
"M429.419T313.767",0.092313,1.0041,0.99216,1.0633,1.0626,1.0624,1.0624,1.0624
"M417.764T850.924",0.09177,0.96092,0.93829,0.93597,0.9356,0.9355,0.9355,0.9355
"M1057.411T880.24",0.091729,1.0274,1.0011,0.99056,0.99156,0.99139,0.99139,0.99139
"M457.136T788.61",0.091238,0.98718,0.96205,0.95881,0.95822,0.95822,0.95821,0.95821
"M626.824T67.188",0.087787,0.61964,0.60969,0.60235,0.60189,0.60182,0.60182,0.60182
"M492.868T66.13",0.087275,0.73083,0.71214,0.70277,0.70259,0.70248,0.70248,0.70248
"M651.317T893.83",0.087215,0.82106,0.79997,0.78962,0.78931,0.78946,0.78946,0.78946
"M942.469T1308.469",0.086599,0.82652,0.80679,0.79699,0.79904,0.79896,0.79896,0.79896
"M1125.418T877.844",0.083073,0.97235,0.95064,0.95073,0.95157,0.95154,0.95154,0.95154
"M524.183T892.811",0.082872,0.86567,0.84397,0.84105,0.84038,0.84024,0.84023,0.84023
"M632.783T316.499",0.082134,0.77933,0.75963,0.75579,0.75637,0.75728,0.75728,0.75728
"M969.939T315.438",0.081016,0.85142,0.85288,0.84636,0.84845,0.84931,0.84931,0.84931
"M443.058T752.856",0.080549,0.87175,0.89685,0.90159,0.90098,0.90083,0.90083,0.90083
"M609.054T106.871",0.076977,0.91782,0.92655,0.92036,0.91994,0.92,0.91999,0.91999
"M476.876T67.016",0.076597,0.81638,0.79572,0.79993,0.80001,0.80044,0.80044,0.80044
"M415.161T821.344",0.076141,0.78769,0.84919,0.83879,0.83974,0.83964,0.83964,0.83964
"M313.094T115.286",0.075264,0.80354,0.79156,0.78103,0.78104,0.78099,0.78099,0.78099
"M427.009T107.872",0.075178,0.87284,0.8694,0.85784,0.8589,0.85881,0.85881,0.85881
"M415.086T168.579",0.075053,0.91636,0.89275,0.88591,0.88542,0.88527,0.88527,0.88527
"M1087.412T876.684",0.073568,0.99469,0.96909,0.96547,0.9649,0.96476,0.96476,0.96476
"M289.446T802.654",0.073276,0.82776,0.82159,0.866,0.86684,0.86669,0.86669,0.86669
"M1255.613T888.434",0.072625,0.91148,0.90245,0.89862,0.89799,0.89799,0.89798,0.89798
"M657.832T67.374",0.071673,0.79826,0.8499,0.84123,0.84268,0.84255,0.84255,0.84255
"M1033.603T1229.397",0.070611,0.80403,0.78795,0.7903,0.78991,0.78992,0.78992,0.78992
"M429.387T309.562",0.069701,0.87755,0.85655,0.84515,0.84559,0.84662,0.84662,0.84662
"M683.129T316.242",0.069215,0.87974,0.85893,0.85319,0.85414,0.854,0.854,0.854
"M415.744T872.34",0.068614,0.85501,0.83903,0.84818,0.8478,0.84773,0.84773,0.84773
"M645.848T67.545",0.068596,0.68492,0.69392,0.69472,0.69757,0.6979,0.6979,0.6979
"M703.247T844.715",0.068091,0.97657,0.95306,0.94091,0.94021,0.94007,0.94007,0.94007
"M369.388T763.979",0.068059,0.91803,0.89497,0.94272,0.94194,0.9418,0.9418,0.9418
"M723.346T899.128",0.067589,0.83364,0.81346,0.81259,0.81274,0.81317,0.81317,0.81317
"M671.034T89.795",0.066993,0.7674,0.75133,0.7492,0.74866,0.74958,0.74958,0.74958
"M824.816T67.434",0.066807,0.96884,1.0349,1.0273,1.0322,1.0321,1.0321,1.0321
"M280.987T110.997",0.065713,0.95269,0.92923,0.91911,0.91892,0.91877,0.91877,0.91877
"M419.228T901.259",0.06518,0.86473,0.84875,0.86984,0.86984,0.8699,0.8699,0.8699
"M338.938T105.668",0.065149,0.94988,0.99053,1.0112,1.0104,1.0103,1.0103,1.0103
"M1085.513T1348.399",0.065042,0.87171,0.85846,0.85162,0.85149,0.85136,0.85136,0.85136
"M289.065T88.687",0.064887,0.89837,0.90403,0.89479,0.89457,0.89443,0.89444,0.89444
"M459.052T765.953",0.064032,0.71398,0.69845,0.69032,0.68974,0.68993,0.68992,0.68993
"M865.491T1326.551",0.062997,0.8862,0.86768,0.85967,0.86162,0.8615,0.8615,0.8615
"M1099.581T1224.487",0.062107,0.80788,0.78708,0.77916,0.77905,0.77892,0.77892,0.77892
"M511.24T944.134",0.061886,0.87789,0.86344,0.85466,0.85398,0.8541,0.8541,0.8541
"M508.215T930.69",0.059685,0.74199,0.74972,0.76587,0.76536,0.76531,0.76531,0.76531
"M643.847T66.912",0.058846,0.8434,0.85253,0.84453,0.84603,0.8459,0.8459,0.8459
"M448.965T106.062",0.058293,0.91229,0.91253,0.90194,0.9041,0.90396,0.90396,0.90396
"M345.119T282.765",0.057961,0.84928,0.86227,0.87374,0.87355,0.87345,0.87346,0.87346
"M569.181T807.905",0.056654,0.86073,0.84128,0.84319,0.8426,0.84246,0.84246,0.84246
"M661.226T856.483",0.056599,1.0542,1.0295,1.0163,1.0159,1.0157,1.0157,1.0157
"M630.654T314.128",0.056426,0.79743,0.789,0.77935,0.77874,0.77867,0.77867,0.77867
"M621.125T857.148",0.056011,1.0728,1.0452,1.0537,1.0531,1.053,1.053,1.053
"M530.968T106.005",0.053054,0.96003,0.93974,0.92918,0.92868,0.92853,0.92853,0.92853
"M483.178T941.182",0.050762,0.89193,0.88891,0.88858,0.89108,0.89111,0.89111,0.89111
"M333.926T91.902",0.047164,0.96085,0.93879,0.9332,0.93492,0.9348,0.9348,0.9348
"M508.881T66.935",0.044391,0.78745,0.79107,0.7819,0.78151,0.78138,0.78138,0.78138
"M591.094T89.826",0.044214,0.84349,0.82329,0.81693,0.81721,0.81725,0.81725,0.81725
"M311.138T170.155",0.041584,0.92814,0.91246,0.90054,0.89987,0.89983,0.89983,0.89983
"M475.877T67.555",0.039715,0.75311,0.74243,0.73562,0.73662,0.7371,0.73711,0.73711
"M572.874T67.143",0.038832,0.7757,0.84043,0.8293,0.83145,0.83132,0.83133,0.83133
"M408.906T66.13",0.038321,0.59537,0.58075,0.57657,0.57608,0.57601,0.57602,0.57602
"M997.575T1403.78",0.036967,0.81533,0.81255,0.80371,0.80369,0.80381,0.80381,0.80381
"M881.515T1351.787",0.035568,0.90375,0.88223,0.87122,0.87092,0.87085,0.87085,0.87085
"M653.828T318.352",0.035319,0.80052,0.78125,0.77111,0.77237,0.77231,0.77231,0.77231
"M568.907T66.858",0.034965,0.89065,0.89154,0.88106,0.88042,0.88058,0.88058,0.88058
"M968.386T889.852",0.034684,1.0555,1.0666,1.0704,1.0715,1.0713,1.0713,1.0713
"M469.208T948.545",0.034273,0.9439,0.92137,0.9274,0.92719,0.92708,0.92708,0.92708
"M937.515T1306.76",0.032762,0.85872,0.83922,0.84054,0.84173,0.84162,0.84162,0.84162
"M553.164T782.325",0.031801,0.88587,0.87584,0.86421,0.86356,0.86374,0.86374,0.86374
"M864.188T806.912",0.031009,0.93872,0.93166,0.93841,0.93798,0.93794,0.93794,0.93794
"M669.182T316.584",0.030887,0.84626,0.83625,0.82517,0.82448,0.82435,0.82435,0.82435
"M465.141T849.089",0.030699,0.896,0.87494,0.88504,0.88437,0.88424,0.88424,0.88424
"M565.23T844.341",0.029974,0.87057,0.8639,0.85843,0.8579,0.85777,0.85777,0.85777
"M1100.582T1225.322",0.029884,0.82721,0.80627,0.79643,0.7967,0.79658,0.79658,0.79658
"M1209.581T888.373",0.02968,0.90099,0.87782,0.9159,0.91513,0.91498,0.91498,0.91498
"M501.195T803.697",0.028863,0.87967,0.85716,0.88916,0.88916,0.88904,0.88904,0.88904
"M631.877T67.938",0.028647,0.9466,1.001,0.98864,0.995,0.99484,0.99484,0.99484
"M306.936T1813.234",0.028598,0.84894,0.83101,0.82018,0.81969,0.81956,0.81956,0.81956
"M539.134T89.251",0.027522,0.89816,0.87646,0.87548,0.87493,0.87481,0.87481,0.87481
"M771.83T66.444",0.027225,1.0164,1.0375,1.0383,1.0387,1.0386,1.0386,1.0386
"M1014.585T1348.471",0.026928,0.90977,0.89212,0.88475,0.88423,0.88409,0.88409,0.88409
"M757.441T1176.453",0.026874,0.77773,0.76168,0.76554,0.76526,0.7657,0.76571,0.76571
"M432.997T107.064",0.026128,0.90711,0.8973,0.88557,0.88718,0.88733,0.88733,0.88733
"M347.091T1147.321",0.025212,0.95069,0.93558,0.93004,0.92927,0.92919,0.92919,0.92919
"M658.83T67.591",0.023365,0.79826,0.80491,0.79638,0.79657,0.79656,0.79657,0.79657
"M455.193T892.238",0.022957,1.0243,0.99878,1.0131,1.0125,1.0126,1.0126,1.0126
"M691.153T854.793",0.022506,1.0275,1.004,1.0176,1.0167,1.0166,1.0166,1.0166
"M938.802T67.374",0.022021,0.9958,1.1019,1.1146,1.1206,1.1206,1.1206,1.1206
"M209.025T89.634",0.021255,0.77105,0.75119,0.781,0.78241,0.78231,0.78231,0.78231
"M485.063T759.194",0.020776,0.79646,0.77919,0.76907,0.76907,0.76914,0.76914,0.76914
"M1015.586T1347.819",0.020225,0.89401,0.87502,0.86847,0.86799,0.86786,0.86786,0.86786
"M1031.899T1225.646",0.019608,0.61885,0.61211,0.61439,0.61391,0.61441,0.61441,0.61441
"M1009.554T1308.282",0.019031,0.79434,0.77547,0.76526,0.76663,0.76667,0.76667,0.76667
"M985.574T1225.672",0.017154,0.75511,0.73652,0.74052,0.73991,0.74019,0.74019,0.74019
"M559.667T1200.71",0.012587,0.87667,0.86906,0.86158,0.86114,0.86119,0.86119,0.86119
"M1161.883T894.146",0.011718,0.72157,0.77607,0.77218,0.77319,0.77316,0.77316,0.77316
"M361.589T316.501",0.011263,0.86045,0.84111,0.8324,0.83209,0.83217,0.83216,0.83216
"M397.074T474.916",0.01107,0.85981,0.84829,0.83706,0.83636,0.83622,0.83622,0.83622
"M970.768T318.573",0.010152,0.81338,0.79698,0.78648,0.78582,0.78578,0.78578,0.78578
"M579.301T894.416",0.0099922,0.77945,0.79273,0.78262,0.78318,0.78306,0.78306,0.78306
"M457.19T799.683",0.0086739,0.90409,0.88391,0.87214,0.87141,0.87183,0.87182,0.87182
"M768.448T1315.096",0.007439,0.96215,0.93779,0.93187,0.93163,0.93147,0.93147,0.93147
"M585.878T68.251",0.0064912,0.95663,0.97087,0.95854,0.95827,0.95828,0.95828,0.95828
"M1013.583T1347.533",0.0059939,0.88459,0.86817,0.85993,0.85968,0.85956,0.85956,0.85956
"M775.338T1039.594",0.0058237,1.2092,1.2447,1.2293,1.23,1.2298,1.2298,1.2298
"M524.849T67.744",0.0050263,0.60961,0.59444,0.61558,0.61766,0.61756,0.61756,0.61756
"M391.065T766.545",0.0048511,0.76599,0.74834,0.75181,0.75122,0.7511,0.7511,0.7511
"M413.108T298.268",0.0047056,0.78801,0.83834,0.82756,0.82688,0.82679,0.8268,0.8268
"M870.809T67.494",0.0046714,0.8167,1.0358,1.0409,1.0422,1.0425,1.0425,1.0425
"M814.836T68.186",0.0040776,1.1659,1.247,1.2305,1.2314,1.2315,1.2315,1.2315
"M771.811T66.858",0.003741,1.0501,1.1049,1.1038,1.104,1.1039,1.1039,1.1039
"M714.826T66.684",0.0033743,1.0055,1.0169,1.015,1.0148,1.0147,1.0147,1.0147
"M836.522T1479.692",0.0030601,0.8897,0.87041,0.86028,0.86163,0.86156,0.86155,0.86155
"M630.879T67.545",0.0026145,0.93569,0.98852,0.97638,0.97686,0.97676,0.97676,0.97676
"M371.09T764.993",0.0021847,0.88641,0.86363,0.85936,0.8588,0.85867,0.85867,0.85867
