"","comp 1","comp 2","comp 3","comp 4","comp 5"
"M445.095T115.802",-0.51537,0,0,0,0
"M643.245T813.714",-0.46724,0,0,0,0
"M769.419T945.253",-0.45986,0,0,0,0
"M703.247T844.715",-0.45152,0,0,0,0
"M581.283T805.632",-0.21556,0,0,0,0
"M881.515T1351.787",-0.15674,0,0,0,0
"M617.247T870.852",-0.1457,0,0,0,0
"M708.241T861.396",-0.083125,0,0,0,0
"M375.104T216.821",-0.038844,0,0,0,0
"M657.109T89.959",-0.0075544,0,0,0,0
"M238.069T801.926",0,0.54438,0,0,0
"M433.122T384.02",0,0.50304,0,0,0
"M469.019T418.674",0,0.46811,0,0,0
"M204.085T413.719",0,0.26077,0,0,0
"M401.027T415.826",0,0.23965,0,0,0
"M684.191T618.708",0,0.23481,0,0,0
"M339.058T415.891",0,0.17476,0,0,0
"M516.992T825.04",0,0.090709,0,0,0
"M299.07T414.239",0,0.084067,0,0,0
"M455.021T825.04",0,0.071227,0,0,0
"M375.07T470.729",0,0,0,0,0
"M562.053T1195.871",0,0,0,0,0
"M943.502T1194.413",0,0,0,0,0
"M1096.565T894.076",0,0,0,0,0
"M354.093T469.671",0,0,0,0,0
"M437.041T470.729",0,0,0,0,0
"M444.996T106.721",0,0,0,0,0
"M808.155T1200.534",0,0,0,0,0
"M631.151T795.429",0,0,0,0,0
"M757.441T1176.453",0,0,0,0,0
"M967.577T1245.908",0,0,0,0,0
"M511.24T944.134",0,0,0,0,0
"M557.187T899.436",0,0,0,0,0
"M1029.931T1194.947",0,0,0,0,0
"M563.252T904.514",0,0,0,0,0
"M337.092T724.593",0,0,0,0,0
"M758.447T1173.243",0,0,0,0,0
"M852.114T1329.753",0,0,0,0,0
"M854.516T1290.85",0,0,0,0,0
"M1013.86T1346.532",0,0,0,0,0
"M852.067T1329.714",0,0,0,0,0
"M627.643T1193.32",0,0,0,0,0
"M941.508T1318.851",0,0,0,0,0
"M701.418T1268.098",0,0,0,0,0
"M1013.583T1248.821",0,0,0,0,0
"M968.577T1247.645",0,0,0,0,0
"M559.618T1204.987",0,0,0,0,0
"M923.451T1327.672",0,0,0,0,0
"M917.49T1360.024",0,0,0,0,0
"M875.467T1241.171",0,0,0,0,0
"M1085.513T1348.399",0,0,0,0,0
"M466.978T106.664",0,0,0,0,0
"M851.519T1328.051",0,0,0,0,0
"M861.451T1062.153",0,0,0,0,0
"M559.975T1203.448",0,0,0,0,0
"M545.297T1155.639",0,0,0,0,0
"M1059.606T1053.565",0,0,0.53165,0,0
"M1096.195T893.605",0,0,0,0,0
"M180.067T785.272",0,0,0,0,0
"M849.51T1359.918",0,0,0,0,0
"M633.053T106.254",0,0,0,0,0
"M1014.89T1344.191",0,0,0,0,0
"M473.173T806.642",0,0,0,0,0
"M1269.507T907.7",0,0,0,0,0
"M985.574T1225.672",0,0,0,0,0
"M1030.586T1195.906",0,0,0,0,0
"M1097.549T894.492",0,0,0,0,0
"M901.267T743.636",0,0,0,0,0
"M779.462T1401.836",0,0,0,0,0
"M917.503T1359.918",0,0,0,0,0
"M851.912T1326.892",0,0,0,0,0
"M705.267T1050.095",0,0,0,0,0
"M983.568T1252.43",0,0,0,0,0
"M457.19T799.683",0,0,0,0,0
"M846.46T1187.467",0,0,0,0,0
"M821.506T1329.663",0,0,0,0,0
"M347.184T1141.626",0,0,0,0,0
"M768.448T1315.096",0,0,0,0,0
"M531.078T845.355",0,0,0,0,0
"M309.118T727.508",0,0,0,0,0
"M345.183T1137.887",0,0,0,0,0
"M1076.649T1193.389",0,0,0,0,0
"M919.515T1328.715",0,0,0,0,0
"M277.217T1196.341",0,0,0,0,0
"M655.999T943.196",0,0,0,0,0
"M565.05T98.887",0,0,0,0,0
"M277.129T811.716",0,0,0,0,0
"M655.038T106.771",0,0,0,0,0
"M1075.647T1193.908",0,0,0,0,0
"M649.026T106.128",0,0,0,0,0
"M1097.561T894.34",0,0,0,0,0
"M1014.585T1248.122",0,0,0,0,0
"M868.517T1202.592",0,0,0,0,0
"M1015.588T1248.088",0,0,0,0,0
"M921.374T936.829",0,0,0,0,0
"M851.794T1356.146",0,0,0,0,0
"M451.007T107.467",0,0,0,0,0
"M808.919T1196.341",0,0,0,0,0
"M1013.97T1244.591",0,0,0,0,0
"M1100.582T1225.322",0,0,0,0,0
"M649.302T900.549",0,0,0,0,0
"M575.766T1053.433",0,0,0,0,0
"M1161.883T894.146",0,0,0,0,0
"M286.972T107.919",0,0,0,0,0
"M581.318T900.123",0,0,0,0,0
"M1014.585T1348.471",0,0,0,0,0
"M799.289T814.54",0,0,0,0,0
"M883.503T1155.003",0,0,0,0,0
"M527.103T89.251",0,0,0,0,0
"M1053.272T316.465",0,0,0,0,0
"M1097.037T893.528",0,0,0,0,0
"M987.494T1327.158",0,0,0,0,0
"M863.484T1242.374",0,0,0,0,0
"M869.849T1307.413",0,0,0,0,0
"M867.515T1204.699",0,0,0,0,0
"M1071.559T892.477",0,0,0,0,0
"M751.392T1268.098",0,0,0,0,0
"M306.171T797.884",0,0,0,0,0
"M1000.263T316.358",0,0,0,0,0
"M699.398T1124.853",0,0,0,0,0
"M767.194T317.413",0,0,0,0,0
"M280.961T95.439",0,0,0,0,0
"M650.407T1378.088",0,0,0,0,0
"M653.891T318.024",0,0,0,0,0
"M560.841T1187.938",0,0,0,0,0
"M354.957T108.842",0,0,0,0,0
"M590.775T907.789",0,0,0,0,0
"M455.14T941.827",0,0,0,0,0
"M478.858T67.274",0,0,0,0,0
"M991.585T1378.099",0,0,0,0,0
"M184.986T90.923",0,0,0,0,0
"M206.082T164.917",0,0,0,0,0
"M1161.521T895.466",0,0,0,0,0
"M418.218T902.438",0,0,0,0,0
"M632.783T316.499",0,0,0,0,0
"M1074.325T1193.301",0,0,0,0,0
"M451.218T291.531",0,0,0,0,0
"M344.099T126.621",0,0,0,0,0
"M558.799T1194.269",0,0,0,0,0
"M852.187T1328.651",0,0,0,0,0
"M1343.805T1193.201",0,0,0,0,0
"M1074.439T1194.382",0,0,0,0,0
"M575.856T1053.805",0,0,0,0,0
"M653.691T320.692",0,0,0,0,0
"M385.113T835.894",0,0,0,0,0
"M1326.883T1200.672",0,0,0,0,0
"M700.309T1205.376",0,0,0,0,0
"M627.229T851.009",0,0,0,0,0
"M633.552T319.689",0,0,0,0,0
"M885.489T1408.277",0,0,0,0,0
"M845.458T1184.78",0,0,0,0,0
"M1001.569T1093.359",0,0,0,0,0
"M1028.185T1194.382",0,0,0,0,0
"M645.124T781.203",0,0,0,0,0
"M537.695T1290.37",0,0,0,0,0
"M808.368T1195.332",0,0,0,0,0
"M942.469T1308.469",0,0,0,0,0
"M575.826T1054.493",0,0,0,0,0
"M453.17T879.981",0,0,0,0,0
"M349.088T88.189",0,0,0,0,0
"M421.069T767.549",0,0,0,0,0
"M745.161T766.586",0,0,0,0,0
"M603.339T1194.269",0,0,0,0,0
"M1128.561T892.565",0,0,0,0,0
"M875.523T1196.25",0,0,0,0,0
"M442.823T96.43",0,0,0,0,0
"M316.508T323.984",0,0,0,0,0
"M698.005T988.342",0,0,0,0,0
"M729.273T847.264",0,0,0,0,0
"M417.764T850.924",0,0,0,0,0
"M442.938T91.386",0,0,0,0,0
"M653.752T320.843",0,0,0,0,0
"M683.129T316.242",0,0,0,0,0
"M924.454T1327.66",0,0,0,0,0
"M653.783T316.318",0,0,0,0,0
"M503.141T749.726",0,0,0,0,0
"M489.058T766.222",0,0,0,0,0
"M429.664T316.504",0,0,0,0,0
"M455.098T785.732",0,0,0,0,0
"M1047.557T895.369",0,0,0,0,0
"M327.108T784.235",0,0,0,0,0
"M633.494T312.856",0,0,0,0,0
"M1074.386T1195.935",0,0,0,0,0
"M1143.637T1195.221",0,0,0,0,0
"M851.819T1425.446",0,0,0,0,0
"M530.968T106.005",0,0,0,0,0
"M1009.607T1323.757",0,0,0,0,0
"M867.513T1306.189",0,0,0,0,0
"M653.717T312.26",0,0,0,0,0
"M1031.899T1225.646",0,0,0,0,0
"M1452.478T314.239",0,0,0,0,0
"M297.119T136.686",0,0,0,0,0
"M591.167T896.642",0,0,0,0,0
"M781.218T930.113",0,0,0,0,0
"M236.093T125.57",0,0,0,0,0
"M517.159T795.678",0,0,0,0,0
"M489.854T902.138",0,0,0,0,0
"M1201.918T909.936",0,0,0,0,0
"M1028.637T1187.508",0,0,0,0,0
"M864.188T806.912",0,0,0,0,0
"M865.489T1291.829",0,0,0,0,0
"M799.191T949.166",0,0,0,0,0
"M920.512T1327.64",0,0,0,0,0
"M1265.573T897.223",0,0,0,0,0
"M1263.489T907.902",0,0,0,0,0
"M809.13T1195.374",0,0,0,0,0
"M611.295T772.909",0,0,0,0,0
"M504.146T749.726",0,0,0,0,0
"M1285.466T316.098",0,0,0,0,0
"M1141.612T1194.343",0,0,0,0,0
"M1028.412T1193.412",0,0,0,0,0
"M412.91T65.205",0,0,0,0,0
"M851.879T1330.864",0,0,0,0,0
"M451.174T880.577",0,0,0,0,0
"M405.08T802.267",0,0,0,0,0
"M309.119T137.634",0,0,0,0,0
"M385.077T746.611",0,0,0,0,0
"M287.071T1080.355",0,0,0,0,0
"M192.103T133.173",0,0,0,0,0
"M1030.642T1193.369",0,0,0,0,0
"M429.414T851.13",0,0,0,0,0
"M808.023T1198.408",0,0,0,0,0
"M1389.862T1193.369",0,0,0,0,0
"M485.199T845.365",0,0,0,0,0
"M423.898T65.661",0,0,0,0,0
"M337.186T949.475",0,0,0,0,0
"M684.137T316.584",0,0,0,0,0
"M723.577T942.094",0,0,0,0,0
"M1096.003T892.843",0,0,0,0,0
"M420.228T902.138",0,0,0,0,0
"M677.303T904.97",0,0,0,0,0
"M1071.439T878.893",0,0,0,0,0
"M1069.501T1402.821",0,0,0,0,0
"M281.07T709.104",0,0,0,0,0
"M562.073T1194.756",0,0,0,0,0
"M561.649T1230.897",0,0,0,0,0
"M577.137T781.037",0,0,0,0,0
"M1029.561T1129.699",0,0,0,0,0
"M397.075T138.684",0,0,0,0,0
"M1029.237T1191.812",0,0,0,0,0
"M575.957T1047.31",0,0,0,0,0
"M1014.043T1346.26",0,0,0,0,0
"M299.652T1305.804",0,0,0,0,-0.015329
"M304.981T94.204",0,0,0,0,0
"M611.336T770.019",0,0,0,0,0
"M653.861T317.501",0,0,0,0,0
"M384.097T310.658",0,0,0,0,0
"M591.094T89.826",0,0,0,0,0
"M1133.847T912.408",0,0,0,0,0
"M351.085T316.423",0,0,0,0,0
"M460.969T105.772",0,0,0,0,0
"M241.033T103.182",0,0,0,0,0
"M576.062T1050.158",0,0,0,0,0
"M1095.607T1194.413",0,0,0,0,0
"M576.072T1051.61",0,0,0,0,0
"M665.267T889.419",0,0,0,0,0
"M653.678T322.941",0,0,0,0,0
"M969.939T315.438",0,0,0,0,0
"M1029.639T1193.403",0,0,0,0,0
"M1333.355T942.499",0,0,0,0,0
"M319.083T845.914",0,0,0,0,0
"M289.065T88.687",0,0,0,0,0
"M1096.628T1193.369",0,0,0,0,0
"M289.086T1163.856",0,0,0,0,0
"M344.93T64.78",0,0,0,0,0
"M295.081T793.997",0,0,0,0,0
"M655.873T943.419",0,0,0,0,0
"M642.242T817.768",0,0,0,0,0
"M695.12T755.765",0,0,0,0,0
"M487.016T806.181",0,0,0,0,0
"M967.561T1349.704",0,0,0,0,0
"M647.689T1159.779",0,0,0,0,0
"M821.606T900.199",0,0,0,0,0
"M1095.063T894.34",0,0,0,0,0
"M279.139T1150.344",0,0,0,0,0
"M579.301T894.416",0,0,0,0,0
"M593.947T757.746",0,0,0,0,0
"M367.102T765.544",0,0,0,0,0
"M311.113T844.512",0,0,0,0,0
"M585.15T892.945",0,0,0,0,0
"M988.312T316.465",0,0,0,0,0
"M735.437T1351.512",0,0,0,0,0
"M633.697T313.008",0,0,0,0,0
"M851.154T319.552",0,0,0,0,0
"M265.093T134.502",0,0,0,0,0
"M341.275T746.97",0,0,0,0,0
"M575.708T1045.732",0,0,0,0,0
"M1395.427T994.378",0,0,0,0,0
"M309.525T1630.08",0,0,0,0,0
"M1074.422T1191.812",0,0,0,0,0
"M657.063T941.851",0,0,0,0,0
"M790.016T1120.766",0,0,0,0,0
"M434.875T91.064",0,0,0,0,0
"M632.663T319.55",0,0,0,0,0
"M593.543T760.107",0,0,0,0,0
"M809.433T1339.33",0,0,0,0,0
"M1296.442T316.362",0,0,0,0,0
"M654.008T318.692",0,0,0,0,0
"M923.402T931.508",0,0,0,0,0
"M549.285T1194.382",0,0,0,0,0
"M1142.636T1197.565",0,0,0,0,0
"M377.193T1206.958",0,0,0,0,0
"M428.2T856.891",0,0,0,0,0
"M281.069T746.743",0,0,0,0,0
"M590.015T907.684",0,0,0,0,0
"M455.081T704.884",0,0,0,0,0
"M535.313T1217.431",0,0,0,0,0
"M355.911T67.212",0,0,0,0,0
"M970.813T317.253",0,0,0,0,0
"M839.517T1151.186",0,0,0,0,0
"M997.575T1403.78",0,0,0,0,0
"M1053.286T316.584",0,0,0,0,0
"M575.926T1053.198",0,0,0,0,0
"M1163.085T907.707",0,0,0,-0.33663,0
"M213.056T916.687",0,0,0,0,0
"M421.636T753.774",0,0,0,0,0
"M709.31T874.193",0,0,0,0,0
"M361.589T316.501",0,0,0,0,0
"M517.099T802.454",0,0,0,0,0
"M404.065T806.181",0,0,0,0,0
"M300.263T1305.804",0,0,0,0,0
"M625.227T868.289",0,0,0,0,0
"M982.374T904.236",0,0,0,0,0
"M412.287T1300.535",0,0,0,0,0
"M383.433T314.152",0,0,0,0,0
"M276.206T1190.238",0,0,0,0,-0.29509
"M1602.049T314.239",0,0,0,0,0
"M362.298T315.255",0,0,0,0,0
"M576.012T1055.395",0,0,0,0,0
"M1395.396T991.455",0,0,0,0,0
"M316.359T322.539",0,0,0,0,0
"M481.183T769.795",0,0,0,0,0
"M1192.997T906.309",0,0,0,0,0
"M563.233T790.03",0,0,0,0,0
"M551.342T956.27",0,0,0,0,0
"M407.173T414.983",0,0,0,0,0
"M1297.451T316.098",0,0,0,0,0
"M727.283T864.823",0,0,0,0,0
"M643.469T1048.281",0,0,0,0,0
"M808.202T1200.672",0,0,0,0,0
"M429.387T309.562",0,0,0,0,0
"M847.495T1389.03",0,0,0,0,0
"M1031.84T1213.333",0,0,0,0,0
"M937.515T1306.76",0,0,0,0,0
"M570.518T894.146",0,0,0,0,0
"M1162.717T895.445",0,0,0,0,0
"M289.446T802.654",0,0,0,0,0
"M423.17T1192.125",0,0,0,0,0
"M970.001T316.098",0,0,0,0,0
"M647.193T836.421",0,0,0,0,0
"M968.365T965.957",0,0,0,0,0
"M863.184T809.21",0,0,0,0,0
"M565.23T844.341",0,0,0,0,0
"M293.118T1042.937",0,0,0,0,0
"M483.209T897.853",0,0,0,0,0
"M1094.047T894.516",0,0,0,0,0
"M317.087T121.975",0,0,0,0,0
"M1047.564T1087.659",0,0,0,0,0
"M293.52T1197.459",0,0,0,0,0
"M997.89T1398.741",0,0,0,0,0
"M909.388T926.435",0,0,0,0,0
"M549.258T834.983",0,0,0,0,0
"M643.039T106.784",0,0,0,0,0
"M415.744T872.34",0,0,0,0,0
"M515.214T948.428",0,0,0,0,0
"M627.83T1193.411",0,0,0,0,0
"M451.125T735.96",0,0,0,0,0
"M361.481T320.767",0,0,0,0,0
"M1397.75T1121.778",0,0,0,0,0
"M415.233T929.494",0,0,0,0,0
"M439.365T89.079",0,0,0,0,0
"M593.785T851.246",0,0,0,0,0
"M575.798T1046.832",0,0,0,0,0
"M409.075T744.412",0,0,0,0,0
"M457.136T788.61",0,0,0,0,0
"M499.24T895.317",0,0,0,0,0
"M311.138T170.155",0,0,0,0,0
"M593.763T756.056",0,0,0,0,0
"M392.068T765.784",0,0,0,0,0
"M433.661T789.942",0,0,0,0,0
"M575.614T1052.68",0,0,0,0,0
"M919.493T1102.884",0,0,0,0,0
"M870.649T1317.21",0,0,0,0,0
"M437.044T765.875",0,0,0,0,0
"M653.576T321.782",0,0,0,0,0
"M861.253T1033.436",0,0,0,0,0
"M715.427T310.719",0,0,0,0,0
"M1095.84T892.791",0,0,0,0,0
"M485.168T916.74",0,0,0,0,0
"M373.115T808.254",0,0,0,0,0
"M605.318T1288.774",0,0,0,0,0
"M355.433T783.665",0,0,0,0,0
"M313.119T883.187",0,0,0,0,0
"M273.124T941.86",0,0,0,0,0
"M433.039T456.919",0,0,0,0,0
"M447.259T942.596",0,0,0,0,0
"M1074.645T1193.891",0,0,0,0,0
"M355.067T660.488",0,0,0,0,0
"M1134.038T907.684",0,0,0,0,0
"M819.254T316.358",0,0,0,0,0
"M383.609T322.831",0,0,0,0,0
"M1419.739T1123.898",0,0,0,0,0
"M591.303T1064.285",0,0,0,0,0
"M560.981T1199.503",0,0,0,0,0
"M643.314T1251.925",0,0,0,0,0
"M341.31T626.276",0,0,0,0,0
"M579.151T798.32",0,0,0,0,0
"M631.464T331.254",0,0,0,0,0
"M784.154T761.471",0,0,0,0,0
"M323.187T1016.246",0,0,0,0,0
"M1099.581T1224.487",0,0,0,0,0
"M206.988T126.118",0,0,0,0,0
"M489.691T902.138",0,0,0,0,0
"M559.124T1193.298",0,0,0,0,0
"M472.901T67.482",0,0,0,0,0
"M736.44T1350.754",0,0,0,0,0
"M685.228T857.881",0,0,0,0,0
"M307.192T1165.654",0,0,0,0,0
"M805.515T1328.497",0,0,0,0,0
"M441.162T763.637",0,0,0,0,0
"M1137.546T907.004",0,0,0,0,0
"M963.275T732.778",0,0,0,0,0
"M991.316T318.206",0,0,0,0,0
"M867.206T809.129",0,0,0,0,0
"M403.064T798.991",0,0,0,0,0
"M836.522T1479.692",0,0,0,0,0
"M399.275T1363.391",0,0,0,0,0
"M548.179T817.387",0,0,0,0,0
"M997.827T1401.691",0,0,0,0,0
"M1323.087T1192.329",0,0,0,0,0
"M657.026T89.496",0,0,0,0,0
"M331.079T87.506",0,0,0,0,0
"M808.24T1193.238",0,0,0,0,0
"M524.183T892.811",0,0,0,0,0
"M754.359T963.172",0,0,0,0,0
"M518.153T824.178",0,0,0,0,0
"M1096.548T894.929",0,0,0,0,0
"M999.268T316.316",0,0,0,0,0
"M393.081T756.691",0,0,0,0,0
"M266.366T1577.236",0,0,0,0,0
"M561.78T1193.288",0,0,0,0,0
"M836.743T1479.398",0,0,0,0,0
"M252.965T98.618",0,0,0,0,0
"M529.154T821.794",0,0,0,0,0
"M405.137T316.499",0,0,0,0,0
"M487.212T857.117",0,0,0,0,0
"M627.723T1183.743",0,0,0,0,0
"M322.969T105.104",0,0,0,0,0
"M475.146T746.942",0,0,0,0,0
"M1323.386T316.247",0,0,0,0,0
"M501.206T823.684",0,0,0,0,0
"M438.049T766.588",0,0,0,0,0
"M869.904T1310.035",0,0,0,0,0
"M1013.583T1347.533",0,0,0,0,0
"M689.319T1251.925",0,0,0,0,0
"M407.045T415.442",0,0,0,0,0
"M331.068T223.104",0,0,0,0,0
"M384.092T841.195",0,0,0,0,0
"M919.506T1426.463",0,0,0,0,0
"M1161.759T892.609",0,0,0,0,0
"M1611.697T937.933",0,0,0,0,0
"M465.105T746.988",0,0,0,0,0
"M653.913T316.046",0,0,0,0,0
"M969.317T316.321",0,0,0,0,0
"M354.082T204.227",0,0,0,0,0
"M311.104T1075.82",0,0,0,0,0
"M610.699T832.318",0,0,0,0,0
"M380.071T778.258",0,0,0,0,0
"M638.078T817.768",0,0,0,0,0
"M380.147T1368.008",0,0,0.1739,0,0
"M1286.455T315.199",0,0,0,0,0
"M735.222T927.83",0,0,0,0,0
"M651.317T893.83",0,0,0,0,0
"M210.96T65.225",0,0,0,0,0
"M419.218T842.905",0,0,0,0,0
"M611.066T88.832",0,0,0,0,0
"M1167.557T907.179",0,0,0,0,0
"M221.066T891.624",0,0,0,0,0
"M627.743T1194.304",0,0,0,0,0
"M621.125T857.148",0,0,0,0,0
"M278.587T1368.505",0,0,0,0,0
"M453.101T88.055",0,0,0,0,0
"M1009.554T1308.282",0,0,0,0,0
"M560.054T1184.801",0,0,0,0,0
"M1014.498T996.34",0,0,0,0,0
"M483.178T941.182",0,0,0,0,0
"M341.233T1044.4",0,0,0,0,0
"M1451.979T314.698",0,0,0,0,0
"M277.58T1368.559",0,0,0,0,0
"M1167.705T1197.565",0,0,0,0,0
"M1023.175T89.251",0,0,0,0,0
"M1057.411T880.24",0,0,0,0,0
"M478.295T1238.56",0,0,0,0,0
"M469.208T948.545",0,0,0,0,0
"M1454.998T316.362",0,0,0,0,0
"M627.691T1184.766",0,0,0,0,0
"M513.017T88.262",0,0,0,0,0
"M275.202T1191.076",0,0,0,0,0
"M632.993T321.252",0,0,0,0,0
"M1308.932T316.358",0,0,0,0,0
"M299.259T1305.768",0,0,0,0,0
"M1167.685T1193.412",0,0,0,0,0
"M771.369T883.552",0,0,0,0,0
"M673.289T892.945",0,0,0,0,0
"M833.365T968.818",0,0,0,0,0
"M656.69T947.865",0,0,0,0,0
"M1294.437T316.362",0,0,0,0,0
"M893.38T934.735",0,0,0,0,0
"M350.125T836.957",0,0,0,0,0
"M1509.388T983.04",0,0,0,0,0
"M393.176T847.594",0,0,0,0,0
"M1031.994T1223.73",0,0,0,0,0
"M981.364T901.259",0,0,0,0,0
"M455.151T768.715",0,0,0,0,0
"M1201.826T909.258",0,0,0,0,0
"M653.935T315.929",0,0,0,0,0
"M865.491T1326.551",0,0,0,0,0
"M449.202T630.506",0,0,0,0,0
"M677.403T1190.152",0,0,0,0,0
"M437.065T776.272",0,0,0,0,0
"M268.959T125.12",0,0,0,0,0
"M551.272T837.928",0,0,0,0,0
"M267.4T1582.439",0,0,0,0,0
"M456.197T892.811",0,0,0,0,0
"M783.304T1161.409",0,0,0,0,0
"M489.125T757.244",0,0,0,0,0
"M309.61T1127.503",0,0,0,0,0
"M356.995T88.504",0,0,0,0,0
"M391.157T830.263",0,0,0,0,0
"M653.954T320.858",0,0,0,0,0
"M515.013T86.132",0,0,0,0,0
"M567.778T908.116",0,0,0,0,0
"M559.667T1200.71",0,0,0,0,0
"M426.969T90.522",0,0,0,0,0
"M455.193T892.238",0,0,0,0,0
"M463.049T87.708",0,0,0,0,0
"M651.363T1268.695",0,0,0,0,0
"M625.144T814.498",0,0,0,0,0
"M378.609T1368.205",0,0,0.12032,0,0
"M1255.613T888.434",0,0,0,0,0
"M953.506T1151.909",0,0,0,0,0
"M689.274T1192.785",0,0,0,0,0
"M701.195T940.853",0,0,0,0,0
"M609.669T833.529",0,0,0,0,0
"M481.1T876.627",0,0,0,0,0
"M573.017T749.518",0,0,0,0,0
"M587.201T848.147",0,0,0,0,0
"M429.419T313.767",0,0,0,0,0
"M1223.501T894.767",0,0,0,0,0
"M1014.419T974.744",0,0,0,0,0
"M294.469T1200.672",0,0,0,0,0
"M1094.116T900.295",0,0,0,0,0
"M383.555T317.319",0,0,0,0,0
"M1074.289T1194.304",0,0,0,0,0
"M743.208T992.462",0,0,0,0,0
"M1305.428T315.265",0,0,0,0,0
"M354.305T750.63",0,0,0,0,0
"M593.857T757.673",0,0,0,0,0
"M569.35T895.921",0,0,0,0,0
"M423.224T921.021",0,0,0,0,0
"M325.2T1323.486",0,0,0,0,0
"M417.058T1084.972",0,0,0,0,0
"M392.288T1179.554",0,0,0,0,0
"M269.103T792.774",0,0,0,0,0
"M637.025T106.841",0,0,0,0,0
"M696.291T1183.733",0,0,0,0,0
"M334.932T113.331",0,0,0,0,0
"M433.784T801.352",0,0,0,0,0
"M1197.053T906.963",0,0,0,0,0
"M1048.557T894.929",0,0,0,0,0
"M1029.626T1193.853",0,0,0,0,0
"M295.104T156.471",0,0,0,0,0
"M709.191T748.676",0,0,0,0,0
"M692.265T869.57",0,0,0,0,0
"M354.093T750.969",0,0,0,0,0
"M339.098T806.181",0,0,0,0,0
"M377.472T1369.598",0,0,0,0,0
"M398.263T1317.762",0,0,0,0,0
"M1095.152T896.897",0,0,0,0,0
"M278.88T96.95",0,0,0,0,0
"M309.206T1205.9",0,0,0,0,0
"M623.347T1299.275",0,0,0,0,0
"M1351.748T1120.178",0,0,0,0,0
"M807.166T938.699",0,0,0,0,0
"M653.828T318.352",0,0,0,0,0
"M1103.415T879.391",0,0,0,0,0
"M997.975T1403.846",0,0,0,0,0
"M355.571T782.72",0,0,0,0,0
"M399.202T993.604",0,0,0,0,0
"M1455.479T315.262",0,0,0,0,0
"M633.572T315.643",0,0,0,0,0
"M1039.403T917.165",0,0,0,0,0
"M349.186T846.471",0,0,0,0,0
"M1037.324T316.098",0,0,0,0,0
"M609.264T1288.916",0,0,0,0,0
"M509.218T928.864",0,0,0,0,0
"M1308.415T315.705",0,0,0,0,0
"M353.461T751.667",0,0,0,0,0
"M1048.594T1092.833",0,0,0,0,0
"M311.186T1077.614",0,0,0,0,0
"M969.321T316.442",0,0,0,0,0
"M1142.614T1193.858",0,0,0,0,0
"M333.083T110.42",0,0,0,0,0
"M1285.448T316.362",0,0,0,0,0
"M813.108T834.298",0,0,0,0,0
"M1063.398T908.83",0,0,0,0,0
"M969.813T316.499",0,0,0,0,0
"M791.126T833.266",0,0,0,0,0
"M1192.252T906.01",0,0,0,0,0
"M361.512T316.902",0,0,0,0,0
"M459.959T106.348",0,0,0,0,0
"M485.178T783.442",0,0,0,0,0
"M449.205T834.832",0,0,0,0,0
"M371.133T805.134",0,0,0,0,0
"M254.892T96.705",0,0,0,0,0
"M439.083T756.683",0,0,0,0,0
"M985.784T316.247",0,0,0,0,0
"M479.19T902.518",0,0,0,0,0
"M970.599T316.501",0,0,0,0,0
"M413.081T316.361",0,0,0,0,0
"M417.177T763.775",0,0,0,0,0
"M609.707T835.895",0,0,0,0,0
"M633.892T311.985",0,0,0,0,0
"M225.002T107.866",0,0,0,0,0
"M593.465T757.874",0,0,0,0,0
"M370.139T1432.103",0,0,0,0,0
"M547.145T895.878",0,0,0,0,0
"M947.485T901.595",0,0,0,0,0
"M1013.864T1245.344",0,0,0,0,0
"M377.623T1368.205",0,0,0,0,0
"M399.165T851.906",0,0,0,0,0
"M895.304T938.238",0,0,0,0,0
"M1013.474T983.582",0,0,0,0,0
"M445.18T1125.961",0,0,0,0,0
"M753.188T948.401",0,0,0,0,0
"M455.081T744.378",0,0,0,0,0
"M1455.98T315.74",0,0,0,0,0
"M430.136T769.014",0,0,0,0,0
"M590.274T907.848",0,0,0,0,0
"M353.181T807.324",0,0,0,0,0
"M456.925T66.979",0,0,0,0,0
"M630.668T315.279",0,0,0,0,0
"M485.127T895.658",0,0,0,0,0
"M419.115T799.29",0,0,0,0,0
"M1071.041T895.445",0,0,0,0,0
"M371.1T817.997",0,0,0,0,0
"M698.988T986.183",0,0,0,0,0
"M139.002T112.479",0,0,0,0,0
"M1095.872T896.96",0,0,0,0,0
"M957.374T926.518",0,0,0,0,0
"M309.059T866.56",0,0,0,0,0
"M753.358T959.856",0,0,0,0,0
"M451.11T87.035",0,0,0,0,0
"M429.646T308.971",0,0,0,0,0
"M968.4T974.568",0,0,0,0,0
"M242.178T992.462",0,0,0,0,0
"M1015.586T1347.819",0,0,0,0,0
"M1033.603T1229.397",0,0,0,0,0
"M362.997T89.636",0,0,0,0,0
"M533.169T900.984",0,0,0,0,0
"M443.193T725.675",0,0,0,0,0
"M1162.58T906.276",0,0,0,-0.32987,0
"M1095.01T894.541",0,0,0,0,0
"M559.895T1194.445",0,0,0,0,0
"M1209.581T888.373",0,0,0,0,0
"M579.21T872.654",0,0,0,0,0
"M492.868T66.13",0,0,0,0,0
"M558.878T1192.321",0,0,0,0,0
"M567.276T907.878",0,0,0,0,0
"M664.226T813.714",0,0,0,0,0
"M990.602T1181.647",0,0,0,0,0
"M1035.397T978.889",0,0,0,0,0
"M509.875T67.374",0,0,0,0,0
"M1162.051T893.06",0,0,0,0,0
"M319.045T832.748",0,0,0,0,0
"M812.842T69.273",0,0,0,0,0
"M199.135T972.397",0,0,0,0,0
"M691.153T854.793",0,0,0,0,0
"M1191.866T903.98",0,0,0,0,0
"M433.351T780.04",0,0,0,0,0
"M1730.319T908.053",0,0,0,0,0
"M1134.823T908.781",0,0,0,0,0
"M209.961T64.78",0,0,0,0,0
"M309.554T1123.923",0,0,0,0,0
"M1134.728T916.618",0,0,0,0,0
"M1363.57T899.951",0,0,0,0,0
"M410.078T615.621",0,0,0,0,0
"M1125.418T877.844",0,0,0,0,0
"M430.212T847.65",0,0,0,0,0
"M483.183T857.732",0,0,0,0,0
"M873.309T1120.281",0,0,0,0,0
"M1323.575T889.628",0,0,0,0,0
"M695.298T853.355",0,0,0,0,0
"M383.364T319.344",0,0,0,0,0
"M921.12T945.55",0,0,0,0,0
"M331.103T255.151",0,0,0,0,0
"M671.384T1191.062",0,0,0,0,0
"M322.871T96.154",0,0,0,0,0
"M443.165T1058.069",0,0,0,0,0
"M539.134T89.251",0,0,0,0,0
"M678.98T96.154",0,0,0,0,0
"M502.995T105.736",0,0,0,0,0
"M290.212T948.503",0,0,0,0,0
"M633.074T312.26",0,0,0,0,0
"M417.498T853.501",0,0,0,0,0
"M641.302T1183.734",0,0,0,0,0
"M315.093T821.98",0,0,0,0,0
"M610.723T834.826",0,0,0,0,0
"M967.36T964.868",0,0,0,0,0
"M329.088T474.939",0,0,0,0,0
"M617.133T750.744",0,0,0,0,0
"M669.182T316.584",0,0,0,0,0
"M447.152T782.273",0,0,0,0,0
"M1097.514T1402.931",0,0,0,0,0
"M437.042T89.308",0,0,0,0,0
"M413.091T89.817",0,0,0,0,0
"M990.329T838.789",0,0,0,0,0
"M1229.54T895.369",0,0,0,0,0
"M332.842T96.154",0,0,0,0,0
"M593.926T757.244",0,0,0,0,0
"M293.484T1191.137",0,0,0,0,0
"M240.933T64.89",0,0,0,-0.4491,0
"M769.704T939.803",0,0,0,0,0
"M811.384T988.304",0,0,0,0,0
"M548.979T106.308",0,0,0,0,0
"M630.629T315.233",0,0,0,0,0
"M647.255T794.469",0,0,0,0,0
"M353.228T471.773",0,0,0,0,0
"M1031.288T315.245",0,0,0,0,0
"M422.897T65.252",0,0,0,0,0
"M333.109T769.719",0,0,0,-0.099723,0
"M324.072T215.478",0,0,0,0,0
"M681.067T90.379",0,0,0,0,0
"M830.24T316.247",0,0,0,0,0
"M695.289T1193.403",0,0,0,0,0
"M277.537T1369.612",0,0,0,0,0
"M1087.412T876.684",0,0,0,0,0
"M591.32T1106.747",0,0,0,0,0
"M318.971T91.239",0,0,0,0,0
"M470.174T323.906",0,0,0,0,0
"M393.305T1367.865",0,0,0,0,0
"M208.961T65.652",0,0,0,0,0
"M297.244T1278.646",0,0,0,0,0
"M563.307T901.93",0,0,0,0,0
"M211.134T1369.064",0,0,0,0,0
"M1094.946T896.052",0,0,0,0,0
"M561.985T1245.624",0,0,0,0,0
"M314.124T880.028",0,0,0,0,0
"M373.204T1368.554",0,0,0,0,0
"M393.188T983.065",0,0,0,0,0
"M385.077T649.201",0,0,0,0,0
"M549.205T845.853",0,0,0,0,0
"M419.03T798.766",0,0,0,0,0
"M925.624T1190.066",0,0,0,0,0
"M1074.113T1194.359",0,0,0,0,0
"M389.108T489.956",0,0,0,0,0
"M632.847T316.374",0,0,0,0,0
"M1624.518T315.279",0,0,0,0,0
"M341.535T617.585",0,0,0,0,0
"M561.721T1244.705",0,0,0,0,0
"M433.006T89.826",0,0,0,0,0
"M387.034T831.689",0,0,0,0,0
"M235.171T1189.523",0,0,0,0,-0.081772
"M611.538T834.844",0,0,0,0,0
"M941.462T1306.809",0,0,0,0,0
"M1036.399T977.849",0,0,0,0,0
"M305.082T1122.457",0,0,0,0,0
"M435.217T805.716",0,0,0,0,0
"M1014.009T1346.556",0,0,0,0,0
"M647.941T1161.118",0,0,0,0,0
"M609.777T834.854",0,0,0,0,0
"M323.221T1368.561",0,0,0,0,0
"M808.805T1193.415",0,0,0,0,0
"M1452.98T315.276",0,0,0,0,0
"M1136.545T907.7",0,0,0,0,0
"M345.37T608.086",0,0,0,0,0
"M642.302T1183.207",0,0,0,0,0
"M1130.454T886.215",0,0,0,0,0
"M476.12T661.378",0,0,0,0,0
"M277.031T88.663",0,0,0,0,0
"M1163.579T906.602",0,0,0,0,0
"M415.086T168.579",0,0,0,0,0
"M176.071T136.177",0,0,0,0,0
"M567.333T903.822",0,0,0,0,0
"M524.849T67.744",0,0,0,0,0
"M1163.56T905.015",0,0,0,0,0
"M211.133T1418.651",0,0,0,0,0
"M401.18T764.21",0,0,0,0,0
"M1463.124T939.772",0,0,0,0,0
"M207.014T91.656",0,0,0,0,0
"M823.337T914.416",0,0,0,0,0
"M279.124T874.724",0,0,0,0,0
"M655.811T942.736",0,0,0,0,0
"M397.259T1311.545",0,0,0,0,0
"M499.195T1235.932",0,0,0,0,0
"M443.191T791.98",0,0,0,0,0
"M361.451T316.325",0,0,0,0,0
"M413.167T733.785",0,0,0,0,0
"M687.305T1181.604",0,0,0,0,0
"M947.338T316.358",0,0,0,0,0
"M341.259T618.637",0,0,0,0,0
"M859.153T942.886",0,0,0,0,0
"M679.015T89.631",0,0,0,0,0
"M633.753T316.098",0,0,0,0,0
"M133.012T90.097",0,0,0,0,0
"M195.183T96.705",0,0,0,0,0
"M1161.918T893.464",0,0,0,0,0
"M919.334T939.971",0,0,0,0,0
"M634.336T1275.511",0,0,0,0,0
"M537.062T88.106",0,0,0,0,0
"M206.081T834.983",0,0,0,0,0
"M338.988T94.519",0,0,0,0,0
"M863.373T951.624",0,0,0,0,0
"M337.538T806.181",0,0,0,0,0
"M316.427T318.614",0,0,0,0,0
"M1058.433T882.742",0,0,0,0,0
"M463.192T974.227",0,0,0,0,0
"M618.794T905.184",0,0,0,-0.27653,0
"M419.228T901.259",0,0,0,0,0
"M316.385T321.843",0,0,0,0,0
"M383.504T315.336",0,0,0,0,0
"M1094.909T899.27",0,0,0,0,0
"M967.407T978.889",0,0,0,0,0
"M524.981T106.871",0,0,0,0,0
"M858.344T1120.576",0,0,0,0,0
"M678.41T1192.286",0,0,0,0,0
"M950.342T882.081",0,0,0,0,0
"M822.313T886.782",0,0,0,0,0
"M497.109T889.816",0,0,0,0,0
"M1079.533T897.421",0,0,0,0,0
"M1461.92T936.679",0,0,0,0,0
"M194.944T88.504",0,0,0,0,0
"M321.243T1264.456",0,0,0,0,0
"M970.768T318.573",0,0,0,0,0
"M469.17T325.013",0,0,0,0,0
"M857.325T1034.658",0,0,0,0,0
"M1612.706T937.864",0,0,0,0,0
"M1005.392T917.562",0,0,0,0,0
"M462.89T65.338",0,0,0,0,0
"M226.966T66.762",0,0,0,0,0
"M376.886T68.509",0,0,0,0,0
"M354.911T65.484",0,0,0,0,0
"M654.601T316.399",0,0,0,0,0
"M357.576T759.445",0,0,0,0,0
"M232.884T96.335",0,0,0,0,0
"M365.052T459.24",0,0,0,0,0
"M1081.46T980.936",0,0,0,0,0
"M271.021T88.704",0,0,0,0,0
"M968.386T889.852",0,0,0,0,0
"M593.686T850.456",0,0,0,0,0
"M485.879T65.637",0,0,0,0,0
"M393.139T1190.101",0,0,0,0,0
"M560.75T1181.655",0,0,0,0,0
"M1221.323T833.787",0,0,0,0,0
"M1091.545T907.712",0,0,0,0,0
"M505.029T765.672",0,0,0,0,0
"M1035.367T890.845",0,0,0,0,0
"M997.983T1402.716",0,0,0,0,0
"M294.449T1192.192",0,0,0,0,0
"M968.386T926.242",0,0,0,0,0
"M665.091T89.18",0,0,0,0,0
"M565.054T1199.484",0,0,0,0,0
"M433.261T1293.176",0,0,0,0,-0.075434
"M491.208T833.798",0,0,0,0,0
"M728.286T863.521",0,0,0,0,0
"M309.551T1628.43",0,0,0,0,0
"M648.179T1162.457",0,0,0,0,0
"M391.123T699.402",0,0,0,0,0
"M538.221T942.724",0,0,0,0,0
"M969.4T973.77",0,0,0,0,0
"M333.135T1582.426",0,0,0,0,0
"M377.181T797.379",0,0,0,0,0
"M369.388T763.979",0,0,0,0,0
"M869.826T1310.173",0,0,0,0,0
"M870.809T67.494",0,0,0,0,0
"M698.032T993.076",0,0,0,0,0
"M1161.526T895.081",0,0,0,0,0
"M267.123T922.071",0,0,0,0,0
"M724.387T1161.184",0,0,0,0,0
"M353.375T752.597",0,0,0,0,0
"M266.946T113.686",0,0,0,0,0
"M696.3T853.355",0,0,0,0,0
"M1007.373T920.82",0,0,0,0,0
"M589.773T907.878",0,0,0,0,0
"M387.165T771.864",0,0,0,0,0
"M359.184T1220.639",0,0,0,0,0
"M288.077T1079.796",0,0,0,0,0
"M329.187T1227.475",0,0,0,0,0
"M1164.559T899.737",0,0,0,0,0
"M445.037T424.564",0,0,0,0,0
"M998.025T1402.62",0,0,0,0,0
"M312.94T90.994",0,0,0,0,0
"M1043.507T948.503",0,0,0,0,0
"M988.804T68.066",0,0,0,0,0
"M383.529T318.749",0,0,0,0,0
"M429.435T314.237",0,0,0,0,0
"M743.317T783.373",0,0,0,0,0
"M685.993T90.522",0,0,0,0,0
"M595.261T805.416",0,0,0,0,0
"M633.616T316.413",0,0,0,0,0
"M1323.606T888.291",0,0,0,0,0
"M688.263T861.089",0,0,0,0,0
"M971.627T318.415",0,0,0,0,0
"M1143.444T941.11",0,0,0,0,0
"M1094.293T897.844",0,0,0,0,0
"M395.073T169.836",0,0,0,0,0
"M1107.58T918.649",0,0,0,0,0
"M631.039T106.818",0,0,0,0,0
"M535.167T793.769",0,0,0,0,0
"M725.281T1051.656",0,0,0,0,0
"M511.046T749.487",0,0,0,0,0
"M967.394T924.933",0,0,0,0,0
"M523.315T1240.685",0,0,0,0,0
"M560.837T67.188",0,0,0,0,0
"M777.164T88.682",0,0,0,0,0
"M702.255T837.404",0,0,0,0,0
"M379.067T781.128",0,0,0,0,0
"M569.181T807.905",0,0,0,0,0
"M153.054T327.036",0,0,0,0,0
"M714.253T913.384",0,0,0,0,0
"M773.211T817.036",0,0,0,0,0
"M589.271T908.408",0,0,0,0,0
"M795.27T865.806",0,0,0,0,0
"M260.967T89.826",0,0,0,0,0
"M264T169.106",0,0,0,0,0
"M1095.906T894.31",0,0,0,0,0
"M531.306T1586.442",0,0,0,0,0
"M891.177T805.681",0,0,0,0,0
"M686.859T66.912",0,0,0,0,0
"M619.04T106.905",0,0,0,0,0
"M625.024T106.841",0,0,0,0,0
"M311.065T863.883",0,0,0,0,0
"M1327.552T905.478",0,0,0,0,0
"M281.049T89.959",0,0,0,0,0
"M631.833T319.717",0,0,0,0,0
"M347.22T1417.181",0,0,0,0,0
"M338.088T840.136",0,0,0,0,0
"M644.248T900.496",0,0,0,0,0
"M1028.451T1193.298",0,0,0,0,0
"M889.313T902.886",0,0,0,0,0
"M1601.548T315.256",0,0,0,0,0
"M925.329T1121.023",0,0,0,0,0
"M273.314T67.476",0,0,0,0,0
"M950.337T882.881",0,0,0,0,0
"M487.255T1194.268",0,0,0,0,0
"M559.053T88.871",0,0,0,0,0
"M576.128T818.314",0,0,0,0,0
"M453.016T88.336",0,0,0,0,0
"M569.273T895.199",0,0,0,0,0
"M751.173T317.266",0,0,0,0,0
"M1094.211T893.809",0,0,0,0,0
"M272.963T113.946",0,0,0,0,0
"M698.888T1003.439",0,0,0,0,0
"M460.9T65.751",0,0,0,0,0
"M279.164T1614.563",0,0,0,0,0
"M549.147T750.744",0,0,0,0,0
"M599.345T1339.232",0,0,0,0,0
"M568.015T908.774",0,0,0,0,0
"M1230.792T836.99",0,0,0,0,0
"M722.094T1116.386",0,0,0,0,0
"M553.051T758.396",0,0,0,0,0
"M439.124T894.929",0,0,0,0,0
"M263.13T940.795",0,0,0,0,0
"M445.207T780.093",0,0,0,0,0
"M631.863T318.629",0,0,0,0,0
"M246.097T864.37",0,0,0,0,0
"M843.287T936.679",0,0,0,0,0
"M501.129T722.199",0,0,0,0,0
"M483.129T913.248",0,0,0,0,0
"M1008.375T923.099",0,0,0,0,0
"M873.638T939.705",0,0,0,0,0
"M282.953T93.329",0,0,0,0,0
"M357.49T758.525",0,0,0,0,0
"M580.327T1046.473",0,0,0,0,0
"M447.094T753.734",0,0,0,0,0
"M804.318T962.853",0,0,0,0,0
"M611.136T89.266",0,0,0,0,0
"M433.777T806.208",0,0,0,0,0
"M1045.593T1289.364",0,0,0,0,0
"M501.195T803.697",0,0,0,0,0
"M777.278T1368.015",0,0,0,0,0
"M630.654T314.128",0,0,0,0,0
"M625.178T776.712",0,0,0,0,0
"M194.906T1368.205",0,0,0,0,0
"M399.065T319.722",0,0,0,0,0
"M637.18T778.866",0,0,0,0,0
"M1462.085T939.347",0,0,0,0,0
"M549.13T89.631",0,0,0,0,0
"M424.907T94.227",0,0,0,0,0
"M311.222T1161.839",0,0,0,0,0
"M697.366T1135.904",0,0,0,0,0
"M527.88T66.254",0,0,0,0,0
"M613.696T886.351",0,0,0,0,0
"M503.141T271.391",0,0,0,0,0
"M295.616T1235.992",0,0,0,0,0
"M891.19T804.294",0,0,0,0,0
"M523.18T894.843",0,0,0,0,0
"M1224.522T894.229",0,0,0,0,0
"M315.108T761.986",0,0,0,0,0
"M305.084T1149.057",0,0,0,0,0
"M291.2T1179.579",0,0,0,0,0
"M196.925T95.796",0,0,0,0,0
"M439.661T87.494",0,0,0,0,0
"M471.152T726.342",0,0,0,0,0
"M814.836T68.186",0,0,0,0,0
"M322.941T66.374",0,0,0,0,0
"M679.277T1051.577",0,0,0,0,0
"M1219.316T833.268",0,0,0,0,0
"M413.147T867.013",0,0,0,0,0
"M568.907T66.858",0,0,0,0,0
"M585.878T68.251",0,0,0,0,0
"M265.021T1580.358",0,0,0,0,0
"M633.261T1246.267",0,0,0,0,0
"M926.629T1192.286",0,0,0,0,0
"M377.162T1630.7",0,0,0,0,0
"M581.994T88.804",0,0,0,0,0
"M272.073T418.674",0,0,0,0,0
"M203.347T415.048",0,0,0,0,0
"M193.051T918.4",0,0,0,0,0
"M237.04T858.99",0,0,0,0,0
"M309.478T1627.463",0,0,0,0,0
"M369.569T765.536",0,0,0,0,0
"M941.361T940.292",0,0,0,0,0
"M427.038T293.27",0,0,0,0,0
"M561.784T1244.889",0,0,0,0,0
"M287.122T1390.83",0,0,0,0,0
"M383.058T256.181",0,0,0,0,0
"M513.129T730.532",0,0,0,0,0
"M417.139T895.562",0,0,0,0,0
"M1144.448T942.538",0,0,0,0,0
"M613.774T885.363",0,0,0,0,0
"M1701.804T908.08",0,0,0,0,0
"M1176.528T983.06",0,0,0,0,0
"M951.397T1014.118",0,0,0,0,0
"M1125.372T909.368",0,0,0,0,0
"M998.841T1404.514",0,0,0,0,0
"M326.961T93.329",0,0,0,0,0
"M435.044T89.636",0,0,0,0,0
"M593.545T851.652",0,0,0,0,0
"M425.103T1191.927",0,0,0,0,0
"M389.182T799.355",0,0,0,0,0
"M260.048T118.657",0,0,0,0,0
"M895.29T938.858",0,0,0,0,0
"M403.16T816.749",0,0,0,0,0
"M924.351T839.79",0,0,0,0,0
"M395.048T106.9",0,0,0,0,0
"M517.897T66.885",0,0,0,0,0
"M657.169T756.884",0,0,0,0,0
"M691.264T868.869",0,0,0,0,0
"M353.082T316.368",0,0,0,0,0
"M313.093T320.692",0,0,0,0,0
"M692.275T1148.653",0,0,0,0,0
"M852.339T915.443",0,0,0,0,0
"M868.811T67.591",0,0,0,0,0
"M462.884T65.896",0,0,0,0,0
"M475.187T823.258",0,0,0,0,0
"M327.29T1570.958",0,0,0,0,0
"M220.134T731.802",0,0,0,-0.13556,0
"M767.371T1193.934",0,0,0,0,0
"M457.207T887.727",0,0,0,0,0
"M213.056T1043.215",0,0,0,0,0
"M998.861T1404.179",0,0,0,0,0
"M266.446T1584.531",0,0,0,0,0
"M361.677T1190.955",0,0,0,0,0
"M343.213T896.579",0,0,0,0,0
"M433.554T806.299",0,0,0,0,0
"M698.26T899.18",0,0,0,0,0
"M474.881T66.41",0,0,0,0,0
"M721.31T972.44",0,0,0,0,0
"M352.831T96.52",0,0,0,0,0
"M756.042T806.684",0,0,0,0,0
"M402.996T97.474",0,0,0,0,0
"M621.052T106.9",0,0,0,0,0
"M289.026T88.643",0,0,0,0,0
"M639.158T840.392",0,0,0,0,0
"M544.284T936.329",0,0,0,0,0
"M379.101T757.973",0,0,0,0,0
"M374.998T87.396",0,0,0,0,0
"M789.181T317.533",0,0,0,0,0
"M494.168T786.301",0,0,0,0,0
"M408.931T66.356",0,0,0,0,0
"M911.26T1004.032",0,0,0,0,0
"M659.251T1449.359",0,0,0,0,0
"M1106.454T890.453",0,0,0,0,0
"M269.05T89.726",0,0,0,0,0
"M561.896T1245.178",0,0,0,0,0
"M613.446T1235.167",0,0,0,0,0
"M593.398T852.714",0,0,0,0,0
"M289.084T863.831",0,0,0,0,0
"M459.275T1179.554",0,0,-0.50296,0,0
"M473.196T813.174",0,0,0,0,0
"M633.146T772.656",0,0,0,0,0
"M559.066T758.189",0,0,0,0,0
"M449.004T832.738",0,0,0,0,0
"M435.234T1304.756",0,0,0,0,0
"M336.86T96.244",0,0,0,0,0
"M343.102T681.368",0,0,0,0,0
"M497.261T974.778",0,0,0,0,0
"M661.253T876.035",0,0,0,0,0
"M765.729T983.05",0,0,0,0,0
"M941.317T938.576",0,0,0,0,0
"M1193.041T904.79",0,0,0,0,0
"M650.347T1202.889",0,0,0,-0.14766,0
"M611.22T783.374",0,0,0,0,0
"M564.929T1201.416",0,0,0,0,0
"M565.23T912.919",0,0,0,0,0
"M449.235T1266.066",0,0,0,0,0
"M728.88T67.591",0,0,0,0,0
"M551.031T750.36",0,0,0,0,0
"M824.816T67.434",0,0,0,0,0
"M291.091T106.795",0,0,0,0,0
"M938.802T67.374",0,0,0,0,0
"M649.041T88.871",0,0,0,0,0
"M440.855T1728.569",0,0,0,0,0
"M429.504T310.912",0,0,0,0,0
"M603.083T90.379",0,0,0,0,0
"M439.009T107.459",0,0,0,0,0
"M847.188T757.14",0,0,0,0,0
"M851.781T1322.545",0,0,0,0,0
"M402.053T876.272",0,0,0,-0.056631,0
"M753.298T903.043",0,0,0,0,0
"M591.2T844.598",0,0,0,0,0
"M610.83T67.188",0,0,0,0,0
"M475.366T1425.395",0,0,0,0,0
"M485.063T759.194",0,0,0,0,0
"M1044.425T908.907",0,0,0,0,0
"M857.35T1122.035",0,0,0,0,0
"M497.043T88.687",0,0,0,0,0
"M559.791T1181.622",0,0,0,0,0
"M1331.507T909.803",0,0,0,0,0
"M405.098T1082.014",0,0,0,0,0
"M507.209T930.4",0,0,0,0,0
"M238.892T97.993",0,0,0,0,0
"M1143.426T942.716",0,0,0,0,0
"M476.417T1177.093",0,0,0,0,0
"M387.02T108.554",0,0,0,0,0
"M711.218T782.65",0,0,0,0,0
"M890.319T900.562",0,0,0,0,0
"M1007.203T89.251",0,0,0,0,0
"M431.156T735.48",0,0,0,0,0
"M688.854T66.858",0,0,0,0,0
"M443.058T752.856",0,0,0,0,0
"M1129.441T885.407",0,0,0,0,0
"M389.199T1191.076",0,0,0,0,0
"M471.173T770.868",0,0,0,0,0
"M487.282T1221.234",0,0,0,0,0
"M869.171T823.716",0,0,0,0,0
"M964.359T921.966",0,0,0,0,0
"M325.202T982.74",0,0,0,0,0
"M461.897T66.291",0,0,0,0,0
"M1613.665T937.741",0,0,0,0,0
"M671.034T89.795",0,0,0,0,0
"M755.669T805.268",0,0,0,0,0
"M420.999T106.905",0,0,0,0,0
"M353.164T1468.881",0,0,0,0,0
"M1136.99T908.053",0,0,0,0,0
"M851.276T990.376",0,0,0,0,0
"M491.181T794.382",0,0,0,0,0
"M551.183T891.516",0,0,0,0,0
"M559.826T1188.911",0,0,0,0,0
"M614.901T67.494",0,0,0,0,0
"M434.83T95.362",0,0,0,0,0
"M537.08T758.19",0,0,0,0,0
"M191.056T750.478",0,0,0,0,0
"M569.775T895.343",0,0,0,0,0
"M1203.469T868.759",0,0,0,0,0
"M591.465T1235.608",0,0,0.51006,0,0
"M321.17T1088.358",0,0,0,0,0
"M377.476T89.245",0,0,0,0,0
"M645.252T899.393",0,0,0,0,0
"M525.195T888.058",0,0,0,0,0
"M397.074T474.916",0,0,0,0,0
"M793.303T1121.279",0,0,0,0,0
"M1133.773T914.148",0,0,0,0,0
"M507.153T88.13",0,0,0,0,0
"M848.315T857.496",0,0,0,0,0
"M1397.968T984.092",0,0,0,0,0
"M459.903T66.337",0,0,0,0,0
"M781.183T974.609",0,0,0,0,0
"M1130.437T924.326",0,0,0,0,0
"M663.326T1029.481",0,0,0,0,0
"M693.278T872.306",0,0,0,0,0
"M259.023T89.815",0,0,0,0,0
"M159.978T67.84",0,0,0,0,0
"M432.997T107.064",0,0,0,0,0
"M545.298T995.647",0,0,0,0,0
"M425.046T798.077",0,0,0,0,0
"M547.24T854.322",0,0,0,0,0
"M723.538T832.745",0,0,0,0,0
"M366.994T111.318",0,0,0,0,0
"M1192.04T901.764",0,0,0,0,0
"M305.081T1046.132",0,0,0,0,0
"M1014.782T1351.411",0,0,0,0,0
"M697.305T1245.984",0,0,0,0,0
"M267.088T844.618",0,0,0,0,0
"M375.129T729.569",0,0,0,0,0
"M304.912T648.188",0,0,0,0,0
"M215.052T1046.473",0,0,0,0,0
"M503.126T874.193",0,0,0,0,0
"M901.161T984.095",0,0,0,0,0
"M772.366T884.107",0,0,0,0,0
"M577.592T1675.781",0,0,0,0,0
"M420.95T86.132",0,0,0,0,0
"M203.286T106.975",0,0,0,0,0
"M596.277T932.512",0,0,0,0,0
"M309.207T1042.166",0,0,0,0,0
"M609.959T835.516",0,0,0,0,0
"M223.046T89.705",0,0,0,0,0
"M425.165T761.881",0,0,0,0,0
"M447.151T677.76",0,0,0,0,0
"M1352.749T1118.63",0,0,0,0,0
"M1162.522T896.44",0,0,0,0,0
"M345.577T605.404",0,0,0,0,0
"M379.565T877.71",0,0,0,0,0
"M1032.753T1226.13",0,0,0,0,0
"M477.061T615.621",0,0,0,0,0
"M608.173T786.435",0,0,0,0,0
"M433.038T831.69",0,0,0,0,0
"M349.056T728.324",0,0,0,0,0
"M391.065T766.545",0,0,0,0,0
"M861.166T878.352",0,0,0,0,0
"M575.895T1049.681",0,0,0,0,0
"M531.009T876.272",0,0,0,0,0
"M469.171T990.382",0,0,0,0,0
"M723.112T851.461",0,0,0,0,0
"M409.045T138.763",0,0,0,0,0
"M395.189T761.387",0,0,0,0,0
"M551.147T89.35",0,0,0,0,0
"M343.871T91.064",0,0,0,0,0
"M306.936T1813.234",0,0,0,0,0
"M597.186T793.686",0,0,0,0,0
"M272.216T1223.783",0,0,0,0,-0.21012
"M607.169T776.722",0,0,0,0,0
"M472.781T96.335",0,0,0,0,0
"M559.728T1193.65",0,0,0,0,0
"M492.116T194.278",0,0,0,0,0
"M763.121T89.636",0,0,0,0,0
"M335.137T198.47",0,0,0,0,0
"M570.167T894.567",0,0,0,0,0
"M577.892T1677.528",0,0,0,0,0
"M661.226T856.483",0,0,0,0,0
"M593.709T851.665",0,0,0,0,0
"M239.129T1031.518",0,0,0,0,0
"M431.506T794.717",0,0,0,0,0
"M751.34T927.282",0,0,0,0,0
"M561.651T1179.172",0,0,0,0,0
"M619.104T906.909",0,0,0,0,0
"M433.624T805.348",0,0,0,0,0
"M727.414T1292.189",0,0,0,0,0
"M465.141T849.089",0,0,0,0,0
"M954.676T1175.377",0,0,0,0,0
"M471.117T721.976",0,0,0,0,0
"M673.081T89.605",0,0,0,0,0
"M367.247T1305.804",0,0,0,0,0
"M465.104T862.717",0,0,0,0,0
"M415.167T872.593",0,0,0,0,0
"M676.835T65.732",0,0,0,0,0
"M351.13T801.057",0,0,0,0,0
"M615.901T66.977",0,0,0,0,0
"M1192.953T904.029",0,0,0,0,0
"M361.323T326.759",0,0,0,0,0
"M661.142T919.275",0,0,0,0,0
"M1129.063T893.528",0,0,0,0,0
"M610.812T69.546",0,0,0,0,0
"M445.135T747.805",0,0,0,0,0
"M873.334T1049.155",0,0,0,0,0
"M271.07T418.897",0,0,0,0,0
"M649.307T1120.24",0,0,0,0,0
"M1395.893T980.489",0,0,0,0,0
"M409.075T617.585",0,0,0,0,0
"M375.179T1058.786",0,0,0,0,0
"M402.187T763.436",0,0,0,0,0
"M885.163T805.657",0,0,0,0,0
"M426.882T91.046",0,0,0,0,0
"M771.811T66.858",0,0,0,0,0
"M1015.483T980.936",0,0,0,0,0
"M451.018T90.59",0,0,0,0,0
"M545.846T78.22",0,0,0,0,0
"M948.606T1193.747",0,0,0,0,0
"M251.133T1514.839",0,0,0,0,0
"M969.698T320.725",0,0,0,0,0
"M365.528T823.98",0,0,0,0,0
"M237.118T1438.218",0,0,0,0,0
"M722.143T1113.831",0,0,0,0,0
"M223.134T1071.799",0,0,0,0,0
"M377.164T1417.473",0,0,0,0,0
"M320.919T92.078",0,0,0,0,0
"M659.273T944.298",0,0,0,0,0
"M937.388T970.431",0,0,0,0,0
"M942.309T937.647",0,0,0,0,0
"M408.906T66.13",0,0,0,0,0
"M533.158T89.204",0,0,0,0,0
"M333.191T983.058",0,0,0,0,0
"M292.923T69.684",0,0,0,0,0
"M365.136T768.138",0,0,0,0,0
"M771.203T760.252",0,0,0,0,0
"M461.152T871.999",0,0,0,0,0
"M481.183T807.444",0,0,0,0,0
"M631.8T325.95",0,0,0,0,0
"M429.265T1258.241",0,0,0,0,0
"M356.044T717.249",0,0,0,0,0
"M1220.32T832.741",0,0,0,0,0
"M1202.883T908.106",0,0,0,0,0
"M405.177T839.252",0,0,0,0,0
"M1204.491T868.846",0,0,0,0,0
"M333.041T419.397",0,0,0,0,0
"M726.284T1051.577",0,0,0,0,0
"M367.103T818.837",0,0,0,0,0
"M491.059T89.089",0,0,0,0,0
"M300.988T96.154",0,0,0,0,0
"M643.847T66.912",0,0,0,0,0
"M457.178T974.721",0,0,0,0,0
"M1322.047T1191.462",0,0,0,0,0
"M777.852T69.273",0,0,0,0,0
"M632T325.979",0,0,0,0,0
"M601.172T845.875",0,0,0,0,0
"M610.849T834.902",0,0,0,0,0
"M310.974T92.682",0,0,0,0,0
"M494.854T65.043",0,0,0,0,0
"M413.17T1141.015",0,0,0,0,0
"M433.716T806.299",0,0,0,0,0
"M1162.945T896.606",0,0,0,0,0
"M373.169T1117.157",0,0,0,0,0
"M776.814T66.22",0,0,0,0,0
"M779.158T89.251",0,0,0,0,0
"M869.797T67.374",0,0,0,0,0
"M806.159T933.966",0,0,0,0,0
"M407.9T66.13",0,0,0,0,0
"M1031.917T1222.934",0,0,0,0,0
"M806.921T938.616",0,0,0,0,0
"M389.236T1529.579",0,0,0,0,0
"M469.115T876.627",0,0,0,0,0
"M1035.66T1245.391",0,0,0,-0.18875,0
"M795.134T88.13",0,0,0,0,0
"M562.766T1150.374",0,0,0,0,0
"M444.062T749.895",0,0,0,0,0
"M793.382T1217.731",0,0,0,0,0
"M773.327T876.979",0,0,0,0,0
"M381.265T1260.401",0,0,0,0,0
"M433.13T1193.416",0,0,0,0,0
"M609.176T851.021",0,0,0,0,0
"M761.823T67.434",0,0,0,0,0
"M254.223T1432.623",0,0,0,0,0
"M754.827T67.274",0,0,0,0,0
"M287.076T110.312",0,0,0,0,0
"M871.351T913.248",0,0,0,0,0
"M484.876T65.991",0,0,0,0,0
"M807.113T936.925",0,0,0,0,0
"M1056.664T1245.704",0,0,0,0,0
"M203.204T105.674",0,0,0,0,0
"M1712.298T909.092",0,0,0,0,0
"M490.258T1012.065",0,0,0,0,0
"M505.3T1291.082",0,0,0,0,0
"M869.81T67.545",0,0,0,0,0
"M204.975T113.721",0,0,0,0,0
"M613.854T887.38",0,0,0,0,0
"M333.06T88.804",0,0,0,0,0
"M1197.439T886.215",0,0,0,0,0
"M413.192T1370.63",0,0,0,0,0
"M572.874T67.143",0,0,0,0,0
"M1095.326T894.544",0,0,0,0,0
"M555.158T835.854",0,0,0,0,0
"M315.405T313.892",0,0,0,0,0
"M267.196T1364.412",0,0,0,0,0
"M674.842T67.64",0,0,0,0,0
"M593.934T851.064",0,0,0,0,0
"M487.134T869.24",0,0,0,0,0
"M310.969T105.491",0,0,0,0,0
"M559.758T1184.709",0,0,0,0,0
"M755.829T66.935",0,0,0,0,0
"M729.127T851.649",0,0,0,0,0
"M946.478T931.796",0,0,0,0,0
"M276.196T919.68",0,0,0,0,0
"M1032.826T1226.065",0,0,0,0,0
"M625.347T1245.237",0,0,0,0,0
"M232.059T185.959",0,0,0,0,0
"M314.905T90.961",0,0,0,0,0
"M221.03T89.496",0,0,0,0,0
"M578.278T1654.313",0,0,0,0,0
"M535.315T1261.506",0,0,0,0,0
"M872.81T67.519",0,0,0,0,0
"M429.365T315.31",0,0,0,0,0
"M628.521T1196.341",0,0,0,0,0
"M770.81T67.374",0,0,0,0,0
"M471.046T618.546",0,0,0,0,0
"M1043.424T909.662",0,0,0,0,0
"M401.144T790.222",0,0,0,0,0
"M712.22T783.012",0,0,0,0,0
"M469.036T876.272",0,0,0,0,0
"M1013.752T1251.503",0,0,0,0,0
"M276.001T167.936",0,0,0,0,0
"M884.8T66.979",0,0,0,0,0
"M489.187T785.097",0,0,0,0,0
"M333.926T91.902",0,0,0,0,0
"M473.173T881.847",0,0,0,0,0
"M502.199T804.61",0,0,0,0,0
"M621.037T758.225",0,0,0,0,0
"M611.147T106.977",0,0,0,0,0
"M346.113T762.425",0,0,0,0,0
"M273.035T716.931",0,0,0,0,0
"M310.211T1043.204",0,0,0,0,0
"M216.91T95.357",0,0,0,0,0
"M461.037T823.98",0,0,0,0,0
"M870.702T1303.064",0,0,0,0,0
"M208.939T93.236",0,0,0,0,0
"M567.171T792.05",0,0,0,0,0
"M476.876T67.016",0,0,0,0,0
"M506.896T66.684",0,0,0,0,0
"M577.603T1671.748",0,0,0,0,-0.16669
"M431.759T791.911",0,0,0,0,0
"M735.184T783.373",0,0,0,0,0
"M609.054T106.871",0,0,0,0,0
"M293.125T720.398",0,0,0,0,0
"M805.628T943.759",0,0,0,0,0
"M657.266T958.998",0,0,0,0,0
"M508.215T930.69",0,0,0,0,0
"M957.274T935.63",0,0,0,0,0
"M915.823T68.606",0,0,0,0,0
"M772.809T66.771",0,0,0,0,0
"M1130.433T884.599",0,0,0,0,0
"M323.22T1468.402",0,0,0,0,0
"M265.767T1587.442",0,0,0,0,0
"M1194.582T905.904",0,0,0,0,0
"M379.574T88.998",0,0,0,0,0
"M619.26T816.529",0,0,0,0,0
"M292.991T104.104",0,0,0,0,0
"M721.9T1109.959",0,0,0,0,0
"M911.268T936.747",0,0,0,0,0
"M645.848T67.545",0,0,0,0,0
"M806.073T940.272",0,0,0,0,0
"M535.217T864.116",0,0,0,0,0
"M577.559T1679.783",0,0,0,0,0
"M522.878T65.745",0,0,0,0,0
"M540.938T1245.502",0,0,0,0,0
"M255.115T921.266",0,0,0,0,0
"M989.364T928.413",0,0,0,0,0
"M1093.54T895.081",0,0,0,0,0
"M273.96T67.4",0,0,0,0,0
"M655.189T778.866",0,0,0,0,0
"M633.256T842.527",0,0,0,0,0
"M626.212T761.224",0,0,0,0,0
"M569.91T66.858",0,0,0,0,0
"M544.267T1176.51",0,0,0,0,0
"M329.088T425.59",0,0,0,0,0
"M245.043T89.713",0,0,0,0,0
"M495.025T292.616",0,0,0,0,0
"M547.234T852.079",0,0,0,0,0
"M595.088T88.414",0,0,0,0,0
"M502.919T67.374",0,0,0,0,0
"M761.09T836.466",0,0,0,0,0
"M494.233T920.795",0,0,0,0,0
"M274.971T109.977",0,0,0,0,0
"M626.185T785.506",0,0,0,0,0
"M751.251T911.327",0,0,0,0,0
"M365.074T1582.434",0,0,0,0,0
"M491.126T414.484",0,0,0,0,0
"M501.922T67.415",0,0,0,0,0
"M415.225T881.978",0,0,0,0,0
"M409.002T109.878",0,0,0,0,0
"M925.22T834.324",0,0,0,0,0
"M413.104T602.912",0,0,0,0,0
"M605.336T1280.382",0,0,0,0,0
"M417.893T66.858",0,0,0,0,0
"M807.744T937.741",0,0,0,0,0
"M394.914T65.661",0,0,0,0,0
"M589.566T906.625",0,0,0,0,0
"M597.052T106.853",0,0,0,0,0
"M209.025T89.634",0,0,0,0,0
"M941.306T938.915",0,0,0,0,0
"M180.971T1182.798",0,0,0,0,0
"M593.922T852.299",0,0,0,0,0
"M475.267T1205.634",0,0,0,0,0
"M483.046T750.368",0,0,0,0,0
"M1264.49T909.092",0,0,0,0,0
"M808.342T938.944",0,0,0,0,0
"M303.023T88.804",0,0,0,0,0
"M732.876T67.374",0,0,0,0,0
"M759.826T66.885",0,0,0,0,0
"M323.942T66.374",0,0,0,0,0
"M289.056T250.757",0,0,0,0,0
"M675.158T785.506",0,0,0,0,0
"M1014.477T981.949",0,0,0,0,0
"M617.9T67.042",0,0,0,0,0
"M958.839T69.273",0,0,0,0,0
"M851.338T916.834",0,0,0,0,0
"M698.86T68.208",0,0,0,0,0
"M529.184T941.182",0,0,0,0,0
"M584.88T67.734",0,0,0,0,0
"M371.116T87.699",0,0,0,0,0
"M283.086T201.788",0,0,0,0,0
"M621.221T884.304",0,0,0,0,0
"M705.205T926.435",0,0,0,0,0
"M553.289T1586.442",0,0,0,0,0
"M699.004T983.059",0,0,0,0,0
"M659.284T993.534",0,0,0,0,0
"M805.362T924.937",0,0,0,0,0
"M849.231T1681.107",0,0,0,0,0
"M789.663T1119.968",0,0,0,0,0
"M467.156T971.498",0,0,0,0,0
"M640.844T67.188",0,0,0,0,0
"M359.098T671.316",0,0,0,0,0
"M431.769T791.594",0,0,0,0,0
"M998.792T1400.033",0,0,0,0,0
"M610.241T1134.504",0,0,0,0,0
"M643.245T933.361",0,0,0,0,0
"M287.077T663.979",0,0,0,0,0
"M875.696T1193.301",0,0,0,0,0
"M850.805T68.208",0,0,0,0,0
"M508.881T66.935",0,0,0,0,0
"M471.234T922.432",0,0,0,0,0
"M815.832T67.938",0,0,0,0,0
"M379.335T877.312",0,0,0,0,0
"M573.871T66.828",0,0,0,0,0
"M539.034T616.33",0,0,0,0,0
"M619.189T858.982",0,0,0,0,0
"M571.907T66.444",0,0,0,0,0
"M543.278T1086.647",0,0,0,0,0
"M500.92T66.885",0,0,0,0,0
"M397.002T110.368",0,0,0,0,0
"M470.899T66.896",0,0,0,0,0
"M1395.715T983.057",0,0,0,0,0
"M330.047T113.025",0,0,0,0,0
"M1432.595T1048.493",0,0,0,0,0
"M917.207T1674.194",0,0,0,0,0
"M390.087T116.11",0,0,0,0,0
"M655.281T1120.709",0,0,0,0,0
"M627.173T806.181",0,0,0,0,0
"M333.062T883.084",0,0,0,0,0
"M672.967T94.411",0,0,0,0,0
"M659.01T106.427",0,0,0,0,0
"M565.248T792.391",0,0,0,0,0
"M264.918T1583.467",0,0,0,0,0
"M610.923T833.809",0,0,0,0,0
"M564.68T1183.74",0,0,0,0,0
"M608.85T67.202",0,0,0,0,0
"M503.143T589.731",0,0,0,0,0
"M613.488T897.436",0,0,0,0,0
"M458.904T66.375",0,0,0,0,0
"M799.852T67.938",0,0,0,0,0
"M927.368T972.44",0,0,0,0,0
"M371.09T764.993",0,0,0,0,0
"M564.995T1201.416",0,0,0,0,0
"M811.459T986.188",0,0,0,0,0
"M377.176T1586.442",0,0,0,0,0
"M459.109T698.322",0,0,0,0,0
"M601.173T930.747",0,0,0,0,0
"M874.812T68.208",0,0,0,0,0
"M313.093T363.79",0,0,0,0,0
"M561.217T921.818",0,0,0,0,0
"M647.652T1162.749",0,0,0,0,0
"M355.623T1467.662",0,0,0,0,0
"M463.02T875.074",0,0,0,0,0
"M289.12T769.482",0,0,0,0,0
"M942.303T939.917",0,0,0,0,0
"M459.052T765.953",0,0,0,0,0
"M1595.86T892.477",0,0,0,0,0
"M497.175T1191.749",0,0,0,0,0
"M404.916T66.832",0,0,0,0,0
"M723.346T899.128",0,0,0,0,0
"M655.655T928.688",0,0,0,0,0
"M427.197T838.449",0,0,0,0,0
"M477.162T299.232",0,0,0,0,0
"M667.066T1635.31",0,0,0,0,0
"M999.727T1404.686",0,0,0,0,0
"M626.824T67.188",0,0,0,0,0
"M293.177T1099.499",0,0,0,0,0
"M309.579T1630.114",0,0,0,0,0
"M456.81T96.244",0,0,0,0,0
"M302.995T91.809",0,0,0,0,0
"M429.25T1071.941",0,0,0,0,0
"M316.868T95.439",0,0,0,0,0
"M975.202T831.412",0,0,0,0,0
"M781.235T1675.435",0,0,0,0,0
"M341.088T439.204",0,0,0,0,0
"M656.833T67.115",0,0,0,0,0
"M551.062T89.793",0,0,0,0,0
"M516.896T66.912",0,0,0,0,0
"M1031.347T966.014",0,0,0,0,0
"M635.012T105.736",0,0,0,0,0
"M630.879T67.545",0,0,0,0,0
"M723.871T1121.272",0,0,0,0,0
"M869.196T805.922",0,0,0,0,0
"M693.424T1336.51",0,0,0,0,0
"M981.461T1134.419",0,0,0,0,0
"M518.251T1268.574",0,0,0,0,0
"M806.978T940.468",0,0,0,0,0
"M1074.191T1193.875",0,0,0,0,0
"M489.271T928.554",0,0,0,0,0
"M265.444T1583.486",0,0,0,0,0
"M543.857T66.858",0,0,0,0,0
"M1162.757T894.541",0,0,0,0,0
"M591.333T975.738",0,0,0,0,0
"M733.875T66.912",0,0,0,0,0
"M355.318T1470.36",0,0,0,0,0
"M683.185T619.574",0,0,0,0,0
"M471.897T67.543",0,0,0,0,0
"M330.967T90.669",0,0,0,0,0
"M160.975T67.374",0,0,0,0,0
"M230.991T88.495",0,0,0,0,0
"M297.126T1110.971",0,0,0,0,0
"M502.273T1072.442",0,0,0,0,0
"M429.141T889.195",0,0,0,0,0
"M713.247T1675.044",0,0,0,0,0
"M1109.422T909.522",0,0,0,0,0
"M870.194T810.976",0,0,0,0,0
"M656.998T95.285",0,0,0,0,0
"M341.088T304.64",0,0,0,0,0
"M292.951T1190.066",0,0,0,0,0
"M738.365T995.342",0,0,0,0,0
"M1042.422T909.151",0,0,0,0,0
"M510.867T67.274",0,0,0,0,0
"M798.851T67.54",0,0,0,0,0
"M413.179T861.909",0,0,0,0,0
"M294.948T66.364",0,0,0,0,0
"M481.099T800.114",0,0,0,0,0
"M807.007T938.915",0,0,0,0,0
"M359.022T90.408",0,0,0,0,0
"M608.815T67.972",0,0,0,0,0
"M503.92T66.912",0,0,0,0,0
"M697.645T1007.409",0,0,0,0,0
"M564.961T1199.656",0,0,0,0,0
"M793.131T89.251",0,0,0,0,0
"M1127.556T894.268",0,0,0,0,0
"M437.29T1178.675",0,0,0,0,0
"M347.023T90.373",0,0,0,0,0
"M359.061T194.361",0,0,0,0,0
"M375.092T797.968",0,0,0,0,0
"M699.853T67.836",0,0,0,0,0
"M1462.52T939.973",0,0,0,0,0
"M264.94T1584.518",0,0,0,0,0
"M385.113T791.317",0,0,0,0,0
"M334.203T855.358",0,0,0,0,0
"M421.075T89.496",0,0,0,0,0
"M431.536T792.704",0,0,0,0,0
"M743.85T66.912",0,0,0,0,0
"M267.448T1582.434",0,0,0,0,0
"M616.899T67.433",0,0,0,0,0
"M577.665T1674.316",0,0,0,0,0
"M277.181T1188.389",0,0,0,0,0
"M203.083T418.775",0,0,0,0,0
"M341.465T625.973",0,0,0,0,0
"M272.959T67.281",0,0,0,0,0
"M1110.425T909.936",0,0,0,0,0
"M700.328T66.684",0,0,0,0,0
"M381.079T366.313",0,0,0,0,0
"M280.987T110.997",0,0,0,0,0
"M472.886T66.482",0,0,0,0,0
"M643.114T87.886",0,0,0,0,0
"M367.058T823.98",0,0,0,0,0
"M601.323T1160.225",0,0,0,0,0
"M785.11T833.266",0,0,0,0,0
"M271.228T1378.369",0,0,0,0,0
"M1396.759T982.008",0,0,0,0,0
"M586.884T67.938",0,0,0,0,0
"M1162.845T896.125",0,0,0,0,0
"M575.867T66.858",0,0,0,0,0
"M576.861T67.042",0,0,0,0,0
"M998.816T1403.341",0,0,0,0,0
"M412.846T95.439",0,0,0,0,0
"M1702.305T908.08",0,0,0,0,0
"M868.801T68.637",0,0,0,0,0
"M338.196T1226.316",0,0,0,0,-0.61895
"M1131.537T924.362",0,0,0,0,0
"M755.604T807.443",0,0,0,0,0
"M1107.431T863.874",0,0,0,0,0
"M1193.356T907.422",0,0,0,0,0
"M487.146T735.656",0,0,0,0,0
"M613.315T879.972",0,0,0,0,0
"M182.994T112.283",0,0,0,0,0
"M698.83T984.108",0,0,0,0,0
"M350.951T91.708",0,0,0,0,0
"M684.885T67.374",0,0,0,0,0
"M373.167T930.605",0,0,0,0,0
"M391.216T1235.608",0,0,0,0,0
"M340.944T66.846",0,0,0,0,0
"M365.143T832.741",0,0,0,0,0
"M303.911T67.938",0,0,0,0,0
"M555.17T790.902",0,0,0,0,0
"M408.822T1801.685",0,0,0,0,0
"M1084.663T1198.774",0,0,0,-0.6409,0
"M454.144T914.383",0,0,0,0,0
"M886.794T67.143",0,0,0,0,0
"M526.316T1188.04",0,0,0,0,0
"M631.877T67.938",0,0,0,0,0
"M1192.357T906.767",0,0,0,0,0
"M455.927T66.684",0,0,0,0,0
"M429.211T843.933",0,0,0,0,0
"M562.511T1245.744",0,0,0,0,0
"M1009.386T967.414",0,0,0,0,0
"M542.861T66.722",0,0,0,0,0
"M431.497T89.496",0,0,0,0,0
"M357.108T784.337",0,0,0,0,0
"M349.072T1165.294",0,0,0,0,0
"M327.643T975.837",0,0,0,0,0
"M527.309T1189.176",0,0,0,0,0
"M1103.384T928.554",0,0,0,0,0
"M1222.302T834.324",0,0,0,0,0
"M809.838T69.273",0,0,0,0,0
"M683.887T67.591",0,0,0,0,0
"M553.164T782.325",0,0,0,0,0
"M1013.416T975.546",0,0,0,0,0
"M644.846T66.885",0,0,0,0,0
"M521.022T764.729",0,0,0,0,0
"M559.276T958.275",0,0,0,0,0
"M383.156T805.681",0,0,0,0,0
"M943.39T965.159",0,0,0,0,0
"M613.983T886.617",0,0,0,0,0
"M570.147T892.591",0,0,0,0,0
"M349.02T88.804",0,0,0,0,0
"M173.008T106.871",0,0,0,0,0
"M693.333T1246.11",0,0,0,0,0
"M737.363T997.317",0,0,0,0,0
"M653.091T90.81",0,0,0,0,0
"M1167.533T908.078",0,0,0,0,0
"M377.496T89.073",0,0,0,0,0
"M429.486T320.767",0,0,0,0,0
"M693.17T791.92",0,0,0,0,0
"M433.376T793.769",0,0,0,0,0
"M1396.865T985.147",0,0,0,0,0
"M575.196T930.136",0,0,0,0,0
"M760.823T66.885",0,0,0,0,0
"M747.152T89.636",0,0,0,0,0
"M450.796T96.244",0,0,0,0,0
"M277.145T1387.445",0,0,0,0,0
"M469.095T760.602",0,0,0,0,0
"M478.284T1182.278",0,0,0,0,0
"M937.334T882.127",0,0,0,0,0
"M728.269T963.544",0,0,0,0,0
"M723.784T1121.279",0,0,0,0,0
"M507.891T66.852",0,0,0,0,0
"M656.58T941.504",0,0,0,0,0
"M194.055T920.109",0,0,0,0,0
"M241.013T89.266",0,0,0,0,0
"M504.906T66.788",0,0,0,0,0
"M381.071T774.821",0,0,0,0,0
"M951.343T881.927",0,0,0,0,0
"M343.139T875.835",0,0,0,0,0
"M687.004T87.737",0,0,0,0,0
"M453.14T913.155",0,0,0,0,0
"M706.319T1147.92",0,0,0,0,0
"M873.568T937.856",0,0,0,0,0
"M377.58T89.42",0,0,0,0,0
"M443.116T681.368",0,0,0,0,0
"M669.068T89.15",0,0,0,0,0
"M715.392T322.783",0,0,0,0,0
"M245.094T862.962",0,0,0,0,0
"M880.534T1198.774",0,0,0,0,0
"M665.182T815.828",0,0,0,0,0
"M447.959T106.92",0,0,0,0,0
"M701.131T783.655",0,0,0,0,0
"M1296.901T900.549",0,0,0,0,0
"M1005.407T928.554",0,0,0,0,0
"M499.04T88.414",0,0,0,0,0
"M739.368T1006.616",0,0,0,0,0
"M732.379T69.273",0,0,0,0,0
"M349.057T865.046",0,0,0,0,0
"M436.82T95.439",0,0,0,0,0
"M1014.811T1344.847",0,0,0,0,0
"M723.413T940.853",0,0,0,0,0
"M656.666T946.513",0,0,0,0,0
"M521.224T935.29",0,0,0,0,0
"M677.702T838.115",0,0,0,0,0
"M431.674T89.564",0,0,0,0,0
"M1390.547T1005.094",0,0,0,0,0
"M313.275T1417.53",0,0,0,0,0
"M216.938T89.656",0,0,0,0,0
"M888.803T66.684",0,0,0,0,0
"M477.088T1628.76",0,0,0,0,0
"M365.135T389.484",0,0,0,0,0
"M577.255T863.306",0,0,0,0,0
"M613.564T887.981",0,0,0,0,0
"M549.062T87.818",0,0,0,0,0
"M428.819T94.411",0,0,0,0,0
"M395.28T1470.273",0,0,0,0,0
"M697.753T1005.082",0,0,0,0,0
"M285.243T1390.408",0,0,0,0,0
"M1463.523T939.044",0,0,0,0,0
"M436.953T95.439",0,0,0,0,0
"M481.224T887.168",0,0,0,0,0
"M426.023T92.476",0,0,0,0,0
"M486.878T66.684",0,0,0,0,0
"M325.35T1454.83",0,0,0,0,0
"M343.103T489.112",0,0,0,0,0
"M871.81T66.912",0,0,0,0,0
"M429.156T412.291",0,0,0,0,0
"M444.872T67.426",0,0,0,0,0
"M643.851T67.124",0,0,0,0,0
"M771.83T66.444",0,0,0,0,0
"M383.462T316.499",0,0,0,0,0
"M532.307T1586.442",0,0,-0.15681,0,0
"M607.262T1433.034",0,0,0,0,0
"M463.182T861.112",0,0,0,0,0
"M951.444T1329.777",0,0,0,0,0
"M554.347T1333.324",0,0,0,0,0
"M970.574T320.828",0,0,0,0,0
"M323.042T818.446",0,0,0,0,0
"M484.016T89.822",0,0,0,0,0
"M927.398T981.461",0,0,0,0,0
"M333.062T954.304",0,0,0,0,0
"M543.282T933.008",0,0,0,0,0
"M415.161T821.344",0,0,0,0,0
"M737.676T1009.279",0,0,0,0,0
"M1041.432T908.782",0,0,0,0,0
"M289.011T91.489",0,0,0,0,0
"M609.153T789.212",0,0,0,0,0
"M714.826T66.684",0,0,-0.047094,0,0
"M413.106T699.494",0,0,0,0,0
"M510.873T67.188",0,0,0,0,0
"M942.387T966.176",0,0,0,0,0
"M529.159T788.61",0,0,0,0,0
"M435.187T981.992",0,0,0,0,0
"M278.067T775.155",0,0,0,0,0
"M454.975T107.571",0,0,0,0,0
"M292.14T116.338",0,0,0,0,0
"M842.848T69.273",0,0,0,0,0
"M501.375T66.858",0,0,0,0,0
"M710.827T66.858",0,0,0,0,0
"M366.264T1266.032",0,0,0,0,0
"M328.886T98.013",0,0,0,0,0
"M447.225T920.763",0,0,0,0,0
"M1311.769T944.788",0,0,0,0,-0.20973
"M264.997T1580.365",0,0,0,0,0
"M317.064T416.942",0,0,0,0,0
"M733.865T68.384",0,0,0,0,0
"M521.109T928.919",0,0,0,0,0
"M796.86T67.938",0,0,0,0,0
"M402.917T66.5",0,0,0,0,0
"M453.099T792.789",0,0,0,0,0
"M288.987T101.622",0,0,0,0,0
"M375.129T680.648",0,0,0,0,0
"M374.109T731.372",0,0,0,0,0
"M759.145T875.232",0,0,0,0,0
"M1117.54T932.512",0,0,0,0,0
"M563.052T1148.286",0,0,0,0,0
"M1132.537T923.907",0,0,0,0,0
"M970.53T319.597",0,0,0,0,0
"M856.833T68.139",0,0,0,0,0
"M384.275T1314.124",0,0,0,0,0
"M1042.847T909.803",0,0,0,0,0
"M517.145T864.53",0,0,0,0,0
"M726.808T67.734",0,0,0,0,0
"M463.292T1322.103",0,0,0,0,0
"M721.695T1111.272",0,0,0,0,0
"M824.341T916.725",0,0,0,0,0
"M312.981T1548.536",0,0,0,0,0
"M345.082T140.774",0,0,0,0,0
"M251.019T152.27",0,0,0,0,0
"M211.02T89.692",0,0,0,0,0
"M279.164T1571.945",0,0,0,0,0
"M540.867T1245.744",0,0,0,0,0
"M636.263T1199.226",0,0,0,0,0
"M377.107T115.273",0,0,0,0,0
"M266.011T1587.442",0,0,0,0,0
"M592.829T68.269",0,0,0,0,0
"M631.775T322.539",0,0,0,0,0
"M737.927T1007.192",0,0,0,0,0
"M755.7T809.167",0,0,0,0,0
"M819.351T968.448",0,0,0,0,0
"M338.919T65.205",0,0,0,0,0
"M418.896T66.885",0,0,0,0,0
"M875.185T822.717",0,0,0,0,0
"M873.6T939.438",0,0,0,0,0
"M231.895T92.025",0,0,0,0,0
"M601.138T88.174",0,0,0,0,0
"M455.265T1063.258",0,0,0,0,0
"M347.091T1147.321",0,0,0,0,0
"M427.009T107.872",0,0,0,0,0
"M699.093T985.159",0,0,0,0,0
"M243.065T108.531",0,0,0,0,0
"M1231.291T836.99",0,0,0,0,0
"M974.806T67.938",0,0,0,0,0
"M1079.633T1147.237",0,0,0.10644,0,0
"M741.841T67.938",0,0,0,0,0
"M409.172T733.287",0,0,0,0,0
"M434.065T1584.432",0,0,0,0,0
"M559.111T412.291",0,0,0,0,0
"M265.4T1577.206",0,0,0,0,0
"M775.809T66.684",0,0,0,0,0
"M723.231T1108.539",0,0,0,0,0
"M435.959T107.38",0,0,0,0,0
"M676.309T1245.665",0,0,0,0,0
"M338.162T1582.434",0,0,0,0,0
"M265.261T1518.666",0,0,0,0,0
"M785.833T68.422",0,0,0,0,0
"M802.832T67.494",0,0,0,0,0
"M406.181T1223.783",0,0,0,0,0
"M191.27T107.073",0,0,0,0,0
"M426.969T1294.755",0,0,0,0,0
"M829.848T69.273",0,0,0,0,0
"M532.87T67.202",0,0,0,0,0
"M391.286T1178.675",0,0,0,0,-0.45556
"M308.078T802.991",0,0,0,0,0
"M448.965T106.062",0,0,0,0,0
"M1354.628T902.5",0,0,0,0,0
"M241.108T881.116",0,0,0,0,0
"M325.269T1475.841",0,0,0,0,0
"M614.37T886.617",0,0,0,0,0
"M846.859T69.273",0,0,0,0,0
"M418.894T1736.453",0,0,0,0,0
"M265.462T1590.804",0,0,0,0,0
"M774.807T67.494",0,0,0,0,0
"M562.892T1151.046",0,0,0,0,0
"M562.689T1149.325",0,0,0,0,0
"M544.856T67.188",0,0,0,0,0
"M426.107T1196.658",0,0,0,0,0
"M319.076T917.392",0,0,0,0,0
"M472.92T68.092",0,0,0,0,0
"M614.334T1180.618",0,0,0,0,0
"M445.18T1041.889",0,0,0,0,0
"M405.167T106.416",0,0,0,0,0
"M984.8T68.139",0,0,0,0,0
"M677.817T66.684",0,0,0,0,0
"M554.292T1585.444",0,0,0,0,0
"M505.902T66.721",0,0,0,0,0
"M408.955T91.269",0,0,0,0,0
"M330.844T95.905",0,0,0,0,0
"M338.938T105.668",0,0,0,0,0
"M579.286T1254.853",0,0,0,0,0
"M657.832T67.374",0,0,0,0,0
"M885.822T66.912",0,0,0,0,0
"M309.465T1630.61",0,0,0,0,0
"M186.965T89.822",0,0,0,0,0
"M385.188T793.619",0,0,0,0,0
"M541.046T1246.429",0,0,0,0,0
"M562.835T1148.266",0,0,0,0,0
"M826.82T66.912",0,0,0,0,0
"M1243.514T983.057",0,0,0,0,0
"M1105.431T888.552",0,0,0,0,0
"M697.905T994.286",0,0,0,0,0
"M637.177T857.418",0,0,0,0,0
"M795.174T784.422",0,0,0,0,0
"M401.05T875.074",0,0,0,0,0
"M697.499T992.528",0,0,0,0,0
"M822.854T69.273",0,0,0,0,0
"M501.271T1065.78",0,0,0,0,0
"M853.704T1327.629",0,0,0,0,0
"M600.854T66.846",0,0,0,0,0
"M731.208T950.406",0,0,0,0,0
"M314.995T91.028",0,0,0,0,0
"M470.098T771.956",0,0,0,0,0
"M526.881T66.339",0,0,0,0,0
"M344.844T1719.46",0,0,0,0,0
"M270.208T1225.64",0,0,0,0,-0.44018
"M652.365T1270.263",0,0,0,0,0
"M697.889T996.214",0,0,0,0,0
"M641.167T774.439",0,0,0,0,0
"M778.832T66.858",0,0,0,0,0
"M619.892T69.273",0,0,0,0,0
"M613.529T893",0,0,0,0,0
"M747.22T952.211",0,0,0,0,0
"M541.034T1246.263",0,0,0,0,0
"M567.646T908.106",0,0,0,0,0
"M377.049T427.197",0,0,0,0,0
"M493.23T921.818",0,0,0,0,0
"M403.918T66.912",0,0,0,0,0
"M218.906T96.154",0,0,0,0,0
"M417.197T1560.279",0,0,0,0,0
"M387.346T67.938",0,0,0,0,0
"M367.08T114.463",0,0,0,0,0
"M387.286T1039.677",0,0,0,0,0
"M936.821T69.273",0,0,0,0,0
"M309.409T1633.535",0,0,0,0,0
"M401.049T776.54",0,0,0,0,0
"M758.826T66.858",0,0,0,0,0
"M765.403T989.552",0,0,0,0,0
"M323.019T128.103",0,0,0,0,0
"M1168.035T908.053",0,0,0,0,0
"M244.992T90.87",0,0,0,0,0
"M913.832T69.273",0,0,0,0,0
"M773.806T66.912",0,0,0,0,0
"M459.149T771.729",0,0,0,0,0
"M697.821T989.317",0,0,0,0,0
"M677.532T831.69",0,0,0,0,0
"M442.914T96.95",0,0,0,0,0
"M202.942T91.028",0,0,0,0,0
"M1123.31T88.13",0,0,0,0,0
"M401.218T1013.762",0,0,0,0,0
"M826.798T68.208",0,0,0,0,0
"M806.809T940.953",0,0,0,0,0
"M721.798T1122.035",0,0,0,0,0
"M439.32T90.793",0,0,0,0,0
"M294.061T714.71",0,0,0,0,0
"M507.151T845.473",0,0,0,0,0
"M317.054T89.176",0,0,0,0,0
"M558.844T67.933",0,0,0,0,0
"M593.266T1148.35",0,0,0.17095,0,0
"M431.567T89.496",0,0,0,0,0
"M273.038T89.35",0,0,0,0,0
"M307.139T820.104",0,0,0,0,0
"M825.818T67.446",0,0,0,0,0
"M937.815T69.273",0,0,0,0,0
"M415.27T1182.702",0,0,0,0,0
"M173.045T101.755",0,0,0,0,0
"M464.295T1313.132",0,0,0,0,0
"M743.355T69.273",0,0,0,0,0
"M359.123T830.487",0,0,0,0,0
"M267.121T971.402",0,0,0,0,0
"M722.487T1128.209",0,0,0,0,0
"M549.174T847.493",0,0,0,0,0
"M412.307T1396.319",0,0,0,0,0
"M986.8T69.273",0,0,0,0,0
"M328.915T88.871",0,0,0,0,0
"M985.796T67.938",0,0,0,0,0
"M454.926T66.758",0,0,0,0,0
"M340.859T1719.351",0,0,0,0,0
"M940.798T67.938",0,0,0,0,0
"M702.25T942.066",0,0,0,0,0
"M636.318T1109.802",0,0,0,0,0
"M453.035T765.753",0,0,0,0,0
"M329.089T195.942",0,0,0,0,0
"M723.445T946.073",0,0,0,0,0
"M873.774T937.9",0,0,0,0,0
"M960.832T69.273",0,0,0,0,0
"M743.134T887.76",0,0,0,0,0
"M615.152T88.13",0,0,0,0,0
"M685.161T842.613",0,0,0,0,0
"M567.038T88.934",0,0,0,0,0
"M545.633T89.251",0,0,0,0,0
"M322.894T87.737",0,0,0,0,0
"M399.092T115.22",0,0,0,0,0
"M283.068T151.129",0,0,0,0,0
"M876.821T69.273",0,0,0,0,0
"M541.425T1223.783",0,0,0,0,0
"M574.868T66.858",0,0,0,0,0
"M275.325T68.186",0,0,0,0,0
"M1204.518T908.598",0,0,0,0,0
"M645.117T89.636",0,0,0,0,0
"M489.062T89.797",0,0,0,0,0
"M383.418T324.765",0,0,0,0,0
"M565.161T88.804",0,0,0,0,0
"M519.896T67.425",0,0,0,0,0
"M179.035T777.176",0,0,0,0,0
"M752.34T69.273",0,0,0,0,0
"M447.222T1194.448",0,0,0,0,0
"M559.04T89.345",0,0,0,0,0
"M513.235T964.262",0,0,0,0,0
"M371.034T865.858",0,0,0,0,0
"M859.829T68.324",0,0,0,0,0
"M1128.035T894.796",0,0,0,0,0
"M461.223T1572.372",0,0,0,0,0
"M701.333T69.273",0,0,0,0,0
"M1011.512T1160.036",0,0,0,0,0
"M764.865T68.038",0,0,0,0,0
"M271.212T1226.316",0,0,0,0,0
"M823.815T68.208",0,0,0,0,0
"M637.322T1108.089",0,0,0,0,0
"M497.083T319.72",0,0,0,0,0
"M459.203T1145.05",0,0,0,0,0
"M567.119T89.158",0,0,0,0,0
"M615.334T1182.849",0,0,0,0,0
"M563.035T1151.624",0,0,0,0,0
"M685.881T68.139",0,0,0,0,0
"M265.148T1629.604",0,0,0,0,0
"M413.108T298.268",0,0,0,0,0
"M463.021T778.363",0,0,-0.30354,0,0
"M434.871T1737.903",0,0,0,0,0
"M353.052T831.694",0,0,0,0,0
"M701.85T68.208",0,0,0,0,0
"M1337.578T936.747",0,0,0,0,0
"M775.338T1039.594",0,0,0,0,0
"M612.262T1245.504",0,0,0,0,0
"M901.173T87.737",0,0,0,0,0
"M744.855T68.606",0,0,0,0,0
"M773.832T1687.362",0,0,0,0,0
"M893.177T89.251",0,0,0,0,0
"M429.074T115.482",0,0,0,0,0
"M563.801T1148.286",0,0,0,0,0
"M979.331T964.868",0,0,0,0,0
"M1337.483T909.092",0,0,0,0,0
"M957.829T69.273",0,0,0,0,0
"M475.877T67.555",0,0,0,0,0
"M655.06T89.987",0,0,0,0,0
"M299.259T1433.689",0,0,0,0,0
"M831.18T89.251",0,0,0,0,0
"M565.362T1392.429",0,0,0,0,0
"M909.235T90.379",0,0,0,0,0
"M887.815T67.938",0,0,0,0,0
"M187.905T92.369",0,0,0,0,0
"M1101.781T69.273",0,0,0,0,0
"M798.863T68.139",0,0,0,0,0
"M809.324T904.082",0,0,0,0,0
"M493.136T809.014",0,0,0,0,0
"M587.158T88.482",0,0,0,0,0
"M773.222T88.743",0,0,0,0,0
"M438.263T1164.917",0,0,0,0,0
"M693.83T66.771",0,0,0,0,0
"M313.094T115.286",0,0,0,0,0
"M345.927T91.571",0,0,0,0,0
"M354.145T1431.64",0,0,0,0,0
"M873.815T67.938",0,0,0,0,0
"M698.813T982.001",0,0,0,0,0
"M893.826T69.273",0,0,0,0,0
"M643.188T792.118",0,0,0,0,0
"M476.894T1187.093",0,0,0,0,0
"M158.977T67.376",0,0,0,0,0
"M314.875T95.548",0,0,0,0,0
"M515.105T113.414",0,0,0,0,0
"M285.909T1803.837",0,0,0,0,0
"M350.061T865.858",0,0,0,0,0
"M213.056T971.073",0,0,0,0,0
"M270.565T1223.783",0,0,0,0,0
"M653.425T324.611",0,0,0,0,0
"M929.201T835.867",0,0,0,0,0
"M424.902T66.171",0,0,0,0,0
"M241.219T1426.495",0,0,0,0,0
"M497.144T415.482",0,0,0,0,0
"M519.07T322.203",0,0,0,0,0
"M658.83T67.591",0,0,0,0,0
"M447.05T875.673",0,0,0,0,0
"M200.966T91.269",0,0,0,0,0
"M795.198T1006.041",0,0,0,0,0
"M661.089T89.636",0,0,0,0,0
"M529.08T88",0,0,0,0,0
"M721.505T1351.281",0,0,0,0,0
"M321.216T1624.59",0,0,0,0,0
"M615.195T761.983",0,0,0,0,0
"M643.188T893.85",0,0,0,0,0
"M637.331T1596.612",0,0,0,0,0
"M415.317T1116.129",0,0,0,0,0
"M808.835T67.938",0,0,0,0,0
"M982.788T67.938",0,0,0,0,0
"M293.177T1149.195",0,0,0,0,0
"M429.121T110.997",0,0,0,0,0
"M338.852T95.887",0,0,0,0,0
"M581.041T321.831",0,0,0,0,0
"M289.886T1868.955",0,0,0,0,0
"M698.074T1000.042",0,0,0,0,0
"M191.054T89.143",0,0,0,0,0
"M265.068T1582.441",0,0,0,0,0
"M936.711T836.99",0,0,0,0,0
"M543.082T89.888",0,0,0,0,0
"M1027.543T1140.732",0,0,0,0,0
"M723.751T1120.766",0,0,0,0,0
"M269.15T1584.952",0,0,0,0,0
"M427.124T881.088",0,0,0,0,0
"M246.886T1784.096",0,0,0,0,0
"M917.25T749.382",0,0,0,0,0
"M731.11T823.98",0,0,0,0,0
"M318.143T1501.634",0,0,0,0,0
"M455.062T89.235",0,0,0,0,0
"M698.583T990.447",0,0,0,0,0
"M787.799T68.637",0,0,0,0,0
"M1135.534T909.182",0,0,0,0,0
"M329.233T994.526",0,0,0,0,0
"M1614.109T935.709",0,0,0,0,0
"M345.119T282.765",0,0,0,0,0
"M467.051T320.771",0,0,0,0,0
"M505.037T89.053",0,0,0,0,0
"M745.856T67.938",0,0,0,0,0
"M527.287T1209.141",0,0,0,0,0
"M747.52T1691.175",0,0,0,0,0
"M593.306T1591.72",0,0,0,0,0
"M873.333T1008.241",0,0,0,0,0
"M290.088T106.9",0,0,0,0,0
"M655.564T926.016",0,0,0,0,0
"M800.341T69.273",0,0,0,0,0
"M293.179T1541.097",0,0,0,0,0
"M309.388T1626.976",0,0,0,0,0
"M847.154T89.251",0,0,0,0,0
"M483.274T1360.238",0,0,0,0,0
"M265.426T1576.148",0,0,0,0,0
"M591.353T1163.856",0,0,0,0,0
"M681.357T1600.324",0,0,0,0,0
"M706.816T67.734",0,0,0,0,0
"M729.216T1004.962",0,0,0,0,0
"M578.43T1675.044",0,0,0,0,0
"M698.637T990.954",0,0,0,0,0
"M721.501T1315.211",0,0,0,0,0
"M698.722T985.123",0,0,0,0,0
"M505.249T1581.431",0,0,0,0,0
"M447.095T869.265",0,0,0,0,0
"M707.828T66.684",0,0,0,0,0
"M930.812T67.938",0,0,0,0,0
"M574.01T89.959",0,0,0,0,0
"M179.056T83.962",0,0,0,0,0
"M296.96T90.488",0,0,0,0,0
"M586.047T89.636",0,0,0,0,0
"M773.866T69.273",0,0,0,0,0
"M309.44T1630.467",0,0,0,0,0
"M418.974T1483.997",0,0,0,0,0
"M372.9T1734.569",0,0,0,0,0
