{"score":{"axis":["PC1 (60%)","PC2 (6%)","PC3 (5%)"],"xyz":[[-6.0484,-8.3035,6.1187],[19.3,1.6118,24.34],[-13.832,-10.949,1.9395],[-5.3897,3.8064,13.019],[-15.009,-0.99002,2.1923],[-43.811,23.22,-5.7776],[-4.7288,-4.8324,9.4319],[-2.5422,-14.953,0.6642],[-7.9899,-8.5921,0.64036],[48.993,3.5334,-3.6691],[-36.492,18.557,-2.691],[37.486,7.4749,-10.74],[-4.5806,-2.3317,7.1132],[-24.342,-6.0487,-4.2273],[-4.982,-5.5113,4.3213],[-18.799,1.2996,-0.2228],[51.357,-4.3673,-2.4611],[-5.0959,-3.0934,2.9736],[-4.6746,-1.6846,2.6459],[-5.1497,-1.4231,3.8409],[-3.9421,-10.942,5.5203],[-2.365,0.51634,12.4],[-11.438,-7.0801,3.923],[-17.472,3.392,0.23461],[-13.52,4.8504,2.4854],[44.009,4.8991,-4.9525],[-6.9466,-4.939,0.25991],[-27.63,-0.24439,-6.7711],[-45.113,11.063,-19.02],[-31.033,-3.6838,-13.968],[-25.332,-10.999,-9.3951],[48.029,5.1092,-3.8788],[-14.022,4.8647,5.3517],[-21.053,-5.4457,-4.7721],[1.5672,-2.4607,12.22],[-31.167,12.95,2.6711],[-10.196,-4.8808,7.8076],[54.603,2.4496,-0.70577],[-18.044,-7.8544,-19.901],[51.695,2.7557,-3.8973],[46.501,4.7818,-5.8446],[49.58,3.7956,-3.0561],[45.003,6.8918,-6.14],[-25.168,31.88,12.221],[-7.6235,-13.113,2.3214],[-13.622,-5.9403,6.3828],[-10.904,-2.0587,-8.3541],[-8.4841,-10.976,-9.8176],[50.418,3.9961,-2.7756]],"name":["X16.C9.3.neg","X19.C9.2.neg","X21.C9.4.neg","X45.C9.1.neg","X13.D9.4.neg","X20.D9.1.neg","X49.D9.2.neg","X48.D9.3.neg","X26.F9.1.neg","X34.F9.2.neg","X36.F9.3.neg","X46.F9.4.neg","X14.X9.2.neg","X23.X9.1.neg","X27.X9.3.neg","X40.X9.4.neg","X53.Blank.neg","X10.QC1.neg","X24.QC.2.neg","X39.QC3.neg","X02.C12.2.neg","X18.C12.3.neg","X33.C12.4.neg","X12.D12.2.neg","X28.D12.3.neg","X44.D12.1.neg","X52.D12.4.neg","X05.F12.4.neg","X22.F12.1.neg","X38.F12.2.neg","X43.F12.3.neg","X09.X12.3.neg","X32.X12.2.neg","X41.X12.1.neg","X31.C15.3.neg","X47.C15.1.neg","X50.C15.2.neg","X04.D15.4.neg","X06.D15.2.neg","X35.D15.1.neg","X37.D15.3.neg","X17.F15.3.neg","X25.F15.1.neg","X30.F15.2.neg","X51.F15.4.neg","X08.X15.4.neg","X11.X15.3.neg","X29.X15.1.neg","X42.X15.2.neg"],"facA":["First-tp_Control","First-tp_Control","First-tp_Control","First-tp_Control","First-tp_Drought","First-tp_Drought","First-tp_Drought","First-tp_Drought","First-tp_Fusarium","First-tp_Fusarium","First-tp_Fusarium","First-tp_Fusarium","First-tp_Xanthomonas","First-tp_Xanthomonas","First-tp_Xanthomonas","First-tp_Xanthomonas","Other","Other","Other","Other","Second-tp_Control","Second-tp_Control","Second-tp_Control","Second-tp_Drought","Second-tp_Drought","Second-tp_Drought","Second-tp_Drought","Second-tp_Fusarium","Second-tp_Fusarium","Second-tp_Fusarium","Second-tp_Fusarium","Second-tp_Xanthomonas","Second-tp_Xanthomonas","Second-tp_Xanthomonas","Third-tp_Control","Third-tp_Control","Third-tp_Control","Third-tp_Drought","Third-tp_Drought","Third-tp_Drought","Third-tp_Drought","Third-tp_Fusarium","Third-tp_Fusarium","Third-tp_Fusarium","Third-tp_Fusarium","Third-tp_Xanthomonas","Third-tp_Xanthomonas","Third-tp_Xanthomonas","Third-tp_Xanthomonas"],"colors":["rgb(230,25,75)","rgb(60,180,75)","rgb(67,99,216)","rgb(66,212,244)","rgb(240,50,230)","rgb(255,225,25)","rgb(145,30,180)","rgb(245,130,49)","rgb(191,239,69)","rgb(250,190,190)","rgb(70,153,144)","rgb(230,190,255)","rgb(154,99,36)"]}}