{"score":{"axis":["Component1 (58.5%)","Component2 (5.6%)","Component3 (2.5%)"],"xyz":[[-10.425,-10.899,-2.1504],[6.437,-18.616,2.7812],[-12.879,-3.0018,-0.99949],[-10.537,-12.187,-1.8318],[-13.976,-3.3089,-2.0006],[-32.923,5.7008,-11.72],[-9.365,-10.872,-0.30029],[-6.2647,-8.3342,-1.3625],[-9.6246,-6.1514,-2.3962],[38.61,-3.7313,-8.317],[-27.023,5.6365,-7.5727],[33.015,3.8657,-10.412],[-7.8577,-8.1508,-0.93786],[-20.099,-0.25246,-2.7216],[-7.9708,-7.7229,-0.97497],[-15.827,-0.82138,-2.613],[40.289,-4.0655,-3.779],[-6.1582,-3.881,0.41624],[-5.9351,-4.1773,-0.77326],[-5.8315,-3.1202,0.98376],[-6.6604,-6.6583,2.7673],[-5.6985,-7.2607,4.3514],[-11.71,-4.4408,2.8304],[-14.584,-0.49565,-1.9671],[-11.522,-0.77595,0.41103],[36.984,1.3466,-4.3098],[-7.197,-2.949,-0.24126],[-20.508,4.317,-2.3257],[-29.913,13.859,-10.285],[-21.189,8.4207,-4.7958],[-16.635,8.3948,0.83034],[40.601,2.0732,-1.6024],[-13.296,-3.3934,2.4379],[-16.148,2.3569,0.62318],[-2.29,-6.7485,8.4511],[-23.217,4.9112,2.3312],[-8.2272,0.68114,8.2987],[45.117,0.46922,2.4072],[-5.212,19.164,0.90016],[43.748,2.4199,0.46568],[40.293,3.9891,-0.81464],[42.047,2.5334,1.3226],[40.174,6.2366,0.051918],[-15.453,10.732,7.2486],[-2.7779,7.5104,13.335],[-12.372,-1.9628,8.2351],[-2.1673,13.763,6.0773],[-1.122,11.919,6.8029],[43.282,3.6776,2.8433]],"name":["X16.C9.3.neg","X19.C9.2.neg","X21.C9.4.neg","X45.C9.1.neg","X13.D9.4.neg","X20.D9.1.neg","X49.D9.2.neg","X48.D9.3.neg","X26.F9.1.neg","X34.F9.2.neg","X36.F9.3.neg","X46.F9.4.neg","X14.X9.2.neg","X23.X9.1.neg","X27.X9.3.neg","X40.X9.4.neg","X53.Blank.neg","X10.QC1.neg","X24.QC.2.neg","X39.QC3.neg","X02.C12.2.neg","X18.C12.3.neg","X33.C12.4.neg","X12.D12.2.neg","X28.D12.3.neg","X44.D12.1.neg","X52.D12.4.neg","X05.F12.4.neg","X22.F12.1.neg","X38.F12.2.neg","X43.F12.3.neg","X09.X12.3.neg","X32.X12.2.neg","X41.X12.1.neg","X31.C15.3.neg","X47.C15.1.neg","X50.C15.2.neg","X04.D15.4.neg","X06.D15.2.neg","X35.D15.1.neg","X37.D15.3.neg","X17.F15.3.neg","X25.F15.1.neg","X30.F15.2.neg","X51.F15.4.neg","X08.X15.4.neg","X11.X15.3.neg","X29.X15.1.neg","X42.X15.2.neg"],"facA":["First-tp_Control","First-tp_Control","First-tp_Control","First-tp_Control","First-tp_Drought","First-tp_Drought","First-tp_Drought","First-tp_Drought","First-tp_Fusarium","First-tp_Fusarium","First-tp_Fusarium","First-tp_Fusarium","First-tp_Xanthomonas","First-tp_Xanthomonas","First-tp_Xanthomonas","First-tp_Xanthomonas","Other","Other","Other","Other","Second-tp_Control","Second-tp_Control","Second-tp_Control","Second-tp_Drought","Second-tp_Drought","Second-tp_Drought","Second-tp_Drought","Second-tp_Fusarium","Second-tp_Fusarium","Second-tp_Fusarium","Second-tp_Fusarium","Second-tp_Xanthomonas","Second-tp_Xanthomonas","Second-tp_Xanthomonas","Third-tp_Control","Third-tp_Control","Third-tp_Control","Third-tp_Drought","Third-tp_Drought","Third-tp_Drought","Third-tp_Drought","Third-tp_Fusarium","Third-tp_Fusarium","Third-tp_Fusarium","Third-tp_Fusarium","Third-tp_Xanthomonas","Third-tp_Xanthomonas","Third-tp_Xanthomonas","Third-tp_Xanthomonas"],"colors":["rgb(230,25,75)","rgb(60,180,75)","rgb(67,99,216)","rgb(66,212,244)","rgb(240,50,230)","rgb(255,225,25)","rgb(145,30,180)","rgb(245,130,49)","rgb(191,239,69)","rgb(250,190,190)","rgb(70,153,144)","rgb(230,190,255)","rgb(154,99,36)"]}}