{
 "omicstype": "",
"nodes": [
 {
 "id": "C12.1",
"label": "C12.1",
"size":       18,
"meta": "con_12",
"fx": -653.2667,
"fy":   829.25,
"fz": -373.705,
"origX": -0.68794,
"origY":  0.16585,
"origZ": -0.074741,
"colorb": "#E6194B" 
},
{
 "id": "C12.3",
"label": "C12.3",
"size":       18,
"meta": "con_12",
"fx": -336.5778,
"fy":  -85.645,
"fz":  160.865,
"origX": -0.40292,
"origY": -0.017129,
"origZ": 0.032173,
"colorb": "#E6194B" 
},
{
 "id": "C12.4",
"label": "C12.4",
"size":       18,
"meta": "con_12",
"fx": -468.8889,
"fy":  -303.82,
"fz":    729.9,
"origX":   -0.522,
"origY": -0.060764,
"origZ":  0.14598,
"colorb": "#E6194B" 
},
{
 "id": "D12.1",
"label": "D12.1",
"size":       18,
"meta": "dro_12",
"fx": 661.7889,
"fy":   -552.2,
"fz":   -51.31,
"origX":  0.49561,
"origY": -0.11044,
"origZ": -0.010262,
"colorb": "#3CB44B" 
},
{
 "id": "D12.2",
"label": "D12.2",
"size":       18,
"meta": "dro_12",
"fx":    806.7,
"fy":   368.02,
"fz":    714.1,
"origX":  0.62603,
"origY": 0.073604,
"origZ":  0.14282,
"colorb": "#3CB44B" 
},
{
 "id": "D12.3",
"label": "D12.3",
"size":       18,
"meta": "dro_12",
"fx": -21.01111,
"fy":  -790.95,
"fz":     -668,
"origX": -0.11891,
"origY": -0.15819,
"origZ":  -0.1336,
"colorb": "#3CB44B" 
},
{
 "id": "D12.4",
"label": "D12.4",
"size":       18,
"meta": "dro_12",
"fx": 789.0333,
"fy":   535.35,
"fz":   -511.9,
"origX":  0.61013,
"origY":  0.10707,
"origZ": -0.10238,
"colorb": "#3CB44B" 
} 
],
"meta": [ "con_12", "con_12", "con_12", "dro_12", "dro_12", "dro_12", "dro_12" ],
"loading": [
 {
 "id": "M367.151T397.982",
"label": "M367.151T397.982",
"size":       24,
"opacity":      0.8,
"fx": 874.0923,
"fy": 312.9756,
"fz": 583.8175,
"origX":  0.91816,
"origY": 0.090839,
"origZ": 0.033527,
"seedArr": "notSeed",
"colorb": "#F03B20",
"colorw": "#F03B20" 
},
{
 "id": "M536.899T13.11",
"label": "M536.899T13.11",
"size":       24,
"opacity":     0.59,
"fx": -559.7662,
"fy": -371.7111,
"fz":   552.72,
"origX": -0.013848,
"origY": -0.21727,
"origZ": 0.021088,
"seedArr": "notSeed",
"colorb": "#FCD08B",
"colorw": "#FCD08B" 
},
{
 "id": "M664.853T17.893",
"label": "M664.853T17.893",
"size":       24,
"opacity":     0.53,
"fx": -562.6662,
"fy": 360.1111,
"fz":   145.45,
"origX": -0.015733,
"origY":  0.11205,
"origZ": -0.14182,
"seedArr": "notSeed",
"colorb": "#FEEDA6",
"colorw": "#FEEDA6" 
},
{
 "id": "M768.855T17.124",
"label": "M768.855T17.124",
"size":       24,
"opacity":     0.57,
"fx": -464.1523,
"fy": 449.8667,
"fz":  790.175,
"origX": 0.048301,
"origY":  0.15244,
"origZ":  0.11607,
"seedArr": "notSeed",
"colorb": "#FDDB93",
"colorw": "#FDDB93" 
},
{
 "id": "M774.824T18.125",
"label": "M774.824T18.125",
"size":       24,
"opacity":     0.64,
"fx": -630.6985,
"fy": 598.8667,
"fz":   201.15,
"origX": -0.059954,
"origY":  0.21949,
"origZ": -0.11954,
"seedArr": "notSeed",
"colorb": "#F9AD72",
"colorw": "#F9AD72" 
},
{
 "id": "M830.837T11.111",
"label": "M830.837T11.111",
"size":       24,
"opacity":     0.69,
"fx": -352.3692,
"fy": -315.2667,
"fz":   -140.3,
"origX":  0.12096,
"origY": -0.19187,
"origZ": -0.25612,
"seedArr": "notSeed",
"colorb": "#F68B59",
"colorw": "#F68B59" 
},
{
 "id": "M831.338T16.12",
"label": "M831.338T16.12",
"size":       24,
"opacity":     0.51,
"fx": -510.2569,
"fy": -224.2889,
"fz":   646.81,
"origX": 0.018333,
"origY": -0.15093,
"origZ": 0.058724,
"seedArr": "notSeed",
"colorb": "#FEEEAA",
"colorw": "#FEEEAA" 
},
{
 "id": "M848.827T17.121",
"label": "M848.827T17.121",
"size":       24,
"opacity":     0.41,
"fx": -518.5831,
"fy": -136.1556,
"fz": 368.1375,
"origX": 0.012921,
"origY": -0.11127,
"origZ": -0.052745,
"seedArr": "notSeed",
"colorb": "#FDF1C2",
"colorw": "#FDF1C2" 
},
{
 "id": "M882.812T18.125",
"label": "M882.812T18.125",
"size":       24,
"opacity":     0.65,
"fx": -643.1215,
"fy": 436.2889,
"fz":  -132.05,
"origX": -0.068029,
"origY":  0.14633,
"origZ": -0.25282,
"seedArr": "notSeed",
"colorb": "#F8A26A",
"colorw": "#F8A26A" 
},
{
 "id": "M883.492T15.092",
"label": "M883.492T15.092",
"size":       24,
"opacity":     0.56,
"fx": -478.8708,
"fy": -169.2889,
"fz":  163.775,
"origX": 0.038734,
"origY": -0.12618,
"origZ": -0.13449,
"seedArr": "notSeed",
"colorb": "#FEE79B",
"colorw": "#FEE79B" 
},
{
 "id": "M908.151T15.062",
"label": "M908.151T15.062",
"size":       24,
"opacity":     0.45,
"fx": -539.4509,
"fy": -183.7111,
"fz": 420.4075,
"origX": -0.00064307,
"origY": -0.13267,
"origZ": -0.031837,
"seedArr": "notSeed",
"colorb": "#FDF0BA",
"colorw": "#FDF0BA" 
},
{
 "id": "M970.794T18.128",
"label": "M970.794T18.128",
"size":       24,
"opacity":     0.32,
"fx": -523.7518,
"fy": 77.16222,
"fz":   392.39,
"origX": 0.0095613,
"origY": -0.015277,
"origZ": -0.043044,
"seedArr": "notSeed",
"colorb": "#FCF4DA",
"colorw": "#FCF4DA" 
},
{
 "id": "M970.807T12.104",
"label": "M970.807T12.104",
"size":       24,
"opacity":     0.75,
"fx": -499.0569,
"fy": -914.2222,
"fz": 480.5163,
"origX": 0.025613,
"origY":  -0.4614,
"origZ": -0.0077935,
"seedArr": "notSeed",
"colorb": "#F25D38",
"colorw": "#F25D38" 
},
{
 "id": "M991.807T13.109",
"label": "M991.807T13.109",
"size":       24,
"opacity":     0.61,
"fx": -539.4445,
"fy": -359.1778,
"fz": 294.4125,
"origX": -0.00063891,
"origY": -0.21163,
"origZ": -0.082235,
"seedArr": "notSeed",
"colorb": "#FBC483",
"colorw": "#FBC483" 
},
{
 "id": "M996.798T17.124",
"label": "M996.798T17.124",
"size":       24,
"opacity":     0.43,
"fx":  -490.88,
"fy": -75.15556,
"fz":  256.495,
"origX": 0.030928,
"origY": -0.08382,
"origZ": -0.097402,
"seedArr": "notSeed",
"colorb": "#FDF0BE",
"colorw": "#FDF0BE" 
},
{
 "id": "M1030.792T17.119",
"label": "M1030.792T17.119",
"size":       24,
"opacity":     0.36,
"fx": -557.2246,
"fy": -60.07778,
"fz":   453.34,
"origX": -0.012196,
"origY": -0.077035,
"origZ": -0.018664,
"seedArr": "notSeed",
"colorb": "#FCF2CE",
"colorw": "#FCF2CE" 
},
{
 "id": "M1053.787T16.896",
"label": "M1053.787T16.896",
"size":       24,
"opacity":     0.62,
"fx": -534.3438,
"fy":   -380.4,
"fz":  254.085,
"origX": 0.0026765,
"origY": -0.22118,
"origZ": -0.098366,
"seedArr": "notSeed",
"colorb": "#FAB97A",
"colorw": "#FAB97A" 
},
{
 "id": "M1058.286T17.121",
"label": "M1058.286T17.121",
"size":       24,
"opacity":     0.67,
"fx": -461.1769,
"fy": -312.0222,
"fz":     -121,
"origX": 0.050235,
"origY": -0.19041,
"origZ":  -0.2484,
"seedArr": "notSeed",
"colorb": "#F79662",
"colorw": "#F79662" 
},
{
 "id": "M1094.782T12.105",
"label": "M1094.782T12.105",
"size":       24,
"opacity":     0.78,
"fx": -450.2123,
"fy": -308.6667,
"fz":  -788.05,
"origX": 0.057362,
"origY":  -0.1889,
"origZ": -0.51522,
"seedArr": "notSeed",
"colorb": "#F04628",
"colorw": "#F04628" 
},
{
 "id": "M1107.445T13.643",
"label": "M1107.445T13.643",
"size":       24,
"opacity":     0.72,
"fx": -883.9846,
"fy": -539.9556,
"fz":  929.675,
"origX": -0.22459,
"origY": -0.29298,
"origZ":  0.17187,
"seedArr": "notSeed",
"colorb": "#F47449",
"colorw": "#F47449" 
},
{
 "id": "M1116.775T17.12",
"label": "M1116.775T17.12",
"size":       24,
"opacity":     0.77,
"fx": -891.7385,
"fy":    769.6,
"fz":     -479,
"origX": -0.22963,
"origY":  0.29632,
"origZ":  -0.3916,
"seedArr": "notSeed",
"colorb": "#F15130",
"colorw": "#F15130" 
},
{
 "id": "M1189.43T15.136",
"label": "M1189.43T15.136",
"size":       24,
"opacity":     0.74,
"fx": -452.7923,
"fy": 419.9111,
"fz": -496.025,
"origX": 0.055685,
"origY":  0.13896,
"origZ": -0.39841,
"seedArr": "notSeed",
"colorb": "#F36841",
"colorw": "#F36841" 
},
{
 "id": "M1220.262T13.111",
"label": "M1220.262T13.111",
"size":       24,
"opacity":     0.48,
"fx": -631.2154,
"fy": 301.7489,
"fz":  225.725,
"origX": -0.06029,
"origY": 0.085787,
"origZ": -0.10971,
"seedArr": "notSeed",
"colorb": "#FEEFB2",
"colorw": "#FEEFB2" 
},
{
 "id": "M1236.757T13.113",
"label": "M1236.757T13.113",
"size":       24,
"opacity":     0.38,
"fx": -521.5769,
"fy": 222.6311,
"fz":  306.615,
"origX": 0.010975,
"origY": 0.050184,
"origZ": -0.077354,
"seedArr": "notSeed",
"colorb": "#FCF2CA",
"colorw": "#FCF2CA" 
},
{
 "id": "M1239.758T16.118",
"label": "M1239.758T16.118",
"size":       24,
"opacity":     0.49,
"fx": -515.7554,
"fy": -237.6667,
"fz": 543.0675,
"origX": 0.014759,
"origY": -0.15695,
"origZ": 0.017227,
"seedArr": "notSeed",
"colorb": "#FEEEAE",
"colorw": "#FEEEAE" 
},
{
 "id": "M1244.755T16.127",
"label": "M1244.755T16.127",
"size":       24,
"opacity":      0.7,
"fx": -564.7631,
"fy":      818,
"fz":   940.55,
"origX": -0.017096,
"origY":   0.3181,
"origZ":  0.17622,
"seedArr": "notSeed",
"colorb": "#F57F51",
"colorw": "#F57F51" 
},
{
 "id": "M1279.087T13.111",
"label": "M1279.087T13.111",
"size":       24,
"opacity":     0.35,
"fx": -566.4508,
"fy": -36.13778,
"fz":   558.63,
"origX": -0.018193,
"origY": -0.066262,
"origZ": 0.023452,
"seedArr": "notSeed",
"colorb": "#FCF3D2",
"colorw": "#FCF3D2" 
},
{
 "id": "M1334.742T13.111",
"label": "M1334.742T13.111",
"size":       24,
"opacity":     0.33,
"fx": -588.4508,
"fy":   139.36,
"fz": 587.5975,
"origX": -0.032493,
"origY": 0.012712,
"origZ": 0.035039,
"seedArr": "notSeed",
"colorb": "#FCF3D6",
"colorw": "#FCF3D6" 
},
{
 "id": "M1472.714T13.108",
"label": "M1472.714T13.108",
"size":       24,
"opacity":     0.54,
"fx": -679.7015,
"fy": -0.09555556,
"fz":   878.05,
"origX": -0.091806,
"origY": -0.050043,
"origZ":  0.15122,
"seedArr": "notSeed",
"colorb": "#FEEDA2",
"colorw": "#FEEDA2" 
},
{
 "id": "M1610.426T13.113",
"label": "M1610.426T13.113",
"size":       24,
"opacity":      0.4,
"fx": -592.2369,
"fy":   191.44,
"fz": 266.7625,
"origX": -0.034954,
"origY": 0.036148,
"origZ": -0.093295,
"seedArr": "notSeed",
"colorb": "#FDF1C6",
"colorw": "#FDF1C6" 
},
{
 "id": "M1671.991T13.111",
"label": "M1671.991T13.111",
"size":       24,
"opacity":      0.3,
"fx": -544.0715,
"fy": 166.0467,
"fz": 503.8675,
"origX": -0.0036465,
"origY": 0.024721,
"origZ": 0.001547,
"seedArr": "notSeed",
"colorb": "#FCF5DF",
"colorw": "#FCF5DF" 
},
{
 "id": "M1786.658T13.109",
"label": "M1786.658T13.109",
"size":       24,
"opacity":     0.46,
"fx": -523.498,
"fy": 256.8978,
"fz":  183.675,
"origX": 0.0097263,
"origY": 0.065604,
"origZ": -0.12653,
"seedArr": "notSeed",
"colorb": "#FDEFB6",
"colorw": "#FDEFB6" 
} 
],
"misc": "",
"ticks": {
 "x": [       -1,     -0.8,     -0.6,     -0.4,     -0.2,        0,      0.2,      0.4,      0.6,      0.8 ],
"y": [     -0.2,    -0.15,     -0.1,    -0.05,        0,     0.05,      0.1,     0.15,      0.2 ],
"z": [     -0.2,    -0.15,     -0.1,    -0.05,        0,     0.05,      0.1,     0.15,      0.2 ] 
},
"ticksLoading": {
 "x": [     -0.3,     -0.2,     -0.1,        0,      0.1,      0.2,      0.3,      0.4,      0.5,      0.6,      0.7,      0.8,      0.9,        1 ],
"y": [     -0.5,     -0.4,     -0.3,     -0.2,     -0.1,        0,      0.1,      0.2,      0.3,      0.4 ],
"z": [    -0.55,     -0.5,    -0.45,     -0.4,    -0.35,     -0.3,    -0.25,     -0.2,    -0.15,     -0.1,    -0.05,        0,     0.05,      0.1,     0.15,      0.2 ] 
},
"axis": [ "PC1 (86%)", "PC2 (3.8%)", "PC3 (3.4%)" ],
"axisLoading": [ "Loading 1", "Loading 2", "Loading 3" ],
"metaCol": {
 "label": [ "con_12", "dro_12" ],
"color": [ "#E6194B", "#3CB44B" ] 
} 
}