"",f.value,p.value,-log10(p),FDR,Fisher's LSD (top 1000)
M996.14T12.55,12.175,5.1048e-06,5.292,0.0050954,Other - First; Other - Second; Other - Third
M854.18T12.55,11.498,8.9629e-06,5.0476,0.0050954,Other - First; Other - Second; Other - Third
M922.81T11.54,7.894,0.00022885,3.6404,0.086735,Other - First; Other - Second; Other - Third
M1125.78T12.55,6.6379,0.00078691,3.1041,0.15096,Other - First; Other - Second; Other - Third
M1687.68T13.55,6.629,0.00079403,3.1002,0.15096,First - Other; Second - Other; Third - Other
M936.81T11.55,6.6258,0.00079663,3.0987,0.15096,Other - First; Other - Second; Other - Third
M1004.8T12.55,6.4252,0.00097576,3.0107,0.15849,Other - First; Other - Second; Other - Third
M1334.74T12.55,6.0662,0.0014085,2.8512,0.18833,Other - First; Other - Second; Other - Third
M953.15T13.55,6.0112,0.0014907,2.8266,0.18833,First - Other; Second - Other; Third - Other
M534.88T17.56,5.4672,0.0026284,2.5803,0.25034,Second - First; Third - First; Second - Other; Third - Other
M1498.21T13.55,5.4401,0.0027045,2.5679,0.25034,First - Other; Second - Other; Third - Other
M1510.46T13.05,5.4187,0.0027663,2.5581,0.25034,Other - First; Other - Second; Other - Third
M1361.41T13.55,5.3417,0.0030006,2.5228,0.25034,First - Other; Second - Other; Third - Other
M1600.69T13.55,5.2719,0.0032309,2.4907,0.25034,Second - First; Third - First; Second - Other; Third - Other
M1199.76T12.55,5.0685,0.0040128,2.3966,0.25034,Other - First; Other - Second; Other - Third
M816.51T13.55,5.066,0.0040237,2.3954,0.25034,First - Other; Second - Other; Third - Other
M800.83T18.56,5.0526,0.0040815,2.3892,0.25034,First - Other; Second - Other; Third - Other
M1889.14T13.55,5.0364,0.0041533,2.3816,0.25034,First - Other; Second - Other; Third - Other
M1785.65T13.55,5.0296,0.0041834,2.3785,0.25034,First - Other; Second - Other; Third - Other
M1504.04T13.55,4.8285,0.0051932,2.2846,0.25682,Other - First; Second - First; Third - First
M633.88T17.56,4.7988,0.005362,2.2707,0.25682,Third - First; Third - Other; Third - Second
M1318.42T17.06,4.79,0.0054137,2.2665,0.25682,Third - First; Third - Other; Third - Second
M1023.79T17.56,4.7662,0.0055543,2.2554,0.25682,Third - First; Second - Other; Third - Other
M977.3T17.56,4.7394,0.0057182,2.2427,0.25682,Third - First; Second - Other; Third - Other
M1092.78T17.56,4.716,0.0058646,2.2318,0.25682,First - Other; Third - First; Second - Other; Third - Other
M222.96T20.57,4.64,0.0063691,2.1959,0.25682,First - Other; Second - Other; Third - Other
M1312.74T17.56,4.623,0.0064879,2.1879,0.25682,First - Other; Second - Other; Third - Other
M989.8T17.56,4.6144,0.0065489,2.1838,0.25682,First - Other; Second - Other; Third - Other
M938.31T16.56,4.5818,0.0067854,2.1684,0.25682,Other - First; Second - First; Third - First
M927.48T16.56,4.5546,0.0069891,2.1556,0.25682,First - Third; Other - Third; Second - Third
M309.13T18.56,4.5529,0.0070022,2.1548,0.25682,Other - First; Second - First; Third - First
M1034.8T12.55,4.4675,0.0076868,2.1143,0.27256,Other - First; Other - Second; Other - Third
M906.16T14.49,4.4412,0.0079108,2.1018,0.27256,Other - First; Second - First; Third - First
M680.86T11.54,4.3531,0.0087132,2.0598,0.29112,Other - First; Other - Second; Other - Third
M1207.09T13.54,4.3275,0.0089614,2.0476,0.29112,Other - First; Other - Second; Other - Third
M380.92T18.56,4.2667,0.0095815,2.0186,0.29867,First - Other; Second - Other; Third - Other
M1083.29T13.55,4.2537,0.0097194,2.0124,0.29867,First - Other; Second - Other; Third - Other
M1028.47T13.54,4.1956,0.010363,1.9845,0.31007,Other - First; Other - Second; Other - Third
M663.46T1386.95,4.1631,0.010742,1.9689,0.31317,Second - First; Third - First
M868.82T11.54,4.1196,0.011271,1.948,0.31854,Other - First; Other - Second; Other - Third
M1345.24T13.55,4.1025,0.011487,1.9398,0.31854,First - Other; Second - Other; Third - Other
M1077.44T17.56,4.0765,0.011823,1.9273,0.32007,First - Other; Second - Other; Third - Other
M807.83T12.55,4.0023,0.012837,1.8915,0.32849,First - Third; Second - Third
M1169.5T13.55,4.0013,0.012852,1.891,0.32849,First - Third; Other - Third; Second - Third
M902.16T16.56,3.9909,0.013001,1.886,0.32849,First - Other; Second - Other; Second - Third
M392.9T19.57,3.9653,0.013377,1.8736,0.33064,First - Other; Second - Other; Third - Other
M759.85T17.56,3.9078,0.014263,1.8458,0.33681,Third - First; Third - Second
M937.81T12.55,3.9048,0.014309,1.8444,0.33681,Other - First; Other - Second; Other - Third
M1034.8T17.55,3.8796,0.014717,1.8322,0.33681,First - Other; Second - Other; Third - Other
M733.85T17.56,3.8572,0.015091,1.8213,0.33681,Other - First; Other - Second; Other - Third
M694.85T18.56,3.8562,0.015108,1.8208,0.33681,First - Other; Second - Other; Third - Other
M865.33T17.56,3.8061,0.015979,1.7965,0.33708,Third - First; Third - Other
M536.9T12.55,3.7998,0.016091,1.7934,0.33708,Other - First; Other - Second; Other - Third
M1048.79T12.55,3.7714,0.016611,1.7796,0.33708,Other - First; Other - Second; Other - Third
M1611.18T13.55,3.7697,0.016643,1.7788,0.33708,First - Other; Second - Other; Third - Other
M711.85T17.56,3.7562,0.016896,1.7722,0.33708,Third - First; Second - Other; Third - Other
M1363.73T17.55,3.742,0.017169,1.7653,0.33708,First - Other; Second - Other; Third - Other
M834.82T18.56,3.6575,0.018877,1.7241,0.33708,First - Other; Second - Other; Third - Other
M802.84T12.55,3.6293,0.019485,1.7103,0.33708,Other - First; Other - Second; Other - Third
M1375.73T12.54,3.6272,0.019532,1.7093,0.33708,First - Second; Other - Second; Other - Third
M1487.43T13.54,3.6255,0.019569,1.7084,0.33708,Third - First; Second - Other; Third - Other
M943.31T17.56,3.6252,0.019576,1.7083,0.33708,First - Other; Second - Other; Third - Other
M1307.75T12.55,3.6228,0.019629,1.7071,0.33708,Other - Second; Third - Second
M1069.79T17.56,3.6147,0.019809,1.7031,0.33708,Third - First; Third - Other
M468.91T17.56,3.5707,0.020815,1.6816,0.33708,Third - Other
M1343.06T12.55,3.5483,0.021348,1.6706,0.33708,Other - First; Other - Second; Other - Third
M1098.78T12.55,3.5336,0.021705,1.6634,0.33708,Other - First; Other - Second; Other - Third
M888.32T17.56,3.5321,0.021741,1.6627,0.33708,Second - Other; Third - Other
M1137.11T17.55,3.5184,0.022082,1.656,0.33708,First - Other; Second - Other; Third - Other
M1316.25T13.55,3.5178,0.022096,1.6557,0.33708,Second - First; Second - Third
M1797.41T13.55,3.5097,0.022299,1.6517,0.33708,Second - Other; Second - Third
M1183.77T11.73,3.508,0.022342,1.6509,0.33708,Other - First; Other - Second; Other - Third
M945.81T17.56,3.5007,0.022527,1.6473,0.33708,Second - First; Third - First; Third - Other
M177.03T19.56,3.4948,0.022678,1.6444,0.33708,First - Other; Second - Other; Third - Other
M1267.74T17.48,3.4918,0.022754,1.6429,0.33708,Third - First; Third - Second
M1034.29T16.62,3.4823,0.023,1.6383,0.33708,Second - First; Second - Other; Third - Other
M1206.09T17.56,3.4768,0.023143,1.6356,0.33708,First - Other; Second - Other; Third - Other
M1627.95T13.58,3.4702,0.023316,1.6323,0.33708,First - Other; Second - Other
M1121.45T12.55,3.4663,0.023421,1.6304,0.33708,Other - First; Other - Second; Third - Second
M1135.44T17.55,3.4365,0.024224,1.6158,0.34356,Second - First; Third - First; Second - Other; Third - Other
M1033.8T17.55,3.3867,0.02563,1.5913,0.34356,First - Other; Second - Other; Third - Other
M1141.78T12.55,3.3749,0.025974,1.5855,0.34356,Other - First; Other - Second; Other - Third
M1394.72T17.56,3.3625,0.026345,1.5793,0.34356,Second - Other; Third - Other
M903.48T13.45,3.3557,0.026548,1.576,0.34356,Other - First; Other - Third
M882.81T18.56,3.3542,0.026594,1.5752,0.34356,First - Other; Second - Other; Third - Other
M826.83T18.56,3.3486,0.026762,1.5725,0.34356,First - Other; Second - Other; Third - Other
M1138.1T17.55,3.3388,0.027061,1.5676,0.34356,Third - Other; Third - Second
M1117.28T13.55,3.3324,0.027259,1.5645,0.34356,Second - First; Second - Other
M1505.38T13.55,3.3314,0.027292,1.564,0.34356,First - Other; Second - Other
M1036.13T12.55,3.3204,0.027633,1.5586,0.34356,Other - First
M360.93T17.56,3.3186,0.02769,1.5577,0.34356,Second - Other; Third - Other
M818.27T830.41,3.3116,0.027911,1.5542,0.34356,First - Third; Second - Third
M1170.09T14.07,3.3056,0.028101,1.5513,0.34356,Other - First; Other - Second; Third - Second
M1146.77T17.56,3.2688,0.029306,1.533,0.35448,First - Other; Third - Other
M1159.77T17.56,3.2214,0.030929,1.5096,0.36872,First - Other; Second - Other; Third - Other
M1215.76T17.4,3.211,0.031299,1.5045,0.36872,Third - Other; Third - Second
M772.84T17.56,3.2066,0.031456,1.5023,0.36872,First - Other
M1031.8T12.47,3.189,0.032093,1.4936,0.37234,Other - First; Other - Second; Other - Third
M1507.7T16.55,3.1602,0.033166,1.4793,0.38091,Other - First; Other - Second; Other - Third
M926.49T14.05,3.1381,0.034013,1.4684,0.3834,Other - First; Other - Second
M1610.94T13.55,3.1301,0.034327,1.4644,0.3834,Third - First; Third - Other
M1024.13T17.48,3.1284,0.034395,1.4635,0.3834,First - Other; Second - Other; Third - Other
M1463.45T13.55,3.0933,0.0358,1.4461,0.39519,First - Other; Second - Other; Third - Other
M1086.11T17.56,3.06,0.037192,1.4296,0.40532,Second - First; Third - First
M1031.79T17.56,3.0419,0.037969,1.4206,0.40532,First - Other; Second - Other; Third - Other
M962.48T16.56,3.039,0.038098,1.4191,0.40532,First - Other; Third - Other
M1185.52T13.55,3.0359,0.038232,1.4176,0.40532,First - Other; First - Second; First - Third
M875.32T17.56,3.0298,0.0385,1.4145,0.40532,Second - First; Second - Other
M1169.27T13.55,3.0214,0.038872,1.4104,0.40549,Second - Other; Third - Other
M1177.1T13.54,3.0118,0.039301,1.4056,0.40623,Other - First; Other - Second; Other - Third
M603.37T16.56,3.003,0.039702,1.4012,0.40668,Third - Other
M925.81T17.56,2.985,0.04053,1.3922,0.41064,Third - Other; Third - Second
M1025.8T13.55,2.9575,0.041828,1.3785,0.41064,Other - First; Other - Second
M1307.74T17.55,2.9532,0.042035,1.3764,0.41064,First - Other; First - Third
M979.8T18.56,2.9502,0.042182,1.3749,0.41064,Third - Second
M1813.65T13.55,2.9495,0.042213,1.3746,0.41064,Other - First; Third - First
M1058.13T12.55,2.9487,0.042255,1.3741,0.41064,Other - First; Other - Second; Other - Third
M1045.29T17.55,2.9178,0.043779,1.3587,0.42184,First - Other; Second - Other; Third - Other
M1662.18T13.6,2.9031,0.044528,1.3514,0.42545,Second - Third
M1220.5T13.6,2.8939,0.045002,1.3468,0.42639,First - Other; Second - Other; Third - Other
M1092.79T12.55,2.8827,0.045581,1.3412,0.42786,Other - Third
M205.07T813.54,2.8661,0.046461,1.3329,0.42786,First - Third
M1706.67T13.55,2.8651,0.046513,1.3324,0.42786,First - Third; Second - Third
M337.06T22.56,2.8624,0.046662,1.331,0.42786,First - Other; Third - Other
M1199.44T12.55,2.85,0.04733,1.3249,0.43052,First - Third; Other - Third
M1594.19T13.55,2.8333,0.048251,1.3165,0.43232,First - Other; Second - Other; Third - Other
M1345.41T12.6,2.8317,0.048339,1.3157,0.43232,Third - First; Third - Other
M341.27T1369.82,2.8123,0.049428,1.306,0.43232,First - Other; Third - Other
M1167.77T12.54,2.8103,0.049542,1.305,0.43232,Other - First; Other - Second; Other - Third
M1021.33T830.41,2.8072,0.049721,1.3035,0.43232,First - Third
M780.84T11.73,2.8057,0.04981,1.3027,0.43232,First - Other; Second - Other
M979.31T813.63,2.7927,0.050557,1.2962,0.43376,First - Third
M1074.28T13.55,2.7758,0.051556,1.2877,0.43376,Other - First; Third - First
M766.84T11.54,2.7692,0.051948,1.2844,0.43376,Other - Third
M1227.42T17.55,2.764,0.052261,1.2818,0.43376,Second - Other; Third - Other
M963.81T12.29,2.7575,0.052653,1.2786,0.43376,Other - First; Other - Second; Other - Third
M1282.25T13.55,2.7569,0.052692,1.2783,0.43376,First - Other; Second - Other
M496.91T17.56,2.7519,0.052996,1.2758,0.43376,Third - First; Third - Other
M1468.4T13.55,2.7514,0.053028,1.2755,0.43376,First - Other; Second - Other
M828.83T12.29,2.7279,0.054485,1.2637,0.43841,Other - First; Other - Third
M1158.1T13.08,2.7229,0.054799,1.2612,0.43841,Third - Second
M1075.45T16.55,2.7191,0.055036,1.2593,0.43841,First - Other; Second - Other; Third - Other
M1250.76T12.55,2.7175,0.055139,1.2585,0.43841,Other - Second; Other - Third
M673.87T17.56,2.7041,0.056003,1.2518,0.44178,Third - Other
M741.85T17.56,2.6903,0.0569,1.2449,0.44178,Third - First; Third - Other
M949.48T13.55,2.6856,0.057209,1.2425,0.44178,Other - First; Other - Second; Other - Third
M565.89T17.56,2.6837,0.057336,1.2416,0.44178,Third - First; Third - Other
M1194.27T17.56,2.6729,0.058057,1.2361,0.44178,Third - First; Third - Other
M1113.28T17.56,2.6622,0.058777,1.2308,0.44178,Third - Other
M902.82T11.55,2.6617,0.058815,1.2305,0.44178,Other - Third
M854.82T11.54,2.6567,0.059155,1.228,0.44178,Other - First; Other - Second; Other - Third
M1024.79T17.56,2.6564,0.059171,1.2279,0.44178,First - Other; Third - Other
M1036.3T17.55,2.6524,0.059448,1.2259,0.44178,Other - First; Other - Second; Other - Third
M1427.4T13.43,2.6277,0.061167,1.2135,0.4516,Other - First; Other - Second; Other - Third
M1171.77T12.55,2.6168,0.061947,1.208,0.45441,Other - Second; Other - Third
M1905.88T13.55,2.6063,0.062699,1.2027,0.45698,Other - First
M1429.22T13.55,2.597,0.063378,1.1981,0.45899,Other - First; Other - Second
M755.85T17.56,2.5827,0.064438,1.1909,0.45949,Second - First; Second - Other
M828.34T17.56,2.58,0.064637,1.1895,0.45949,Third - Other
M1068.79T17.55,2.5797,0.064661,1.1894,0.45949,Second - Other; Third - Other
M1422.39T13.55,2.5735,0.065131,1.1862,0.45996,First - Second
M853.82T17.56,2.5503,0.066902,1.1746,0.46707,Third - Other
M896.82T11.73,2.5477,0.067101,1.1733,0.46707,Other - First; Other - Second; Other - Third
M752.84T18.57,2.5443,0.06737,1.1715,0.46707,First - Other; Third - Other
M1076.12T16.56,2.5371,0.06793,1.1679,0.4681,Second - Other; Third - Other
M1250.08T17.56,2.5167,0.069558,1.1577,0.46973,Second - First
M1406.22T13.55,2.5064,0.070396,1.1525,0.46973,First - Other; Second - Other; Third - Other
M1148.78T12.54,2.5005,0.070879,1.1495,0.46973,Other - First; Other - Second; Other - Third
M1311.44T14.55,2.4968,0.071178,1.1477,0.46973,Other - First; Other - Second
M428.92T17.56,2.4968,0.071183,1.1476,0.46973,Second - Other; Third - Other
M858.82T17.95,2.4888,0.071842,1.1436,0.46973,Third - First
M1067.45T16.98,2.4885,0.071869,1.1435,0.46973,Third - First
M896.32T17.56,2.4877,0.071934,1.1431,0.46973,Third - Other
M247.08T831.65,2.4747,0.073025,1.1365,0.46973,First - Third
M1363.4T16.56,2.4691,0.073508,1.1337,0.46973,Second - Other
M926.81T18.56,2.4666,0.07372,1.1324,0.46973,Second - Other; Third - Other
M1068.29T16.56,2.4557,0.074654,1.1269,0.46973,Second - Other; Third - Other
M985.47T17.56,2.4495,0.075192,1.1238,0.46973,Third - Second
M1103.29T17.47,2.4486,0.075272,1.1234,0.46973,Third - First; Third - Other
M839.34T897.39,2.4468,0.075428,1.1225,0.46973,First - Third; Second - Third
M1182.27T12.55,2.4457,0.075523,1.1219,0.46973,Second - First; Third - First
M1125.77T17.56,2.4398,0.076046,1.1189,0.46973,Third - Other
M817.26T830.86,2.4394,0.076077,1.1187,0.46973,First - Third
M1193.76T17.56,2.4354,0.076431,1.1167,0.46973,Third - Other
M1465.21T13.54,2.434,0.076558,1.116,0.46973,Third - First
M1007.47T16.56,2.4257,0.077302,1.1118,0.46973,First - Other; Second - Other; Third - Other
M900.82T12.55,2.4215,0.077679,1.1097,0.46973,Other - Third
M1064.79T12.55,2.421,0.077719,1.1095,0.46973,Other - First; Other - Second
M1837.64T13.55,2.4143,0.078326,1.1061,0.46973,First - Other; Second - Other; Third - Other
M420.91T18.56,2.4123,0.07851,1.1051,0.46973,Third - First; Third - Second
M817.18T13.55,2.408,0.078908,1.1029,0.46973,First - Third
M665.47T1386.55,2.401,0.079546,1.0994,0.47106,Second - First
M1416.06T13.55,2.3906,0.080512,1.0941,0.47431,Other - First; Third - First
M712.86T11.54,2.3739,0.082096,1.0857,0.48115,Second - Third
M966.31T17.55,2.3438,0.085009,1.0705,0.49567,Third - First; Third - Second
M808.85T17.56,2.3296,0.086425,1.0634,0.50088,Third - Other
M1663.68T13.55,2.3261,0.086784,1.0616,0.50088,Third - Second
M877.83T17.56,2.3214,0.087252,1.0592,0.50104,Third - Other
M1325.74T16.56,2.294,0.090075,1.0454,0.50822,Second - Other; Third - Other
M863.83T12.55,2.2884,0.090666,1.0426,0.50822,Third - Second
M833.5T16.56,2.2863,0.090892,1.0415,0.50822,Second - First; Second - Third
M989.8T12.54,2.2848,0.091047,1.0407,0.50822,Other - First; Other - Second; Other - Third
M589.43T1437.43,2.2844,0.091088,1.0405,0.50822,Second - First
M1121.78T17.56,2.2743,0.09217,1.0354,0.50822,Second - Other
M666.48T1403.51,2.2721,0.092408,1.0343,0.50822,Second - First
M1190.77T11.72,2.2676,0.092892,1.032,0.50822,Other - First; Other - Third
M881.82T17.56,2.2646,0.093215,1.0305,0.50822,Third - First
M1035.46T17.56,2.2642,0.093261,1.0303,0.50822,Third - First
M780.84T18.56,2.2627,0.09342,1.0296,0.50822,Third - Other
M1364.73T12.54,2.2547,0.094288,1.0255,0.5105,First - Third
M1592.69T13.55,2.2483,0.095,1.0223,0.51192,Other - First; Other - Second
M1434.47T13.55,2.2409,0.09582,1.0185,0.5139,First - Other; Third - Other
M1167.27T17.54,2.2337,0.096624,1.0149,0.51578,Other - First
M1340.74T16.56,2.2262,0.097471,1.0111,0.51644,First - Other; Second - Other; Third - Other
M1560.19T13.55,2.2246,0.097655,1.0103,0.51644,First - Second
M633.48T1420.61,2.2112,0.099186,1.0036,0.52014,Second - Third
M1269.09T13.54,2.2075,0.099609,1.0017,0.52014,Second - Third
M1160.1T17.56,2.197,0.10085,0.99635,0.52014,Third - Other
M667.87T17.56,2.1908,0.10157,0.99323,0.52014,First - Other
M1497.42T13.54,2.1894,0.10174,0.99253,0.52014,First - Other; Second - Other
M1094.77T17.56,2.1894,0.10174,0.99252,0.52014,""
M827.49T1369.97,2.1887,0.10182,0.99217,0.52014,First - Third
M1265.42T17.55,2.1848,0.10228,0.9902,0.52014,Second - First; Third - First
M1004.13T17.56,2.1832,0.10247,0.98939,0.52014,Second - First; Second - Third
M633.48T1454.22,2.1723,0.10377,0.98391,0.52441,Second - Third
M990.29T17.56,2.1677,0.10434,0.98155,0.52493,Second - Other; Third - Other
M1295.25T13.55,2.1623,0.10499,0.97884,0.52589,Other - Second
M1163.77T17.56,2.1575,0.10558,0.9764,0.52653,Third - First; Third - Second
M799.25T813.63,2.1455,0.10707,0.97033,0.5313,First - Third
M1495.71T13.55,2.1377,0.10805,0.96638,0.5313,Other - Third
M997.14T13.55,2.1354,0.10833,0.96524,0.5313,First - Third; Second - Third
M1520.03T13.55,2.1291,0.10914,0.96203,0.5313,Second - Other
M1041.29T12.55,2.1263,0.1095,0.9606,0.5313,Other - Second; Other - Third
M1423.46T13.55,2.1247,0.1097,0.9598,0.5313,Second - Other; Third - Other
M958.8T11.54,2.1238,0.10981,0.95935,0.5313,First - Third; Second - Third
M1339.73T16.56,2.1126,0.11125,0.95369,0.53599,Second - Third
M665.47T1403.68,2.0995,0.11296,0.94709,0.54191,Second - First
M1298.49T13.55,2.0959,0.11343,0.94526,0.54191,Other - Third
M1633.39T13.55,2.0904,0.11417,0.94247,0.54312,Third - Other
M1582.95T13.55,2.0794,0.11564,0.93691,0.54583,Third - Other
M1141.03T13.55,2.0785,0.11576,0.93643,0.54583,First - Other
M612.87T18.56,2.072,0.11664,0.93317,0.54583,Third - Other
M1419.72T16.56,2.0689,0.11706,0.9316,0.54583,Second - Other
M876.83T17.56,2.0683,0.11714,0.93131,0.54583,Third - Other
M1322.74T13.55,2.0509,0.11954,0.92248,0.55146,Other - First; Other - Third
M908.49T16.55,2.0467,0.12013,0.92037,0.55146,Third - First
M1124.03T13.55,2.0399,0.12109,0.91691,0.55146,Second - Third
M1018.8T12.55,2.0387,0.12125,0.91632,0.55146,Other - Third
M1291.74T17.56,2.0383,0.12131,0.91611,0.55146,Second - Third
M796.85T17.56,2.0357,0.12167,0.91483,0.55146,Third - Other
M1091.45T17.56,2.0259,0.12307,0.90986,0.55146,Third - Other
M1655.36T13.55,2.0246,0.12326,0.90919,0.55146,Second - Third
M1537.7T13.55,2.0233,0.12344,0.90855,0.55146,Other - First; Other - Second; Other - Third
M1395.47T13.55,2.0161,0.12448,0.90491,0.55146,Second - Third
M1149.78T11.55,2.016,0.12449,0.90486,0.55146,Other - Third
M1000.81T17.56,2.0152,0.12462,0.90442,0.55146,Third - Other
M964.81T12.54,2.015,0.12465,0.90431,0.55146,Second - Third
M1221.75T17.47,2.0016,0.1266,0.89757,0.55599,Third - First
M1973.62T13.55,2.0007,0.12674,0.89708,0.55599,First - Other
M480.89T18.57,1.998,0.12714,0.89572,0.55599,Third - Other
M1251.42T17.4,1.9911,0.12817,0.89223,0.55833,Third - Other
M1752.91T13.55,1.9762,0.13041,0.8847,0.56522,Third - Other
M634.48T1420.61,1.9667,0.13186,0.87989,0.56522,Second - Third
M653.86T17.74,1.9659,0.13197,0.87951,0.56522,""
M1435.72T12.55,1.9647,0.13217,0.87888,0.56522,Second - Third
M1401.4T12.54,1.9593,0.13299,0.87619,0.56522,Third - First
M1018.13T17.55,1.9584,0.13314,0.87568,0.56522,Second - First
M1182.77T12.5,1.9559,0.13353,0.87442,0.56522,Other - Third
M1660.67T13.55,1.9546,0.13372,0.87379,0.56522,Other - Second
M963.81T17.56,1.9444,0.13533,0.86862,0.56988,Third - Other
M1491.21T13.55,1.9355,0.13673,0.86413,0.57144,First - Other
M1381.4T13.54,1.9326,0.1372,0.86265,0.57144,Second - Third
M631.86T17.56,1.9325,0.13721,0.86262,0.57144,Other - First
M1126.11T17.56,1.9275,0.13801,0.86009,0.57269,Second - First
M1408.73T16.56,1.9153,0.14,0.85389,0.57456,Third - Other
M676.85T19.54,1.9146,0.1401,0.85355,0.57456,Second - First
M1599.94T13.55,1.9124,0.14046,0.85245,0.57456,Second - Other
M1159.44T17.56,1.9107,0.14074,0.8516,0.57456,Third - Other
M1073.29T13.55,1.9015,0.14226,0.84691,0.57456,""
M745.85T17.56,1.9013,0.14229,0.84683,0.57456,Second - Other; Third - Other
M1057.79T17.56,1.8995,0.14259,0.84592,0.57456,Third - Other
M1018.79T17.56,1.8967,0.14305,0.84451,0.57456,Third - Other
M1050.79T17.56,1.8941,0.14348,0.8432,0.57456,""
M836.84T17.55,1.8916,0.14391,0.84192,0.57456,Third - Other
M1237.76T16.56,1.8909,0.14402,0.84158,0.57456,Second - First
M1232.26T16.68,1.8729,0.14708,0.83244,0.58316,""
M1221.76T12.55,1.8706,0.14747,0.8313,0.58316,First - Third
M1116.27T17.56,1.8692,0.14771,0.83058,0.58316,Second - Third
M1373.73T16.56,1.8649,0.14846,0.8284,0.58407,Second - Third
M1026.79T12.54,1.8587,0.14953,0.82526,0.58628,Other - Third
M1287.08T13.55,1.8502,0.15101,0.82098,0.59005,""
M1712.17T13.55,1.8391,0.15297,0.81538,0.59338,First - Second
M1912.63T13.54,1.8381,0.15316,0.81487,0.59338,Other - Third
M1542.2T13.55,1.8359,0.15354,0.81377,0.59338,""
M859.28T831.48,1.8336,0.15396,0.8126,0.59338,First - Third
M631.47T1471.08,1.8264,0.15526,0.80894,0.59507,Second - Third
M1234.42T16.56,1.8254,0.15544,0.80844,0.59507,Second - Other
M1604.01T13.55,1.822,0.15606,0.80671,0.59544,First - Other; Second - Other; Third - Other
M757.84T19.56,1.8125,0.15779,0.80192,0.60002,First - Third
M1002.47T16.93,1.8079,0.15863,0.79961,0.60111,Other - First
M1544.7T16.56,1.8052,0.15913,0.79824,0.60111,Second - Other
M1092.12T17.56,1.8012,0.15987,0.79622,0.60191,First - Other
M1081.78T17.56,1.7902,0.16193,0.79067,0.60584,Second - Other; Third - Other
M1708.67T13.55,1.7881,0.16233,0.78961,0.60584,""
M1024.29T17.56,1.7855,0.16282,0.78829,0.60584,""
M1250.75T17.55,1.7833,0.16325,0.78715,0.60584,""
M549.19T881.43,1.7815,0.16358,0.78626,0.60584,First - Third
M1258.75T17.56,1.7778,0.1643,0.78437,0.60652,Third - First
M955.81T17.56,1.7661,0.16654,0.77849,0.60988,First - Other; Third - Other
M1201.1T13.6,1.7654,0.16667,0.77814,0.60988,""
M1404.71T17.55,1.7647,0.16682,0.77776,0.60988,Second - Third
M964.31T17.56,1.7588,0.16796,0.7748,0.61162,Second - Third
M1380.72T17.48,1.7561,0.1685,0.77341,0.61162,Third - Other
M1362.48T13.52,1.7489,0.1699,0.76981,0.61162,First - Second
M794.84T17.56,1.7467,0.17033,0.7687,0.61162,""
M970.8T18.56,1.7441,0.17085,0.76737,0.61162,Third - Second
M1429.4T13.55,1.742,0.17128,0.7663,0.61162,First - Other; Second - Other
M1319.74T17.56,1.7406,0.17155,0.76561,0.61162,Third - First
M1252.08T13.55,1.7404,0.1716,0.76549,0.61162,Other - Second
M1228.76T12.55,1.7359,0.1725,0.7632,0.61293,""
M1206.44T13.04,1.7287,0.17394,0.75961,0.6151,""
M1610.96T13.55,1.7274,0.1742,0.75896,0.6151,Second - Other
M1170.77T16.68,1.7204,0.17564,0.75538,0.61733,Third - Other
M1059.43T881.12,1.719,0.17591,0.7547,0.61733,""
M1542.95T13.55,1.7148,0.17678,0.75257,0.61846,""
M1502.71T13.55,1.7102,0.17773,0.75025,0.61986,Second - Third
M1051.13T12.55,1.7029,0.17924,0.74657,0.62296,""
M1144.1T16.56,1.6991,0.18003,0.74465,0.62296,""
M1038.13T16.55,1.6935,0.18121,0.74183,0.62296,""
M720.85T18.56,1.6925,0.18142,0.74131,0.62296,Third - Other
M1087.79T12.55,1.6879,0.1824,0.73898,0.62296,Second - Third
M944.82T17.56,1.6877,0.18244,0.73887,0.62296,""
M1239.26T16.56,1.6876,0.18245,0.73885,0.62296,Third - First
M408.91T18.56,1.6765,0.18483,0.73323,0.62532,Second - Other
M1603.36T13.55,1.6753,0.18509,0.73261,0.62532,Second - Third
M1064.47T13.55,1.6713,0.18594,0.73062,0.62532,""
M910.81T11.54,1.6711,0.18599,0.73052,0.62532,Other - Third
M1166.44T14.63,1.6683,0.18659,0.7291,0.62532,Second - Third
M1300.08T12.55,1.6679,0.18668,0.7289,0.62532,""
M1094.04T13.55,1.6665,0.18699,0.72818,0.62532,""
M1238.76T16.56,1.6601,0.18838,0.72497,0.62636,Second - Other
M1496.04T13.55,1.66,0.18841,0.72491,0.62636,First - Other
M810.84T12.55,1.6554,0.1894,0.72262,0.62729,""
M954.14T16.72,1.6537,0.18979,0.72173,0.62729,First - Other
M1116.1T17.55,1.6496,0.19069,0.71967,0.62846,""
M1587.37T13.55,1.6454,0.19163,0.71754,0.62927,First - Other
M1062.79T12.55,1.6435,0.19205,0.7166,0.62927,""
M1429.06T13.55,1.6362,0.19369,0.7129,0.63282,First - Other; Third - Other
M1558.36T14.49,1.6303,0.19501,0.70994,0.63368,Other - Second
M1225.1T13.55,1.6301,0.19506,0.70983,0.63368,First - Other
M934.8T18.56,1.6272,0.19571,0.70839,0.63397,Third - Other
M1717.34T13.55,1.6239,0.19646,0.70672,0.6346,""
M1597.03T13.54,1.6193,0.19751,0.70441,0.63618,First - Third
M732.84T18.56,1.6128,0.19902,0.70111,0.63818,""
M236.94T4.52,1.6117,0.19926,0.70059,0.63818,""
M969.48T16.46,1.6055,0.2007,0.69746,0.63946,First - Other
M1446.44T13.6,1.6052,0.20078,0.69728,0.63946,First - Second
M958.79T18.56,1.5985,0.20235,0.69391,0.64058,Third - Other
M1228.25T16.56,1.5965,0.2028,0.69293,0.64058,Third - Other
M1375.73T17.55,1.5939,0.20343,0.69159,0.64058,""
M1182.76T17.56,1.5913,0.20402,0.69032,0.64058,""
M1113.77T17.56,1.5896,0.20443,0.68945,0.64058,""
M1384.72T17.55,1.5893,0.20451,0.68928,0.64058,""
M1244.75T17.56,1.5869,0.20509,0.68806,0.64062,Third - Other
M696.85T11.54,1.5842,0.20571,0.68674,0.6408,Other - First
M1417.47T13.55,1.5788,0.20701,0.684,0.64161,Second - Other
M1433.39T12.55,1.5777,0.20728,0.68344,0.64161,Second - First
M1121.44T17.55,1.5761,0.20766,0.68264,0.64161,Third - Other
M564.89T12.55,1.565,0.21035,0.67705,0.64691,""
M771.18T13.55,1.5643,0.21052,0.67671,0.64691,""
M647.46T1437.41,1.5594,0.21173,0.67422,0.64844,""
M1186.05T14.49,1.5552,0.21275,0.67214,0.64844,""
M592.89T17.56,1.553,0.21329,0.67102,0.64844,""
M1011.79T12.55,1.553,0.2133,0.67102,0.64844,Other - Third
M1446.21T13.55,1.5441,0.2155,0.66655,0.65339,Other - Second
M1008.13T17.48,1.5396,0.21664,0.66427,0.65378,First - Other
M1296.74T17.56,1.539,0.21678,0.66399,0.65378,""
M349.25T12.55,1.5329,0.21832,0.66092,0.6551,Third - Other
M1083.46T13.55,1.5327,0.21837,0.66081,0.6551,First - Other
M691.86T17.56,1.5232,0.22079,0.65602,0.65533,Third - Other
M670.37T13.55,1.5224,0.22098,0.65565,0.65533,""
M961.31T814.89,1.5209,0.22137,0.65488,0.65533,First - Third
M1424.72T12.6,1.5181,0.2221,0.65345,0.65533,""
M727.85T17.56,1.5143,0.22307,0.65155,0.65533,Second - Third
M1049.11T13.55,1.5142,0.22311,0.65149,0.65533,""
M573.47T1437.42,1.5059,0.22526,0.64732,0.65533,Second - Third
M744.84T18.56,1.5038,0.22578,0.64631,0.65533,""
M1664.01T13.55,1.5032,0.22595,0.64598,0.65533,Second - Third
M1535.37T13.54,1.5028,0.22606,0.64577,0.65533,""
M1712.92T13.55,1.5012,0.22647,0.645,0.65533,""
M637.87T18.56,1.5012,0.22649,0.64496,0.65533,""
M1094.78T12.55,1.4946,0.2282,0.64168,0.65533,Other - Third
M1481.21T13.55,1.4933,0.22854,0.64103,0.65533,""
M768.86T17.56,1.4925,0.22876,0.64062,0.65533,Third - Other
M1050.12T17.4,1.4915,0.22904,0.64009,0.65533,Second - Third
M831.34T17.56,1.4896,0.22953,0.63916,0.65533,Third - Other
M1519.03T13.55,1.4893,0.2296,0.63903,0.65533,First - Second
M910.15T17.55,1.4873,0.23015,0.638,0.65533,Third - Other
M1282.74T17.56,1.4831,0.23127,0.63589,0.65533,""
M1739.98T13.57,1.4831,0.23127,0.63588,0.65533,""
M1549.7T13.55,1.4826,0.23138,0.63567,0.65533,""
M1136.78T16.56,1.4808,0.23189,0.63472,0.65533,""
M897.82T12.55,1.4733,0.2339,0.63097,0.65533,First - Third
M1290.06T16.98,1.4718,0.23431,0.63021,0.65533,Third - Other
M762.84T17.56,1.4715,0.23438,0.63009,0.65533,Third - Other
M924.81T18.55,1.4688,0.2351,0.62874,0.65533,""
M1108.27T13.55,1.4685,0.2352,0.62856,0.65533,""
M1265.75T17.55,1.4684,0.23524,0.6285,0.65533,""
M1108.78T17.55,1.4662,0.23583,0.62739,0.65533,Third - Other
M977.8T12.55,1.4614,0.23713,0.62501,0.65533,Other - Third
M1222.76T17.55,1.4604,0.2374,0.62453,0.65533,Third - First
M1689.67T13.55,1.4602,0.23747,0.6244,0.65533,""
M1287.25T13.55,1.4546,0.239,0.62159,0.65661,""
M957.8T18.56,1.4527,0.23953,0.62063,0.65661,""
M1285.75T17.56,1.4519,0.23974,0.62026,0.65661,""
M1146.78T12.55,1.4501,0.24024,0.61936,0.65661,Other - First
M1273.42T17.55,1.4478,0.2409,0.61816,0.65684,""
M922.8T18.56,1.4435,0.24207,0.61605,0.6576,""
M999.14T16.55,1.4426,0.24233,0.61559,0.6576,""
M725.85T17.56,1.4401,0.24303,0.61434,0.65792,""
M1210.26T12.61,1.4347,0.24456,0.61161,0.6598,""
M648.47T1437.41,1.4335,0.24489,0.61103,0.6598,""
M705.35T12.55,1.4314,0.24549,0.60997,0.65986,""
M1470.71T12.55,1.4266,0.24686,0.60756,0.66106,""
M978.14T17.55,1.4257,0.2471,0.60713,0.66106,""
M604.89T12.55,1.4226,0.24801,0.60554,0.66193,""
M1245.42T17.4,1.4165,0.24975,0.60249,0.66315,""
M1240.27T13.49,1.4119,0.25108,0.60018,0.66315,""
M1093.44T17.56,1.4118,0.25109,0.60017,0.66315,""
M967.82T12.55,1.4114,0.25122,0.59994,0.66315,Other - Second
M1466.72T12.54,1.4091,0.25188,0.59881,0.66315,""
M575.48T1555.33,1.4088,0.25196,0.59867,0.66315,Second - Third
M853.83T11.54,1.4033,0.25357,0.5959,0.66448,""
M1440.47T13.55,1.4017,0.25403,0.59512,0.66448,""
M1255.09T13.55,1.4005,0.25439,0.59449,0.66448,""
M1258.04T18.06,1.3983,0.25503,0.59341,0.66448,""
M1038.79T17.56,1.3939,0.25632,0.59122,0.66448,""
M1458.71T13.55,1.3918,0.25695,0.59015,0.66448,""
M1755.66T13.54,1.3898,0.25753,0.58917,0.66448,""
M1095.45T12.55,1.3898,0.25753,0.58917,0.66448,""
M372.36T1639.49,1.3858,0.25875,0.58713,0.66448,""
M1120.78T16.56,1.3849,0.259,0.5867,0.66448,""
M1533.7T13.54,1.3809,0.26019,0.58472,0.66448,""
M1204.77T16.56,1.3808,0.26024,0.58463,0.66448,""
M1012.8T17.55,1.38,0.26046,0.58426,0.66448,Third - Second
M1084.28T17.56,1.3794,0.26065,0.58395,0.66448,""
M902.81T18.56,1.3771,0.26134,0.5828,0.66449,""
M1956.87T13.55,1.3755,0.26182,0.58199,0.66449,""
M1291.08T13.55,1.3658,0.26477,0.57714,0.67047,""
M1594.44T13.55,1.3621,0.26589,0.57529,0.67182,""
M1215.26T17.55,1.3583,0.26706,0.57339,0.67328,""
M1229.42T12.55,1.3538,0.26842,0.57118,0.67363,""
M1200.1T13.54,1.3502,0.26956,0.56935,0.67363,""
M901.82T17.55,1.3486,0.27004,0.56857,0.67363,""
M1587.38T13.99,1.347,0.27054,0.56777,0.67363,""
M1069.8T12.54,1.3428,0.27186,0.56566,0.67363,""
M1205.27T12.55,1.3427,0.27188,0.56563,0.67363,""
M848.83T17.56,1.3419,0.27214,0.56521,0.67363,""
M899.33T17.55,1.3383,0.27326,0.56342,0.67363,""
M536.9T17.56,1.3355,0.27415,0.56202,0.67363,""
M908.82T17.56,1.3332,0.27488,0.56086,0.67363,""
M1090.11T16.95,1.3323,0.27516,0.56041,0.67363,""
M1197.43T17.56,1.3292,0.27612,0.5589,0.67363,""
M1219.5T14.55,1.3283,0.27641,0.55844,0.67363,""
M660.87T17.56,1.3264,0.27703,0.55747,0.67363,""
M1174.45T13.55,1.326,0.27715,0.55728,0.67363,""
M933.32T17.56,1.3239,0.27782,0.55623,0.67363,""
M1747.42T13.55,1.3234,0.27796,0.55602,0.67363,""
M1013.8T17.56,1.3199,0.2791,0.55423,0.67363,""
M1107.44T17.56,1.3197,0.27915,0.55416,0.67363,""
M985.8T17.56,1.3193,0.27929,0.55394,0.67363,""
M774.82T18.56,1.318,0.2797,0.55331,0.67363,""
M626.86T18.56,1.3163,0.28024,0.55248,0.67363,""
M875.82T12.55,1.3138,0.28105,0.55121,0.67417,""
M1357.73T12.61,1.306,0.28358,0.54733,0.67451,""
M706.84T18.57,1.3045,0.28406,0.54659,0.67451,""
M706.84T11.54,1.3044,0.28411,0.54652,0.67451,""
M1183.76T17.55,1.3031,0.28452,0.54588,0.67451,""
M869.82T17.56,1.3,0.28554,0.54433,0.67451,""
M632.47T1471.09,1.2999,0.28558,0.54427,0.67451,""
M1048.79T17.56,1.2993,0.28577,0.54398,0.67451,""
M977.8T17.56,1.2986,0.28598,0.54366,0.67451,""
M1208.09T16.56,1.2969,0.28653,0.54282,0.67451,""
M1580.69T13.55,1.2948,0.28725,0.54174,0.67479,""
M1137.28T17.56,1.2918,0.28825,0.54024,0.67495,""
M1035.3T17.55,1.29,0.28882,0.53938,0.67495,""
M1254.04T16.06,1.2851,0.29046,0.53691,0.67495,""
M729.86T17.55,1.2851,0.29046,0.53691,0.67495,""
M1049.79T17.57,1.2839,0.29086,0.53632,0.67495,""
M1270.45T14.55,1.2838,0.29087,0.5363,0.67495,""
M1220.75T17.55,1.2795,0.29232,0.53415,0.67691,""
M1467.38T13.55,1.2758,0.29357,0.53228,0.6774,""
M1633.03T13.55,1.2744,0.29402,0.53163,0.6774,""
M1687.34T13.6,1.2719,0.29486,0.53038,0.6774,""
M1421.72T12.54,1.2718,0.29491,0.53031,0.6774,""
M1341.74T17.55,1.2698,0.29559,0.52931,0.67759,""
M1611.43T13.55,1.268,0.2962,0.52842,0.67762,""
M400.92T17.56,1.2659,0.29689,0.5274,0.67784,""
M1452.22T13.55,1.2561,0.30026,0.5225,0.68375,""
M931.15T16.07,1.254,0.30098,0.52146,0.68375,""
M801.83T17.56,1.2497,0.30245,0.51935,0.68375,""
M1060.79T17.56,1.2483,0.30292,0.51867,0.68375,""
M956.3T17.56,1.2481,0.30301,0.51854,0.68375,""
M1003.47T13.55,1.2459,0.30376,0.51747,0.68375,""
M1027.79T17.56,1.2433,0.30466,0.51619,0.68375,""
M1365.98T13.55,1.2423,0.30501,0.51569,0.68375,""
M1831.14T13.55,1.2422,0.30506,0.51562,0.68375,""
M1101.78T16.56,1.2409,0.30549,0.515,0.68375,""
M888.82T18.56,1.2367,0.30696,0.51291,0.68483,""
M940.15T17.55,1.2357,0.30734,0.51239,0.68483,""
M1514.96T13.55,1.233,0.30828,0.51106,0.68483,""
M752.84T11.54,1.2307,0.30908,0.50993,0.68483,""
M929.16T14.49,1.2274,0.31024,0.5083,0.68483,""
M732.84T11.54,1.2264,0.31061,0.50778,0.68483,""
M1129.44T17.56,1.2255,0.31092,0.50735,0.68483,""
M1081.46T12.55,1.2232,0.31173,0.50622,0.68483,""
M1641.68T13.55,1.2224,0.31205,0.50578,0.68483,""
M1200.44T13.6,1.2214,0.31239,0.50531,0.68483,""
M985.8T12.54,1.2193,0.31314,0.50426,0.68483,""
M1939.63T13.55,1.2176,0.31374,0.50342,0.68483,""
M382.31T1622.76,1.2174,0.3138,0.50334,0.68483,""
M1080.79T17.56,1.2156,0.31447,0.50242,0.68496,""
M217.03T22.06,1.2114,0.31597,0.50036,0.68691,""
M1163.44T16.55,1.2007,0.31986,0.49505,0.69173,""
M1671.67T13.55,1.1998,0.32018,0.4946,0.69173,""
M593.89T12.55,1.1989,0.32051,0.49416,0.69173,""
M1739.67T13.55,1.1985,0.32064,0.49399,0.69173,""
M1841.88T13.55,1.1935,0.32248,0.4915,0.69173,""
M1991.63T13.55,1.1929,0.3227,0.4912,0.69173,""
M1167.77T17.56,1.1922,0.32294,0.49088,0.69173,""
M1189.76T17.56,1.1919,0.32305,0.49073,0.69173,""
M1194.28T12.55,1.1885,0.3243,0.48905,0.69256,""
M1149.1T13.7,1.1872,0.3248,0.48838,0.69256,""
M965.81T12.55,1.1846,0.32576,0.4871,0.69256,""
M921.82T11.73,1.1832,0.32626,0.48644,0.69256,""
M1350.24T13.55,1.1814,0.32694,0.48554,0.69256,""
M468.42T1623.34,1.1795,0.32767,0.48457,0.69256,""
M1678.94T13.55,1.1773,0.32846,0.48352,0.69256,""
M1081.46T17.56,1.1757,0.32909,0.48269,0.69256,""
M947.81T17.56,1.1746,0.32949,0.48215,0.69256,""
M1235.76T12.54,1.1745,0.32953,0.4821,0.69256,""
M1198.76T17.56,1.167,0.33235,0.4784,0.69431,""
M579.89T13.55,1.1667,0.33243,0.4783,0.69431,""
M967.31T17.56,1.1646,0.33324,0.47724,0.69431,""
M1182.1T17.55,1.162,0.33423,0.47596,0.69431,""
M1348.4T17.55,1.1609,0.33465,0.47541,0.69431,""
M936.8T18.56,1.1605,0.33479,0.47523,0.69431,""
M760.84T18.56,1.1595,0.33519,0.47471,0.69431,""
M1825.15T13.55,1.1593,0.33525,0.47463,0.69431,""
M1662.68T13.52,1.1535,0.33747,0.47177,0.69763,""
M1706.17T13.55,1.1491,0.33917,0.46958,0.69989,""
M887.34T13.55,1.1475,0.33979,0.46879,0.69989,""
M1236.51T13.55,1.1451,0.3407,0.46762,0.70051,""
M1314.42T13.55,1.1423,0.34177,0.46626,0.70144,""
M910.8T18.56,1.1396,0.34282,0.46493,0.70232,""
M1172.77T13.55,1.1379,0.34348,0.4641,0.7024,""
M947.82T12.55,1.1355,0.34444,0.46289,0.70266,""
M1492.71T13.55,1.134,0.34502,0.46215,0.70266,""
M650.48T1420.61,1.1303,0.34648,0.46032,0.70266,""
M1611.69T13.54,1.1257,0.34826,0.4581,0.70266,""
M1181.76T17.56,1.123,0.34933,0.45676,0.70266,""
M1169.77T16.56,1.1229,0.34937,0.45672,0.70266,""
M1209.02T13.55,1.122,0.34973,0.45626,0.70266,""
M788.84T18.56,1.1211,0.35009,0.45582,0.70266,""
M1113.1T17.55,1.1206,0.35027,0.4556,0.70266,""
M700.87T17.56,1.1206,0.3503,0.45556,0.70266,""
M871.83T16.56,1.12,0.35054,0.45527,0.70266,""
M1905.63T13.55,1.1178,0.35139,0.45421,0.70266,""
M1318.74T12.55,1.1172,0.35164,0.4539,0.70266,""
M1198.1T13.55,1.1132,0.35324,0.45193,0.70266,""
M1038.14T13.55,1.1125,0.35352,0.45158,0.70266,""
M1348.98T13.55,1.1113,0.35399,0.45101,0.70266,""
M1633.93T13.55,1.111,0.35411,0.45086,0.70266,""
M1530.7T12.55,1.1035,0.35713,0.44718,0.70667,""
M855.5T14.55,1.1029,0.35737,0.44688,0.70667,""
M1129.77T17.56,1.1013,0.35801,0.44611,0.7067,""
M1070.29T12.55,1.0981,0.35933,0.44451,0.70806,""
M955.32T13.55,1.0939,0.36102,0.44247,0.70936,""
M923.82T13.52,1.0928,0.36146,0.44194,0.70936,""
M649.48T1420.61,1.0895,0.36282,0.4403,0.70936,""
M1152.51T14.55,1.0894,0.36285,0.44027,0.70936,""
M1447.46T13.54,1.0887,0.36315,0.43991,0.70936,""
M1348.23T13.54,1.0873,0.36373,0.43922,0.70936,""
M1650.92T13.6,1.0835,0.36527,0.43738,0.71115,""
M935.81T17.56,1.0793,0.36703,0.4353,0.71234,""
M995.46T17.54,1.079,0.36713,0.43518,0.71234,""
M1610.02T13.55,1.0756,0.36853,0.43353,0.71383,""
M1001.14T16.56,1.0725,0.36982,0.43201,0.71493,""
M1540.7T12.55,1.069,0.37128,0.4303,0.71493,""
M1294.49T13.55,1.069,0.37129,0.43028,0.71493,""
M976.47T17.54,1.0681,0.37166,0.42985,0.71493,""
M950.31T12.55,1.0667,0.37224,0.42917,0.71493,""
M1674.67T13.6,1.0636,0.37356,0.42764,0.71533,""
M649.48T1386.28,1.0632,0.37371,0.42747,0.71533,""
M1230.51T13.55,1.0605,0.37487,0.42612,0.71579,""
M705.35T17.56,1.0597,0.37521,0.42573,0.71579,""
M894.16T16.98,1.0568,0.37643,0.42431,0.71692,""
M1273.75T17.47,1.0481,0.38012,0.42008,0.71906,""
M1045.29T12.55,1.048,0.38015,0.42004,0.71906,""
M1147.78T12.55,1.048,0.38018,0.42001,0.71906,""
M1791.36T13.55,1.048,0.38019,0.42,0.71906,""
M862.83T12.55,1.0467,0.38071,0.4194,0.71906,""
M1455.71T16.56,1.0429,0.38235,0.41754,0.72095,""
M1126.78T12.54,1.0412,0.38307,0.41672,0.72111,""
M1063.79T12.55,1.0368,0.38499,0.41455,0.72334,""
M650.48T1403.57,1.0355,0.38553,0.41395,0.72334,""
M1770.66T13.55,1.0307,0.38762,0.41159,0.72421,""
M1289.74T12.55,1.0293,0.38825,0.41089,0.72421,""
M1329.24T13.55,1.0286,0.38856,0.41054,0.72421,""
M1333.74T16.56,1.0255,0.38991,0.40904,0.72421,""
M1629.68T15.51,1.0254,0.38992,0.40903,0.72421,""
M1447.22T13.55,1.0254,0.38993,0.40901,0.72421,""
M1281.49T13.55,1.0242,0.39045,0.40843,0.72421,""
M1405.73T13.55,1.0226,0.39116,0.40764,0.72436,""
M1497.96T13.55,1.0209,0.39192,0.4068,0.72458,""
M1671.98T13.55,1.0188,0.39282,0.4058,0.72506,""
M1234.76T12.54,1.0124,0.39566,0.40267,0.72729,""
M1448.71T16.98,1.0106,0.39645,0.40181,0.72729,""
M1132.11T13.55,1.0106,0.39646,0.4018,0.72729,""
M879.16T16.55,1.0094,0.397,0.40121,0.72729,""
M1061.28T18.56,1.0089,0.39723,0.40096,0.72729,""
M909.82T17.56,1.0066,0.39825,0.39984,0.72774,""
M501.91T13.55,1.0042,0.39932,0.39867,0.72774,""
M1032.29T13.55,1.001,0.40074,0.39714,0.72774,""
M794.18T13.55,0.99925,0.40152,0.3963,0.72774,""
M1367.73T12.55,0.99876,0.40174,0.39606,0.72774,""
M411.2T18.56,0.99674,0.40264,0.39508,0.72774,""
M1645.68T13.55,0.99652,0.40275,0.39497,0.72774,""
M1595.36T13.55,0.99577,0.40308,0.39461,0.72774,""
M1882.39T13.55,0.99332,0.40419,0.39342,0.72774,""
M928.81T17.56,0.99272,0.40446,0.39313,0.72774,""
M1017.79T17.56,0.9926,0.40451,0.39307,0.72774,""
M1725.67T15.5,0.99008,0.40565,0.39185,0.72814,""
M1235.75T17.56,0.98928,0.40601,0.39146,0.72814,""
M942.81T12.55,0.98712,0.40699,0.39041,0.72874,""
M979.81T11.54,0.98507,0.40793,0.38942,0.72893,""
M1155.77T17.56,0.984,0.40841,0.3889,0.72893,""
M1149.77T17.56,0.9813,0.40964,0.38759,0.72893,""
M810.17T14.55,0.98126,0.40966,0.38757,0.72893,""
M1206.76T17.55,0.97611,0.41202,0.38508,0.73168,""
M1700.67T13.55,0.97508,0.41249,0.38458,0.73168,""
M1197.76T17.56,0.97278,0.41355,0.38347,0.73241,""
M797.85T12.55,0.97074,0.41449,0.38248,0.73293,""
M385.29T1369.89,0.96892,0.41533,0.3816,0.73329,""
M1523.41T13.11,0.96536,0.41699,0.37988,0.73426,""
M1295.41T16.56,0.96494,0.41718,0.37968,0.73426,""
M1488.71T12.55,0.95583,0.42143,0.37528,0.73872,""
M516.89T18.56,0.95467,0.42197,0.37472,0.73872,""
M1375.39T13.55,0.95406,0.42226,0.37442,0.73872,""
M1180.76T17.56,0.95059,0.42389,0.37275,0.73872,""
M1327.48T13.55,0.94992,0.4242,0.37243,0.73872,""
M1207.43T13.55,0.94778,0.42521,0.37139,0.73872,""
M1235.35T12.58,0.94765,0.42527,0.37133,0.73872,""
M1242.25T13.55,0.94492,0.42656,0.37002,0.73872,""
M829.83T17.56,0.9436,0.42719,0.36938,0.73872,""
M876.84T12.55,0.94027,0.42877,0.36777,0.73872,""
M1114.78T11.63,0.94006,0.42887,0.36767,0.73872,""
M1046.78T18.56,0.93996,0.42892,0.36762,0.73872,""
M1366.23T13.55,0.93976,0.42902,0.36753,0.73872,""
M728.86T17.56,0.93971,0.42904,0.36751,0.73872,""
M712.85T18.56,0.93882,0.42946,0.36708,0.73872,""
M1318.07T16.98,0.9358,0.4309,0.36562,0.74008,""
M1019.8T12.61,0.93386,0.43183,0.36469,0.74014,""
M1130.45T13.55,0.9311,0.43315,0.36336,0.74014,""
M809.85T12.54,0.93066,0.43336,0.36315,0.74014,""
M1352.23T15.53,0.93029,0.43354,0.36297,0.74014,""
M1005.47T17.56,0.92683,0.43521,0.36131,0.74187,""
M913.49T13.02,0.92542,0.43588,0.36063,0.74191,""
M544.89T18.56,0.92108,0.43798,0.35854,0.74437,""
M1285.75T11.68,0.91781,0.43957,0.35697,0.74595,""
M1858.94T13.55,0.91575,0.44057,0.35598,0.74654,""
M1563.69T15.56,0.90895,0.4439,0.35272,0.74983,""
M1200.76T17.54,0.90803,0.44435,0.35228,0.74983,""
M760.35T17.56,0.90694,0.44488,0.35176,0.74983,""
M831.83T17.56,0.90639,0.44515,0.35149,0.74983,""
M1107.78T17.56,0.90161,0.4475,0.3492,0.75268,""
M1026.78T18.56,0.89552,0.45052,0.34629,0.7565,""
M1184.09T17.56,0.89422,0.45117,0.34566,0.7565,""
M1230.75T17.56,0.89127,0.45263,0.34425,0.7565,""
M1139.77T17.56,0.89086,0.45284,0.34406,0.7565,""
M632.88T17.56,0.88984,0.45335,0.34357,0.7565,""
M1442.72T13.1,0.889,0.45376,0.34317,0.7565,""
M1353.73T17.55,0.88602,0.45526,0.34174,0.75787,""
M797.34T17.56,0.88374,0.4564,0.34065,0.75867,""
M1132.77T17.56,0.88158,0.45749,0.33962,0.75907,""
M1193.42T17.06,0.8806,0.45798,0.33915,0.75907,""
M1585.7T12.66,0.87844,0.45907,0.33812,0.75977,""
M800.83T11.54,0.86769,0.46452,0.333,0.76683,""
M951.8T17.69,0.86664,0.46506,0.33249,0.76683,""
M748.52T13.55,0.86605,0.46536,0.33221,0.76683,""
M1087.78T17.47,0.86251,0.46717,0.33053,0.7687,""
M428.92T12.55,0.86004,0.46843,0.32935,0.76967,""
M1464.72T13.55,0.8581,0.46943,0.32843,0.77019,""
M1239.76T12.55,0.85411,0.47149,0.32653,0.77213,""
M352.92T20.57,0.85114,0.47302,0.32512,0.77213,""
M1077.53T13.55,0.85025,0.47348,0.3247,0.77213,""
M1205.43T12.54,0.85012,0.47355,0.32464,0.77213,""
M1160.77T17.56,0.84703,0.47515,0.32317,0.77213,""
M637.36T17.55,0.84547,0.47596,0.32243,0.77213,""
M1024.29T12.55,0.84545,0.47598,0.32241,0.77213,""
M1319.74T12.55,0.84521,0.4761,0.3223,0.77213,""
M1813.32T13.55,0.84401,0.47673,0.32173,0.77213,""
M931.82T12.55,0.84182,0.47787,0.32069,0.77251,""
M842.82T11.54,0.84096,0.47832,0.32028,0.77251,""
M1747.15T13.58,0.83951,0.47908,0.3196,0.77264,""
M660.87T12.55,0.83814,0.47979,0.31895,0.7727,""
M1118.77T17.56,0.83535,0.48126,0.31762,0.77396,""
M911.82T11.54,0.83098,0.48356,0.31555,0.77505,""
M1855.65T13.55,0.8296,0.48429,0.3149,0.77505,""
M575.48T1420.61,0.82928,0.48445,0.31475,0.77505,""
M1572.44T14.02,0.82848,0.48488,0.31437,0.77505,""
M1209.27T13.55,0.82563,0.48638,0.31302,0.77505,""
M868.81T18.56,0.82479,0.48683,0.31262,0.77505,""
M871.17T13.55,0.82322,0.48766,0.31188,0.77505,""
M664.85T18.57,0.82155,0.48855,0.31109,0.77505,""
M956.3T12.55,0.8198,0.48948,0.31026,0.77505,""
M922.32T11.54,0.8193,0.48975,0.31003,0.77505,""
M901.82T12.55,0.81811,0.49038,0.30946,0.77505,""
M687.86T17.56,0.81766,0.49062,0.30925,0.77505,""
M980.8T12.66,0.81733,0.4908,0.3091,0.77505,""
M1092.28T17.56,0.81473,0.49219,0.30787,0.77617,""
M1112.45T14.05,0.81097,0.4942,0.30609,0.77738,""
M1493.71T16.56,0.81075,0.49432,0.30599,0.77738,""
M1034.29T12.55,0.80937,0.49507,0.30534,0.77747,""
M1084.11T17.55,0.80753,0.49605,0.30447,0.77795,""
M1531.2T13.55,0.8047,0.49758,0.30314,0.77927,""
M1047.46T17.55,0.80199,0.49905,0.30186,0.78049,""
M986.8T18.55,0.79818,0.50111,0.30007,0.78124,""
M959.81T17.56,0.7975,0.50148,0.29975,0.78124,""
M980.8T18.55,0.79731,0.50159,0.29965,0.78124,""
M871.49T17.56,0.79128,0.50487,0.29682,0.78327,""
M917.15T16.56,0.78992,0.50561,0.29618,0.78327,""
M1438.05T13.55,0.78951,0.50584,0.29599,0.78327,""
M802.83T18.56,0.78829,0.50651,0.29541,0.78327,""
M1199.28T13.55,0.78709,0.50717,0.29485,0.78327,""
M1774.42T13.55,0.78631,0.5076,0.29448,0.78327,""
M1262.08T17.04,0.78609,0.50772,0.29438,0.78327,""
M277T22.59,0.78247,0.5097,0.29268,0.78528,""
M1099.78T17.56,0.78079,0.51063,0.29189,0.78564,""
M1177.44T13.55,0.77879,0.51173,0.29096,0.78627,""
M1515.45T13.55,0.77717,0.51263,0.2902,0.78659,""
M1103.45T17.56,0.77475,0.51397,0.28906,0.78754,""
M927.81T18.56,0.77284,0.51503,0.28817,0.78754,""
M909.82T12.55,0.7723,0.51533,0.28791,0.78754,""
M1274.07T17.56,0.76491,0.51945,0.28445,0.79183,""
M1048.12T17.56,0.76361,0.52018,0.28385,0.79183,""
M1328.49T13.55,0.76302,0.52051,0.28357,0.79183,""
M1161.43T17.56,0.76228,0.52092,0.28323,0.79183,""
M326.38T1622.84,0.7582,0.52322,0.28132,0.79426,""
M372.36T1624.16,0.75516,0.52493,0.2799,0.79579,""
M878.83T17.55,0.75123,0.52715,0.27807,0.79721,""
M1480.2T13.55,0.75102,0.52727,0.27797,0.79721,""
M1313.41T12.55,0.73941,0.53387,0.27256,0.80294,""
M1183.43T17.56,0.73914,0.53403,0.27243,0.80294,""
M302.93T20.57,0.73875,0.53425,0.27226,0.80294,""
M1764.66T13.55,0.73814,0.5346,0.27197,0.80294,""
M1107.04T13.55,0.73689,0.53532,0.27139,0.80294,""
M672.87T17.56,0.73685,0.53534,0.27137,0.80294,""
M1746T13.55,0.7357,0.536,0.27084,0.80294,""
M1334.24T14.02,0.73026,0.53912,0.26831,0.80656,""
M895.82T11.55,0.72902,0.53984,0.26774,0.80656,""
M1176.77T17.56,0.72608,0.54154,0.26637,0.80804,""
M224.13T58.72,0.72485,0.54225,0.2658,0.80804,""
M250.96T20.39,0.72176,0.54404,0.26437,0.80804,""
M789.85T12.55,0.72117,0.54438,0.2641,0.80804,""
M1242.44T13.55,0.72117,0.54438,0.2641,0.80804,""
M948.8T18.56,0.71724,0.54667,0.26228,0.81022,""
M1531.95T13.55,0.71554,0.54766,0.26149,0.81022,""
M889.48T18.56,0.71498,0.54798,0.26123,0.81022,""
M964.8T17.56,0.71117,0.55021,0.25947,0.81097,""
M1095.78T17.56,0.7111,0.55025,0.25944,0.81097,""
M1085.12T13.55,0.70932,0.5513,0.25862,0.81097,""
M1209.76T16.68,0.70923,0.55135,0.25857,0.81097,""
M1108.1T17.56,0.70517,0.55373,0.2567,0.81343,""
M1086.78T17.55,0.69945,0.5571,0.25406,0.81732,""
M1121.78T12.55,0.69586,0.55923,0.25241,0.81939,""
M1701.38T13.51,0.69435,0.56013,0.25171,0.81939,""
M1057.79T12.54,0.69343,0.56067,0.25129,0.81939,""
M1070.78T17.56,0.69046,0.56244,0.24993,0.8196,""
M1836.32T13.55,0.68978,0.56284,0.24961,0.8196,""
M1668.44T13.55,0.68954,0.56298,0.24951,0.8196,""
M1814.39T13.55,0.68489,0.56576,0.24737,0.82259,""
M1530.7T16.98,0.68279,0.56701,0.24641,0.82303,""
M1463.96T13.55,0.68197,0.56751,0.24603,0.82303,""
M917.8T18.15,0.67825,0.56974,0.24432,0.82522,""
M186.96T7.54,0.67354,0.57257,0.24217,0.82736,""
M1070.12T17.56,0.67337,0.57268,0.24209,0.82736,""
M644.87T18.05,0.67054,0.57439,0.24079,0.82878,""
M243.89T1588.97,0.66504,0.57772,0.23828,0.83254,""
M1154.77T17.56,0.66219,0.57945,0.23698,0.83397,""
M1046.79T11.73,0.65963,0.58101,0.23581,0.83516,""
M1284.74T17.56,0.65619,0.58312,0.23424,0.83612,""
M1252.75T17.55,0.65556,0.5835,0.23396,0.83612,""
M1494.7T17.06,0.65493,0.58389,0.23367,0.83612,""
M324.92T20.56,0.65197,0.5857,0.23232,0.83617,""
M909.31T17.56,0.65179,0.58581,0.23224,0.83617,""
M1344.23T13.55,0.65051,0.5866,0.23166,0.83617,""
M1398.72T17.56,0.65006,0.58687,0.23145,0.83617,""
M725.86T12.54,0.64888,0.5876,0.23092,0.83617,""
M1084.78T17.56,0.64704,0.58873,0.23008,0.83669,""
M1282.03T16.56,0.6459,0.58943,0.22956,0.83669,""
M835.83T17.56,0.64328,0.59105,0.22837,0.83699,""
M1438.71T16.56,0.64317,0.59112,0.22833,0.83699,""
M1334.73T17.55,0.64059,0.59271,0.22716,0.83809,""
M1146.11T12.55,0.63953,0.59337,0.22667,0.83809,""
M827.83T17.56,0.63781,0.59444,0.22589,0.83824,""
M1756.66T13.55,0.63698,0.59495,0.22552,0.83824,""
M1184.76T17.56,0.63088,0.59874,0.22276,0.84254,""
M990.14T17.56,0.62854,0.60021,0.2217,0.84351,""
M1302.74T17.54,0.62741,0.60091,0.22119,0.84351,""
M1021.29T17.56,0.62291,0.60373,0.21916,0.84442,""
M1617.69T13.55,0.62256,0.60395,0.219,0.84442,""
M1085.78T17.56,0.62084,0.60503,0.21822,0.84442,""
M1890.63T14.08,0.62075,0.60509,0.21818,0.84442,""
M1821.98T13.55,0.62045,0.60528,0.21805,0.84442,""
M968.81T12.55,0.61528,0.60853,0.21572,0.8461,""
M1730.67T13.55,0.61372,0.60951,0.21502,0.8461,""
M1102.28T16.56,0.61303,0.60995,0.21471,0.8461,""
M1003.79T17.56,0.61301,0.60996,0.2147,0.8461,""
M1341.42T17.55,0.61251,0.61028,0.21447,0.8461,""
M1061.79T17.56,0.61145,0.61095,0.214,0.8461,""
M1075.29T13.42,0.60956,0.61214,0.21315,0.84672,""
M1785.33T13.55,0.60636,0.61417,0.21171,0.8485,""
M1227.76T17.55,0.60287,0.61638,0.21015,0.85052,""
M1364.73T17.55,0.59955,0.6185,0.20866,0.85165,""
M925.82T12.55,0.59851,0.61916,0.2082,0.85165,""
M937.81T17.56,0.59738,0.61989,0.20769,0.85165,""
M1239.75T17.55,0.59636,0.62054,0.20723,0.85165,""
M1262.75T17.56,0.59571,0.62095,0.20694,0.85165,""
M739.35T12.55,0.59267,0.6229,0.20558,0.8533,""
M1509.45T13.55,0.5904,0.62436,0.20457,0.85426,""
M1142.28T13.6,0.58651,0.62686,0.20283,0.85665,""
M1106.28T13.55,0.58493,0.62787,0.20213,0.85701,""
M985.47T12.55,0.58113,0.63032,0.20044,0.85819,""
M1040.8T12.55,0.57995,0.63108,0.19991,0.85819,""
M1335.73T17.55,0.57906,0.63166,0.19952,0.85819,""
M1576.95T13.55,0.57891,0.63176,0.19945,0.85819,""
M1461.71T12.67,0.57579,0.63378,0.19806,0.85991,""
M1650.18T13.55,0.57353,0.63524,0.19706,0.86001,""
M1001.3T17.55,0.57265,0.63582,0.19667,0.86001,""
M980.13T17.56,0.57103,0.63686,0.19595,0.86001,""
M1342.73T17.56,0.57049,0.63722,0.19571,0.86001,""
M1333.74T12.55,0.56985,0.63764,0.19543,0.86001,""
M1619.35T13.55,0.56719,0.63936,0.19425,0.86123,""
M1196.76T17.56,0.56518,0.64068,0.19336,0.86123,""
M1078.79T12.55,0.5625,0.64243,0.19218,0.86123,""
M1421.72T17.55,0.56187,0.64284,0.19189,0.86123,""
M1208.09T12.61,0.56153,0.64307,0.19174,0.86123,""
M1130.47T13.55,0.56117,0.6433,0.19159,0.86123,""
M906.33T13.55,0.55861,0.64498,0.19046,0.86123,""
M1409.23T13.54,0.55774,0.64555,0.19007,0.86123,""
M1616.44T13.55,0.55701,0.64603,0.18975,0.86123,""
M1103.29T12.55,0.55623,0.64654,0.18941,0.86123,""
M895.82T17.56,0.55572,0.64687,0.18918,0.86123,""
M1803.65T13.55,0.55456,0.64763,0.18867,0.86124,""
M762.85T11.54,0.55016,0.65053,0.18673,0.86408,""
M843.82T18.56,0.54769,0.65216,0.18565,0.86523,""
M1402.73T12.55,0.54206,0.65588,0.18317,0.86873,""
M1280.25T13.55,0.5414,0.65632,0.18288,0.86873,""
M1192.02T13.55,0.54017,0.65714,0.18234,0.86879,""
M1175.76T17.47,0.53409,0.66117,0.17969,0.87312,""
M1757.66T13.6,0.53036,0.66366,0.17805,0.87539,""
M1015.8T13.55,0.52492,0.6673,0.17568,0.87916,""
M764.84T11.54,0.51801,0.67193,0.17268,0.88125,""
M1012.81T12.55,0.51729,0.67242,0.17236,0.88125,""
M1709.67T13.55,0.51686,0.6727,0.17218,0.88125,""
M1549.41T14.54,0.51681,0.67274,0.17215,0.88125,""
M773.85T12.55,0.51544,0.67366,0.17156,0.88125,""
M1560.44T13.55,0.51483,0.67407,0.1713,0.88125,""
M1272.75T12.55,0.51307,0.67526,0.17053,0.88125,""
M931.15T13.54,0.51082,0.67677,0.16956,0.88125,""
M899.49T17.56,0.50794,0.67872,0.16831,0.88125,""
M1882.88T13.55,0.50794,0.67872,0.16831,0.88125,""
M1271.25T13.55,0.50783,0.6788,0.16826,0.88125,""
M943.31T12.55,0.50751,0.67901,0.16812,0.88125,""
M1147.45T13.11,0.50656,0.67965,0.16771,0.88125,""
M1566.7T12.67,0.50628,0.67984,0.16759,0.88125,""
M1419.72T12.55,0.50529,0.68051,0.16717,0.88125,""
M1485.45T13.55,0.50199,0.68274,0.16574,0.88314,""
M1184.1T12.55,0.4983,0.68525,0.16415,0.88397,""
M1889.97T13.55,0.49648,0.68649,0.16337,0.88397,""
M1814.65T13.55,0.49541,0.68722,0.1629,0.88397,""
M933.32T12.54,0.49522,0.68735,0.16282,0.88397,""
M962.8T17.56,0.49329,0.68866,0.16199,0.88397,""
M1799.33T13.55,0.49229,0.68934,0.16157,0.88397,""
M1024.8T12.54,0.49221,0.6894,0.16153,0.88397,""
M1722.98T13.55,0.49132,0.69001,0.16115,0.88397,""
M1123.28T17.56,0.49021,0.69076,0.16067,0.88397,""
M1212.43T14.57,0.48963,0.69116,0.16042,0.88397,""
M978.15T11.61,0.4858,0.69378,0.15878,0.88632,""
M1155.78T12.55,0.48239,0.69611,0.15732,0.88706,""
M1431.72T17.4,0.48205,0.69634,0.15718,0.88706,""
M1702.42T13.55,0.48153,0.6967,0.15695,0.88706,""
M1260.5T13.55,0.48036,0.6975,0.15645,0.88709,""
M1402.05T13.55,0.47561,0.70076,0.15443,0.89004,""
M1729.92T13.55,0.47403,0.70185,0.15376,0.89004,""
M612.88T11.54,0.47349,0.70222,0.15353,0.89004,""
M1588.01T13.55,0.47135,0.7037,0.15261,0.89004,""
M1001.81T17.56,0.4704,0.70435,0.15221,0.89004,""
M1199.75T17.56,0.47016,0.70452,0.15211,0.89004,""
M1166.77T17.55,0.46817,0.70589,0.15126,0.89078,""
M1797.15T13.55,0.46682,0.70682,0.15069,0.89097,""
M1559.96T13.55,0.46507,0.70803,0.14995,0.89151,""
M1320.74T17.4,0.46133,0.71062,0.14836,0.89269,""
M1061.79T12.55,0.4595,0.71188,0.14759,0.89269,""
M1363.74T12.55,0.45812,0.71284,0.14701,0.89269,""
M1206.09T12.55,0.45692,0.71368,0.1465,0.89269,""
M761.85T12.54,0.45684,0.71373,0.14647,0.89269,""
M1306.75T12.55,0.45604,0.71428,0.14613,0.89269,""
M1650.02T13.54,0.45454,0.71533,0.14549,0.89269,""
M702.37T13.55,0.4544,0.71542,0.14544,0.89269,""
M1626.01T13.01,0.45319,0.71626,0.14493,0.89269,""
M1694.67T13.55,0.45106,0.71774,0.14403,0.89269,""
M1317.74T17.56,0.45014,0.71838,0.14364,0.89269,""
M1274.74T17.56,0.44836,0.71962,0.14289,0.89269,""
M761.84T18.56,0.44789,0.71995,0.1427,0.89269,""
M1016.14T12.55,0.44621,0.72112,0.14199,0.89269,""
M777.86T13.55,0.44502,0.72195,0.14149,0.89269,""
M1234.75T17.56,0.44465,0.72221,0.14134,0.89269,""
M1372.99T13.55,0.44425,0.72249,0.14117,0.89269,""
M1266.75T17.56,0.44321,0.72322,0.14073,0.89269,""
M1502.46T13.55,0.44225,0.72389,0.14033,0.89269,""
M1137.78T17.56,0.43429,0.72945,0.13701,0.8982,""
M970.48T13.55,0.4336,0.72993,0.13672,0.8982,""
M1355.99T13.55,0.43127,0.73157,0.13574,0.89832,""
M1672.4T13.49,0.43085,0.73187,0.13557,0.89832,""
M996.8T17.56,0.42759,0.73415,0.13421,0.89832,""
M1152.1T17.04,0.42726,0.73438,0.13408,0.89832,""
M990.79T18.35,0.42653,0.7349,0.13377,0.89832,""
M1061.13T13.54,0.42571,0.73547,0.13343,0.89832,""
M1848.65T13.55,0.42558,0.73556,0.13338,0.89832,""
M1401.05T13.55,0.42095,0.73882,0.13146,0.90133,""
M245.03T22.3,0.41968,0.73971,0.13094,0.90145,""
M1469.4T13.55,0.41725,0.74143,0.12993,0.90258,""
M1184.43T13.55,0.41163,0.7454,0.12761,0.90613,""
M945.82T11.61,0.41026,0.74636,0.12705,0.90613,""
M899.83T12.55,0.40968,0.74678,0.12681,0.90613,""
M1063.78T17.56,0.40859,0.74754,0.12636,0.90613,""
M618.85T19.56,0.40333,0.75127,0.1242,0.90968,""
M1524.7T13.54,0.40191,0.75227,0.12363,0.90984,""
M1668.68T13.55,0.40089,0.753,0.12321,0.90984,""
M2018.62T13.55,0.39885,0.75444,0.12238,0.91007,""
M1053.79T12.55,0.39659,0.75605,0.12145,0.91007,""
M1322.48T13.55,0.39626,0.75628,0.12132,0.91007,""
M671.36T17.55,0.3961,0.75639,0.12125,0.91007,""
M1095.45T17.55,0.39377,0.75805,0.1203,0.9111,""
M717.85T18.56,0.39078,0.76018,0.11909,0.91269,""
M338.34T1639.2,0.3857,0.76379,0.11703,0.91492,""
M842.81T18.56,0.38568,0.7638,0.11702,0.91492,""
M409.18T18.56,0.38409,0.76493,0.11638,0.91492,""
M786.82T18.57,0.38364,0.76525,0.1162,0.91492,""
M896.81T18.35,0.38011,0.76777,0.11477,0.91681,""
M717.85T11.54,0.37917,0.76844,0.11439,0.91681,""
M1041.46T16.56,0.37747,0.76965,0.1137,0.91683,""
M773.34T12.55,0.37688,0.77008,0.11347,0.91683,""
M1719.17T13.55,0.37455,0.77174,0.11253,0.91709,""
M1671.36T13.55,0.37405,0.7721,0.11233,0.91709,""
M671.86T17.56,0.37311,0.77277,0.11195,0.91709,""
M1225.26T13.55,0.37126,0.77409,0.11121,0.91709,""
M1634.68T13.55,0.37093,0.77432,0.11108,0.91709,""
M1064.79T17.56,0.36779,0.77657,0.10982,0.91879,""
M959.48T16.56,0.36329,0.77979,0.10802,0.92122,""
M1114.77T17.56,0.36266,0.78024,0.10777,0.92122,""
M872.16T17.4,0.35904,0.78283,0.10633,0.92331,""
M1767.99T13.55,0.3524,0.78759,0.1037,0.92659,""
M1456.05T13.55,0.35188,0.78796,0.10349,0.92659,""
M1731.67T13.55,0.35175,0.78805,0.10345,0.92659,""
M1558.03T13.55,0.34849,0.79039,0.10216,0.92718,""
M854.81T18.56,0.34745,0.79113,0.10175,0.92718,""
M1030.79T17.56,0.34563,0.79245,0.10103,0.92718,""
M1035.8T12.55,0.34441,0.79332,0.10055,0.92718,""
M1290.75T12.55,0.34354,0.79394,0.10021,0.92718,""
M1359.74T13.52,0.34311,0.79425,0.10004,0.92718,""
M1731.34T13.55,0.34309,0.79426,0.10004,0.92718,""
M1515.2T13.55,0.34159,0.79534,0.099446,0.92749,""
M1570.69T13.55,0.33905,0.79716,0.098454,0.92793,""
M911.48T17.56,0.33771,0.79812,0.09793,0.92793,""
M1646.68T13.52,0.33765,0.79817,0.097904,0.92793,""
M967.47T17.56,0.33521,0.79992,0.096954,0.92821,""
M1069.46T17.55,0.33256,0.80182,0.095922,0.92821,""
M1679.43T13.55,0.33204,0.8022,0.09572,0.92821,""
M825.51T13.55,0.33192,0.80229,0.09567,0.92821,""
M1378.73T13.55,0.33164,0.80249,0.095562,0.92821,""
M1705.67T13.55,0.32631,0.80631,0.093496,0.93005,""
M1129.78T12.55,0.32601,0.80653,0.09338,0.93005,""
M944.82T12.55,0.326,0.80654,0.093375,0.93005,""
M725.52T13.55,0.32376,0.80815,0.092508,0.93097,""
M978.8T11.54,0.32132,0.8099,0.09157,0.93204,""
M1480.45T13.55,0.31821,0.81213,0.090373,0.93271,""
M1053.79T17.56,0.31687,0.8131,0.089857,0.93271,""
M1516.19T14.52,0.31656,0.81332,0.089739,0.93271,""
M1695.93T13.55,0.31594,0.81377,0.089501,0.93271,""
M1136.28T16.56,0.31234,0.81636,0.088121,0.93432,""
M1022.13T17.55,0.31169,0.81682,0.087874,0.93432,""
M664.85T11.54,0.31055,0.81764,0.087439,0.93432,""
M1265.76T12.55,0.30822,0.81931,0.08655,0.93474,""
M1596.37T13.55,0.30755,0.81979,0.086295,0.93474,""
M1275.74T17.56,0.3056,0.82119,0.085554,0.93474,""
M1212.09T16.56,0.30547,0.82129,0.085503,0.93474,""
M1356.48T14.02,0.30289,0.82314,0.084525,0.93521,""
M1413.22T13.55,0.30261,0.82335,0.084418,0.93521,
M933.83T12.55,0.29723,0.8272,0.082388,0.93543,
M1171.43T17.56,0.29608,0.82803,0.081954,0.93543,
M1205.09T17.55,0.29597,0.82811,0.081912,0.93543,
M1678.17T13.55,0.29573,0.82828,0.081821,0.93543,
M1243.75T17.56,0.29547,0.82847,0.081723,0.93543,
M1484.04T13.55,0.29546,0.82848,0.08172,0.93543,
M1072.78T17.56,0.29204,0.83093,0.080435,0.93727,
M1265.09T13.55,0.28801,0.83382,0.078927,0.9396,
M1701.92T13.55,0.28348,0.83706,0.077243,0.94169,
M1162.76T17.56,0.2817,0.83834,0.076582,0.94169,
M1205.77T17.55,0.28155,0.83844,0.076527,0.94169,
M1350.74T12.54,0.28078,0.83899,0.076242,0.94169,
M1859.64T13.55,0.27926,0.84008,0.075678,0.94199,
M867.82T17.56,0.27524,0.84296,0.074193,0.94428,
M1118.1T13.54,0.27322,0.84441,0.073449,0.94497,
M1804.16T13.55,0.27163,0.84554,0.072866,0.94531,
M1013.8T11.54,0.26982,0.84683,0.072203,0.94582,
M825.83T18.56,0.26585,0.84966,0.070756,0.94805,
M322.92T21.56,0.26441,0.85069,0.07023,0.94827,
M1684.67T13.55,0.2599,0.8539,0.068594,0.94841,
M1035.8T17.56,0.25882,0.85467,0.068201,0.94841,
M1288.74T16.98,0.25759,0.85554,0.06776,0.94841,
M809.84T18.06,0.25709,0.85589,0.06758,0.94841,
M1153.77T17.56,0.25613,0.85658,0.067232,0.94841,
M1536.01T13.6,0.25354,0.85842,0.066301,0.94841,
M774.83T11.54,0.25165,0.85976,0.065624,0.94841,
M1445.05T13.55,0.25024,0.86076,0.065118,0.94841,
M1280.42T13.54,0.24966,0.86117,0.064911,0.94841,
M624.87T18.56,0.24696,0.86308,0.063948,0.94841,
M1128.78T17.55,0.24644,0.86345,0.06376,0.94841,
M1638.68T13.55,0.24535,0.86422,0.063376,0.94841,
M1305T13.55,0.24531,0.86425,0.063359,0.94841,
M1101.46T14.08,0.24474,0.86466,0.063157,0.94841,
M946.82T16.55,0.24251,0.86623,0.062366,0.94841,
M1298.24T13.55,0.24244,0.86628,0.062342,0.94841,
M1435.72T17.56,0.24134,0.86705,0.061954,0.94841,
M1497.05T13.55,0.24117,0.86718,0.061891,0.94841,
M1284.75T12.55,0.2408,0.86743,0.061763,0.94841,
M1148.77T17.56,0.2377,0.86962,0.060669,0.94841,
M1167.1T17.55,0.23742,0.86982,0.060571,0.94841,
M1251.75T17.56,0.2364,0.87054,0.060212,0.94841,
M1709.34T13.55,0.23627,0.87063,0.060168,0.94841,
M1061.46T12.54,0.23598,0.87083,0.060065,0.94841,
M899.82T17.56,0.23267,0.87316,0.058906,0.95003,
M764.83T18.56,0.23144,0.87403,0.058476,0.95006,
M883.82T18.31,0.22867,0.87597,0.057511,0.95127,
M1263.26T13.6,0.22398,0.87925,0.055886,0.95392,
M1044.8T12.55,0.21849,0.88308,0.053999,0.95716,
M795.84T17.57,0.2169,0.88419,0.053456,0.95745,
M1259.49T13.55,0.2144,0.88593,0.052602,0.95827,
M1386.72T16.56,0.21338,0.88663,0.052256,0.95827,
M1054.79T17.56,0.21174,0.88777,0.051699,0.95859,
M850.82T18.56,0.20837,0.8901,0.050561,0.96019,
M922.15T17.56,0.20696,0.89108,0.050084,0.96034,
M936.15T17.56,0.20427,0.89293,0.049184,0.96142,
M1899.37T13.55,0.19921,0.8964,0.047497,0.96307,
M680.86T18.56,0.19825,0.89706,0.047177,0.96307,
M797.85T17.56,0.19713,0.89783,0.046807,0.96307,
M697.85T18.56,0.19639,0.89834,0.046561,0.96307,
M1525.96T13.55,0.19586,0.89869,0.046388,0.96307,
M1709.01T13.55,0.18674,0.9049,0.043401,0.9688,
M1696.67T13.55,0.17941,0.90984,0.041037,0.97139,
M972.82T12.55,0.17898,0.91013,0.040898,0.97139,
M705.86T12.55,0.17613,0.91203,0.039989,0.97139,
M1357.73T17.55,0.17448,0.91313,0.039465,0.97139,
M1045.79T17.56,0.1739,0.91353,0.039279,0.97139,
M859.82T18.56,0.16991,0.91617,0.038023,0.97139,
M1798.65T13.55,0.1675,0.91777,0.037267,0.97139,
M1100.79T13.54,0.16583,0.91887,0.036745,0.97139,
M1536.7T13.55,0.16503,0.9194,0.036495,0.97139,
M1228.09T17.56,0.16458,0.91969,0.036357,0.97139,
M921.33T13.55,0.16447,0.91977,0.036321,0.97139,
M1438.38T13.55,0.16441,0.9198,0.036305,0.97139,
M918.81T18.56,0.16431,0.91987,0.036272,0.97139,
M1599.43T13.55,0.16379,0.92021,0.036111,0.97139,
M1190.76T17.56,0.16191,0.92145,0.035528,0.97139,
M718.83T19.56,0.1611,0.92198,0.035279,0.97139,
M502.87T19.22,0.16097,0.92206,0.035239,0.97139,
M1257.75T12.55,0.16001,0.92269,0.034945,0.97139,
M1173.44T13.55,0.15771,0.92419,0.034238,0.97207,
M408.91T11.54,0.15421,0.92646,0.033172,0.9734,
M274.94T20.57,0.15248,0.92758,0.032647,0.9734,
M1025.46T17.56,0.1518,0.92802,0.032441,0.9734,
M1865.4T13.55,0.14914,0.92973,0.031643,0.97429,
M544.89T11.54,0.14706,0.93107,0.03102,0.97479,
M1310.08T13.55,0.14134,0.9347,0.029326,0.97554,
M740.86T12.55,0.14103,0.9349,0.029237,0.97554,
M1047.46T12.55,0.13928,0.936,0.028725,0.97554,
M1343.73T17.56,0.13861,0.93642,0.028528,0.97554,
M1058.12T17.56,0.13819,0.93669,0.028405,0.97554,
M978.79T18.56,0.1378,0.93693,0.028292,0.97554,
M981.47T17.4,0.13546,0.9384,0.027612,0.97589,
M1127.27T17.56,0.13342,0.93967,0.027025,0.97589,
M833.83T17.56,0.13315,0.93984,0.026946,0.97589,
M1015.79T18.56,0.13078,0.94131,0.026269,0.97626,
M1830.65T13.55,0.12979,0.94192,0.025987,0.97626,
M1235.09T12.55,0.11749,0.9494,0.022551,0.98312,
M1375.23T16.56,0.115,0.95089,0.021871,0.98361,
M981.81T12.55,0.11379,0.9516,0.021544,0.98361,
M1245.27T12.6,0.10956,0.9541,0.020406,0.98467,
M1125.44T17.55,0.10797,0.95503,0.019985,0.98467,
M1370.72T17.04,0.10637,0.95596,0.019561,0.98467,
M795.84T12.55,0.10379,0.95745,0.018886,0.98467,
M911.81T18.56,0.10354,0.95759,0.01882,0.98467,
M1217.76T17.56,0.10173,0.95863,0.018348,0.98467,
M1537.02T14.08,0.096396,0.96165,0.016984,0.98467,
M1041.47T12.55,0.095476,0.96216,0.016751,0.98467,
M569.88T19.56,0.095192,0.96232,0.016679,0.98467,
M256.93T20.56,0.095003,0.96243,0.016632,0.98467,
M1186.76T17.56,0.093987,0.96299,0.016376,0.98467,
M1538.45T13.55,0.092861,0.96362,0.016095,0.98467,
M766.83T19.56,0.092385,0.96388,0.015976,0.98467,
M1299.74T17.54,0.085311,0.96774,0.014243,0.98734,
M692.85T18.56,0.084383,0.96823,0.01402,0.98734,
M845.84T13.55,0.07734,0.97194,0.01236,0.99023,
M891.83T12.55,0.074162,0.97357,0.011631,0.99101,
M1529.71T13.54,0.069595,0.97587,0.010607,0.99246,
M1002.13T17.56,0.067148,0.97708,0.010069,0.9928,
M984.29T13.55,0.061498,0.97981,0.0088601,0.99292,
M1197.1T13.55,0.059407,0.98079,0.0084244,0.99292,
M1147.77T17.56,0.057523,0.98166,0.0080376,0.99292,
M1327.24T13.55,0.052374,0.98399,0.0070088,0.99292,
M1103.79T12.55,0.051778,0.98425,0.0068924,0.99292,
M1296.07T17.56,0.049178,0.98539,0.0063919,0.99292,
M1500.7T17.55,0.049129,0.98541,0.0063826,0.99292,
M1618.69T13.55,0.047841,0.98596,0.0061391,0.99292,
M1216.76T17.55,0.045836,0.98681,0.0057656,0.99292,
M970.81T12.01,0.045096,0.98712,0.0056297,0.99292,
M696.84T19.05,0.044661,0.9873,0.0055502,0.99292,
M1848.4T13.55,0.04375,0.98768,0.0053849,0.99292,
M934.15T16.56,0.029745,0.993,0.003051,0.99739,
M1222.08T17.56,0.022494,0.99536,0.0020178,0.99837,
M1114.12T11.63,0.018695,0.99647,0.0015336,0.99837,
M1116.77T17.56,0.018201,0.99661,0.0014738,0.99837,
M1071.78T17.56,0.011644,0.99826,0.00075825,0.99913,
M1780.66T13.55,0.004468,0.99958,0.00018135,0.99958,
