"","PC1","PC2","PC3","PC4","PC5"
"M375.07T470.729",0.045462,0.0090947,0.0082557,0.028327,-0.77998
"M354.093T469.671",0.04636,0.0079023,0.006373,0.026107,0.2703
"M437.041T470.729",0.045173,0.011611,0.0047438,0.025342,-0.10335
"M757.441T1176.453",-0.0016232,-0.012035,-0.02465,0.084455,0.54337
"M881.515T1351.787",0.027065,-0.0067225,-0.039747,0.014595,-0.0040933
"M511.24T944.134",0.034711,-0.020116,-0.0037711,-0.02265,-0.002459
"M557.187T899.436",0.033568,-0.045997,0.0075575,0.033628,-0.00048365
"M758.447T1173.243",0.020837,0.0077906,-0.040592,0.035516,-0.0019328
"M854.516T1290.85",0.013939,0.040344,-0.033802,0.011738,-0.0024987
"M1013.86T1346.532",0.02821,-0.002749,0.006462,0.018721,-0.0040971
"M627.643T1193.32",0.022921,0.022441,-0.026197,-0.019382,-0.0027304
"M941.508T1318.851",0.020152,-0.017657,-0.031618,-0.028056,0.0012099
"M701.418T1268.098",-0.0024841,-0.020031,-0.028439,0.043275,-5.9482e-05
"M875.467T1241.171",0.017651,0.038467,-0.023783,0.010846,0.00067119
"M1085.513T1348.399",0.03612,-0.012601,-0.011125,-0.019936,-0.0010113
"M466.978T106.664",0.0025042,-0.003076,0.0065591,-0.060587,0.00078082
"M861.451T1062.153",-0.022219,0.011734,-0.035478,-0.020885,0.0015925
"M545.297T1155.639",0.034268,-0.032784,-0.013289,0.0037613,0.0016434
"M1059.606T1053.565",0.031805,-0.035629,-0.011787,0.024749,-0.0019361
"M1096.195T893.605",-0.0080972,0.040295,-0.037379,-0.075637,-0.0006547
"M180.067T785.272",-0.005957,-0.024776,0.075098,-0.01954,0.0081446
"M633.053T106.254",0.02358,-0.019771,-0.0088548,-0.012184,0.0036097
"M1014.89T1344.191",0.031287,0.0016621,0.02595,-0.00667,0.0033465
"M473.173T806.642",0.013253,0.037477,-0.0274,0.0066858,-0.00010776
"M1269.507T907.7",-0.028327,0.022263,-0.027601,-0.023157,-0.0083335
"M985.574T1225.672",0.028676,-0.0056575,0.030632,-0.0039033,-0.0018118
"M1030.586T1195.906",0.023396,-0.004526,-0.0052997,-0.012488,-0.0023464
"M1097.549T894.492",-0.013761,0.013729,-0.048759,0.030228,-0.0017762
"M851.912T1326.892",-0.0064779,0.04037,-0.013376,0.026364,0.0035169
"M983.568T1252.43",0.019398,0.018113,-0.010484,0.041763,0.00032225
"M457.19T799.683",0.025146,-0.0073507,0.0053011,-0.0093623,0.0033529
"M821.506T1329.663",0.030017,0.016994,0.0048653,0.0090343,3.6413e-05
"M768.448T1315.096",0.038243,0.0051636,-0.0067373,0.020371,0.0028865
"M531.078T845.355",-0.0091875,0.062307,-0.042564,0.049279,0.00095823
"M309.118T727.508",-0.0082695,0.040898,0.016435,0.017442,-0.0001702
"M655.999T943.196",-0.031485,-0.025635,0.013063,-0.04872,-0.0046683
"M277.129T811.716",0.03875,0.0037006,0.019709,-0.0029252,0.0020303
"M649.026T106.128",0.034299,-0.017406,-0.017324,-0.011569,0.00087342
"M1097.561T894.34",-0.03103,0.048128,-0.027631,0.045641,-0.0074133
"M921.374T936.829",0.041121,0.010741,0.033126,-0.0088157,0.0015176
"M851.794T1356.146",-0.00067219,-0.024382,-0.018194,0.057117,0.00091095
"M451.007T107.467",0.0095883,-0.02984,0.013595,-0.051323,0.00034517
"M1100.582T1225.322",0.027709,-0.0038197,0.0015405,-0.029169,-0.0016242
"M649.302T900.549",0.033736,0.0025039,-0.014419,-0.0030005,0.0018422
"M1161.883T894.146",-0.016532,0.047551,-0.032191,-0.035869,0.0025633
"M286.972T107.919",0.012672,-0.019868,-0.0050467,-0.032953,0.0047716
"M581.318T900.123",0.034302,-0.0035034,-0.0030437,-0.029369,0.0030656
"M1014.585T1348.471",0.036262,-0.011565,0.0088583,-0.011732,0.0051608
"M799.289T814.54",0.026662,-0.0066113,-0.008118,0.041888,0.0045581
"M1053.272T316.465",0.034901,-0.016244,-0.012422,-0.011613,0.00091929
"M1097.037T893.528",-0.028536,-0.015485,-0.033816,0.020037,-0.0011288
"M869.849T1307.413",0.021088,0.01476,-0.011953,-0.03504,0.0028786
"M1071.559T892.477",-0.021278,0.016877,-0.026907,0.012991,-0.0027169
"M1000.263T316.358",0.02597,-0.00082188,-0.017576,-0.051278,-0.0016537
"M767.194T317.413",0.033591,0.0071049,0.0032778,-0.0093742,-0.00035295
"M280.961T95.439",0.0094769,-0.0032254,0.0034165,-0.084821,0.0028763
"M650.407T1378.088",0.040238,-0.012771,-0.0038253,-0.0032078,-0.00050876
"M653.891T318.024",0.033787,-0.017272,-0.010063,0.033911,0.00069052
"M560.841T1187.938",0.020603,0.027383,-0.0023703,0.018536,-0.002543
"M354.957T108.842",0.024966,-0.0035481,-0.019547,-0.011845,-0.00085992
"M206.082T164.917",-0.030727,0.0074607,0.029788,-0.058218,0.0013832
"M1161.521T895.466",-0.021698,0.025371,-0.032862,-0.0066914,-0.0055485
"M418.218T902.438",0.040024,0.009746,0.020921,-0.047536,0.0037758
"M632.783T316.499",0.0343,0.0090361,-0.01807,-0.016923,-0.0012366
"M451.218T291.531",0.034721,0.021978,0.011195,-0.0098755,0.00093553
"M344.099T126.621",0.035132,0.0064366,0.01446,-0.031316,0.0044254
"M653.691T320.692",-0.0013043,0.040743,-0.022463,-0.028755,-0.001659
"M385.113T835.894",0.039436,-0.018868,0.0781,0.018751,0.0082737
"M627.229T851.009",0.038529,-0.017976,0.04184,-0.031735,0.00065654
"M885.489T1408.277",0.033066,0.0089271,-0.0090536,-0.0088386,0.0026564
"M645.124T781.203",-0.026695,0.011625,0.0085534,0.033822,-0.0031634
"M942.469T1308.469",0.02624,-0.016934,-0.024404,-0.026798,0.00091552
"M421.069T767.549",0.039183,0.012188,-0.031506,0.043167,-0.0028457
"M643.245T813.714",0.030832,-0.010064,0.032178,-0.010513,-0.00089281
"M745.161T766.586",0.034452,0.015985,0.01563,0.02922,0.0012286
"M442.823T96.43",0.0010134,0.0091566,0.024853,0.075708,-0.0025778
"M316.508T323.984",0.020504,-0.00064286,-0.023098,0.013251,-2.8423e-05
"M729.273T847.264",0.034122,-0.00018703,-0.014738,-0.020383,-0.00033116
"M417.764T850.924",0.041051,0.0079863,0.008451,-0.027608,-0.001985
"M442.938T91.386",-0.0042888,-0.032553,0.0332,0.018533,-0.0054614
"M653.752T320.843",0.020967,0.014616,-0.015903,-0.0067386,-0.00023046
"M683.129T316.242",0.033884,-0.0079273,-0.046214,-0.035889,0.0029667
"M653.783T316.318",0.02739,-0.0065009,-0.0031048,-0.019114,0.0027874
"M489.058T766.222",0.046979,-0.02035,-0.0035558,0.036473,0.0047527
"M327.108T784.235",0.014627,0.0042558,0.024284,-0.01568,-0.0010035
"M633.494T312.856",-0.0096475,0.02078,0.045563,-0.0027637,-0.0021085
"M851.819T1425.446",0.034739,-0.0031389,0.011561,0.084371,-0.01103
"M530.968T106.005",0.030204,0.0048191,-0.018222,0.017868,-0.0048832
"M1009.607T1323.757",0.03029,-0.018025,-0.0021076,-0.012042,0.0026985
"M653.717T312.26",-0.0087664,0.026788,0.0087715,-0.041718,-0.0011782
"M1031.899T1225.646",0.018742,-0.011236,0.011364,0.013389,-0.0029303
"M297.119T136.686",0.027964,0.015876,0.001878,0.015067,0.00031374
"M769.419T945.253",0.035158,-0.0021877,0.012461,0.038701,0.0034438
"M1201.918T909.936",0.0082844,0.064095,-0.015127,-0.0018239,0.0055293
"M864.188T806.912",-0.010446,0.0082661,-0.032507,-0.03483,-0.0057879
"M865.489T1291.829",0.017068,-0.00166,-0.033981,0.0035925,-0.0013343
"M799.191T949.166",0.011436,-0.03282,-0.013628,-0.039272,0.00055729
"M1263.489T907.902",-0.021231,0.039472,-0.018412,-0.014735,0.0047213
"M451.174T880.577",0.044819,0.036626,0.033471,-0.016284,0.0030653
"M405.08T802.267",0.024697,-0.011167,-0.015958,0.033025,-0.0017822
"M309.119T137.634",0.040942,0.0017986,0.038906,-0.005124,0.0050448
"M385.077T746.611",-0.024706,0.02157,0.0080662,-0.025703,0.0012437
"M192.103T133.173",-0.032325,-0.02454,-0.029434,-0.032901,9.7965e-05
"M1030.642T1193.369",0.018956,0.011217,-0.0085153,-0.030025,0.0011574
"M723.577T942.094",-0.0084909,-0.011447,-0.081967,-0.002981,-0.00087553
"M1071.439T878.893",0.047133,0.021169,0.044299,-0.0090143,-0.0038496
"M1069.501T1402.821",0.027647,-0.0308,-0.016892,0.043041,0.0031766
"M281.07T709.104",0.0074218,0.0086983,-0.04194,-0.021709,0.0035735
"M577.137T781.037",-0.029422,0.018293,-0.018126,0.056878,-0.00060802
"M397.075T138.684",0.029843,0.017692,-0.006367,-0.019309,-0.00031221
"M653.861T317.501",0.030863,0.005797,-0.0028504,-0.0030773,0.0049835
"M375.104T216.821",0.037433,0.0079393,-0.015281,-0.019072,0.00078777
"M384.097T310.658",0.025532,0.016909,-0.02453,-0.0043523,0.0019731
"M591.094T89.826",0.024616,0.027582,-0.029656,0.0049791,-0.0019911
"M351.085T316.423",0.031033,-0.003544,-0.010592,0.0018914,-0.0019818
"M460.969T105.772",0.029562,-0.0096517,-0.049738,0.0098667,-0.0068864
"M241.033T103.182",0.0069571,-0.00033108,-0.037455,-0.021705,-0.0017031
"M665.267T889.419",0.031903,0.020686,-0.024311,-0.014005,-0.0012856
"M969.939T315.438",0.026373,-0.036161,-0.0051041,0.068157,-0.0030548
"M1333.355T942.499",-0.015542,-0.010782,-0.044371,-0.0058815,-0.0043697
"M319.083T845.914",0.031514,-0.016107,-0.010989,0.011799,-0.00105
"M289.065T88.687",0.03224,-0.010643,-0.042342,-0.050173,-0.0018208
"M289.086T1163.856",0.029823,0.012247,0.019439,-0.038729,0.0026505
"M655.873T943.419",0.02327,0.0007902,-0.026907,0.014839,-0.0015356
"M642.242T817.768",0.032006,-0.02227,0.023016,0.012708,-0.00024436
"M695.12T755.765",-0.025777,0.090126,-0.055256,-0.0037872,0.0011216
"M487.016T806.181",0.025398,0.030783,0.021054,0.02194,-0.0018401
"M967.561T1349.704",0.03235,-0.019279,0.0051707,-0.016571,0.00099487
"M821.606T900.199",0.044208,-0.01425,-0.0012445,0.0073025,-0.0030492
"M1095.063T894.34",-0.032455,0.026464,-0.015667,-0.012029,0.0066592
"M279.139T1150.344",0.034145,-0.084138,0.01227,-0.00060829,-0.0015713
"M579.301T894.416",0.029793,-0.018992,-0.016777,-0.014632,0.00028644
"M367.102T765.544",0.041151,0.0012374,-0.01672,0.01169,0.0066503
"M585.15T892.945",0.038253,0.021119,-0.028453,0.005568,0.00042883
"M988.312T316.465",0.033355,0.0078311,0.0058171,-0.0066036,0.002246
"M735.437T1351.512",0.024485,-0.012472,-0.034673,-0.013754,0.0014526
"M633.697T313.008",0.035538,0.050127,0.037003,-0.0035828,-0.00076356
"M851.154T319.552",0.023388,0.0049644,-0.025862,-9.679e-05,0.0023076
"M265.093T134.502",0.032591,-0.02195,0.0068922,-0.0037088,0.00035344
"M575.708T1045.732",-0.0059565,0.03968,-0.056125,0.031848,-0.0053382
"M657.063T941.851",0.00042258,-0.015562,-0.062959,0.051527,-0.0028106
"M632.663T319.55",0.03238,0.0033771,0.01627,-0.0073904,0.0040062
"M593.543T760.107",-0.023443,0.063076,-0.058713,0.00026953,-0.0026557
"M809.433T1339.33",0.021103,0.0024334,-0.01067,0.040623,-0.0020898
"M1296.442T316.362",0.041321,0.00023059,0.019706,-0.015761,0.0052036
"M654.008T318.692",0.039143,0.021091,0.0044839,0.016483,-0.0044098
"M923.402T931.508",0.052513,0.0051856,0.021637,-0.019027,0.00096212
"M428.2T856.891",0.048352,0.0095922,-0.0091508,-0.002384,0.004364
"M281.069T746.743",0.023813,-0.012948,-0.0043214,0.0067887,0.0026113
"M703.247T844.715",0.036026,-0.018035,0.02303,-0.0042673,0.0043015
"M590.015T907.684",-0.030837,0.036792,-0.033009,-0.014687,0.0058061
"M455.081T704.884",0.018307,0.035654,-0.0356,-0.0059214,0.0045587
"M970.813T317.253",0.036372,-0.011175,0.01411,-0.0075077,0.0042903
"M997.575T1403.78",0.030718,-0.032995,-0.017986,-0.0094128,0.0018041
"M1053.286T316.584",0.034333,0.001264,0.014525,0.0015058,-0.0021541
"M575.926T1053.198",0.034061,-0.027756,-0.016479,0.0079009,-0.0026528
"M1163.085T907.707",-0.070516,0.067178,-0.0046278,-0.021231,-0.0057347
"M421.636T753.774",-0.0020335,0.033104,-0.033487,0.063922,-9.9886e-05
"M709.31T874.193",0.035313,-0.0021514,-0.0034031,-0.019851,0.0038672
"M361.589T316.501",0.030094,-0.015756,-0.0078322,0.018084,-0.0016731
"M517.099T802.454",-0.01077,0.011518,0.0061708,-0.031059,0.0021301
"M404.065T806.181",0.014659,0.05371,-0.012466,0.0025575,-0.0029031
"M982.374T904.236",0.040804,0.0012298,0.017956,0.00081865,0.00013567
"M383.433T314.152",0.015401,0.014657,-0.049411,0.00075148,-0.0023223
"M362.298T315.255",0.020617,-0.026001,-0.0074554,-0.03262,0.0044069
"M1395.396T991.455",-0.002511,0.022837,-0.012121,-0.072667,0.00080167
"M481.183T769.795",0.021586,0.016644,-0.071891,-0.0049804,0.0064252
"M407.173T414.983",-0.0033584,-0.009239,-0.029892,-0.10305,0.0051418
"M1297.451T316.098",0.041595,0.0018506,0.036516,-0.017004,-0.00039557
"M727.283T864.823",0.043424,-0.010038,-0.0082341,-0.0014452,-0.0020956
"M429.387T309.562",0.0355,0.027112,-0.010523,-0.008254,0.010488
"M1031.84T1213.333",0.011374,-0.024718,-0.021375,-0.026397,-0.00087922
"M937.515T1306.76",0.029433,-0.0077873,0.013703,-0.01581,0.0037639
"M570.518T894.146",-0.013316,-0.016092,-0.036035,-0.044591,-0.002214
"M1162.717T895.445",-0.01548,0.0061116,-0.03163,0.017158,-0.002016
"M289.446T802.654",-0.020766,0.025992,-0.03664,0.040923,-0.0016136
"M970.001T316.098",0.025519,-0.022313,-0.010759,0.025026,0.0019804
"M647.193T836.421",0.030447,0.0079904,0.040565,0.0042321,0.003611
"M863.184T809.21",-0.01491,-0.0037268,-0.050919,-0.024368,-0.0010958
"M565.23T844.341",0.026883,-0.013233,-0.028572,-0.0075297,-0.00080794
"M293.118T1042.937",0.041734,-0.045515,0.054739,0.096898,-0.0062418
"M483.209T897.853",0.038556,-0.0084189,-0.001522,-0.0029801,-0.00067637
"M1094.047T894.516",-0.029388,0.029868,-0.028023,-0.017807,0.0028893
"M317.087T121.975",0.030172,0.017673,-0.017019,-0.0043947,0.0021472
"M909.388T926.435",0.047287,0.029509,0.056059,-0.00080321,0.00066858
"M549.258T834.983",0.050728,0.007686,0.068093,0.011202,-0.0020191
"M643.039T106.784",0.026838,0.019734,-0.032973,-0.039729,0.00069676
"M415.744T872.34",0.033753,0.003115,0.027244,-0.0014335,-0.00053198
"M451.125T735.96",0.034254,0.0064269,0.020697,0.019796,0.0044704
"M409.075T744.412",0.019003,0.023786,-0.041167,0.023319,0.0025791
"M457.136T788.61",0.043933,0.026187,0.019354,0.0027642,-0.00029485
"M311.138T170.155",0.034708,-5.1531e-05,-0.022181,-0.007253,0.0033915
"M593.763T756.056",-0.024672,0.075043,-0.047598,0.014081,-0.0032909
"M392.068T765.784",0.009216,-0.00049202,-0.02768,0.0075722,0.00086914
"M433.661T789.942",0.0389,-0.00035699,-0.012237,-0.0037533,-0.00015552
"M919.493T1102.884",0.017192,-0.017808,-0.05359,-0.045131,0.0003038
"M870.649T1317.21",0.0033204,-0.045725,0.028828,-0.010464,0.00055472
"M437.044T765.875",0.041974,-0.0063685,0.001997,0.017544,-0.0014306
"M861.253T1033.436",0.023594,0.053109,-0.032249,0.012808,-0.002825
"M715.427T310.719",-0.0024258,-0.052706,0.00058449,0.020209,0.0018166
"M1095.84T892.791",0.01402,-0.034146,-0.062705,0.097081,0.0065845
"M485.168T916.74",0.039239,-0.0082104,0.0080165,0.00042275,0.0038154
"M355.433T783.665",0.041027,0.028971,-0.018706,0.060814,-0.0004197
"M313.119T883.187",0.037551,0.0049879,0.098756,-0.00010984,-0.0067102
"M433.039T456.919",0.040264,0.066421,-0.021387,0.10212,0.0021665
"M447.259T942.596",0.022475,-0.013176,-0.016442,0.008563,0.0026471
"M355.067T660.488",-0.0069433,0.020339,-0.0010895,-0.048956,-0.0015936
"M1134.038T907.684",-0.045883,0.04339,0.00018472,-0.045442,0.0068063
"M819.254T316.358",0.036085,-0.0040008,0.0056349,-0.016512,0.0058248
"M383.609T322.831",0.021091,0.0073665,-0.03736,0.017118,-0.0032481
"M341.31T626.276",0.040987,-0.02261,-0.018249,-0.0017855,-0.00023438
"M579.151T798.32",-0.019445,0.045283,0.0022423,0.020102,0.0017731
"M784.154T761.471",0.033981,0.00075022,-0.017728,0.0039307,-0.00023515
"M323.187T1016.246",0.039416,-0.0231,-0.044698,-0.0036928,0.0015935
"M1099.581T1224.487",0.026987,-0.006849,0.015145,-0.035354,-8.7605e-05
"M206.988T126.118",0.020487,0.01911,-0.019345,0.025087,-0.00211
"M489.691T902.138",0.050478,-0.025464,0.056299,0.032511,0.0061865
"M472.901T67.482",0.026534,0.050599,-0.012312,-0.014649,0.00013317
"M685.228T857.881",0.036105,-0.0084643,0.030932,-0.031208,-0.001839
"M441.162T763.637",0.035073,0.013107,0.028593,-0.004158,0.0060257
"M1137.546T907.004",-0.0085543,0.039166,0.0076412,-0.063068,0.00058906
"M963.275T732.778",0.02753,0.028442,-0.0072669,0.0012157,0.0028972
"M991.316T318.206",0.033045,0.0084887,0.014665,0.011603,-0.0018002
"M867.206T809.129",-0.015677,0.0083729,0.056548,0.032295,-0.0057395
"M403.064T798.991",-0.03004,0.026389,-0.047508,0.013678,-0.0010734
"M836.522T1479.692",0.029299,-0.020386,-0.033093,-0.011178,0.00028707
"M399.275T1363.391",0.014484,-0.019567,-0.017826,-0.024299,0.0013433
"M548.179T817.387",0.032425,-0.021459,0.054741,-0.016657,0.0035047
"M524.183T892.811",0.038144,0.0041907,0.003085,-0.011288,0.00072371
"M518.153T824.178",0.029234,0.0047846,0.019659,-0.0020484,0.0027708
"M1096.548T894.929",-0.020751,0.032823,-0.019943,-0.037187,-0.0039357
"M999.268T316.316",0.03829,-0.013644,-0.01494,-0.015991,0.0035238
"M393.081T756.691",0.033378,-0.024975,-0.027867,-0.012947,-0.0015657
"M836.743T1479.398",0.029755,0.0050256,-0.021373,0.020841,0.0016282
"M529.154T821.794",0.039775,-0.021803,0.01518,0.012374,-0.0032355
"M487.212T857.117",0.041187,-0.012376,-0.025316,0.01282,-0.0032058
"M322.969T105.104",0.0072468,-0.030603,0.022619,-0.044708,0.0049308
"M475.146T746.942",0.035881,0.01426,-0.041556,-0.015517,-0.00029228
"M1323.386T316.247",0.032169,-0.024797,0.039101,-0.025626,0.003156
"M438.049T766.588",0.036548,-0.020591,-0.018198,0.026938,-0.0064513
"M1013.583T1347.533",0.034397,-0.014535,0.00044644,-0.0080184,0.0059437
"M407.045T415.442",0.030029,-0.0106,-0.020559,-0.0025999,-0.0021392
"M331.068T223.104",0.027517,0.021696,-0.01263,-0.029764,-0.0018714
"M384.092T841.195",-0.00082992,0.026914,-0.050098,0.039929,0.002116
"M1611.697T937.933",0.050231,-0.0012773,0.039122,0.017941,0.0081874
"M465.105T746.988",-0.0066842,0.025615,-0.06732,0.0078459,0.0018999
"M653.913T316.046",0.034165,-0.0075461,-0.024362,-0.034834,0.00049708
"M969.317T316.321",0.038437,-0.0038777,0.015621,-0.014877,0.0012526
"M354.082T204.227",-0.029744,-0.087525,-0.02819,-0.011146,-0.0071116
"M311.104T1075.82",0.054499,-0.01811,0.019091,0.032547,-0.001565
"M380.071T778.258",0.039321,0.054549,-0.016976,0.019696,0.0030199
"M638.078T817.768",0.037058,0.015225,0.034506,-0.021844,0.0026331
"M735.222T927.83",0.047101,-0.013796,-0.0045545,-0.013091,0.0084193
"M651.317T893.83",0.024659,-0.015391,-0.0053213,-0.019592,-0.0015506
"M1167.557T907.179",-0.03035,0.030556,-0.012315,-0.05841,-0.00037488
"M221.066T891.624",0.040773,0.021194,-0.023941,0.011524,0.0022172
"M204.085T413.719",0.068455,-0.046203,-0.03619,0.030455,-0.0018477
"M621.125T857.148",0.02102,0.013267,-0.031356,-0.08432,-0.0038943
"M453.101T88.055",0.0063039,0.0035093,0.025155,0.052072,-0.0029576
"M1009.554T1308.282",0.022896,-0.02217,-0.014591,0.00023336,-0.001753
"M483.178T941.182",0.039146,-0.011417,-0.050429,-0.045206,0.0042967
"M1057.411T880.24",0.042139,0.020447,0.041318,0.017966,0.0010209
"M478.295T1238.56",-0.00090345,-0.030548,0.018618,-0.030391,0.0019185
"M469.208T948.545",0.046267,0.012836,-0.00063184,0.054183,-0.0076189
"M632.993T321.252",0.035016,-0.0089714,-0.020383,-0.0064494,-0.0010525
"M1308.932T316.358",0.039184,-0.001292,0.019695,-0.021135,0.0037644
"M771.369T883.552",-0.0022685,0.042248,-0.0041069,-0.025618,0.00018724
"M673.289T892.945",0.038703,0.0014088,-0.0048309,-0.019064,0.0021281
"M833.365T968.818",0.050057,0.02017,0.013029,-0.025828,-0.0014325
"M893.38T934.735",0.045931,0.0084579,0.067047,0.0045498,0.0087075
"M393.176T847.594",0.038801,0.010792,-0.014294,-0.0057687,0.0033091
"M653.935T315.929",0.034356,-0.0061937,0.0043169,-0.012896,0.0052932
"M865.491T1326.551",0.02611,0.0018941,-0.0092791,-0.011267,-0.00052154
"M449.202T630.506",0.033742,0.0079907,-0.01341,0.018213,-0.00045093
"M437.065T776.272",0.011247,0.019658,-0.0082833,-0.0024066,0.0019393
"M268.959T125.12",0.036033,0.011573,-0.0086556,-0.0031771,-0.001151
"M551.272T837.928",0.036715,-0.015293,0.046438,0.0085392,0.006841
"M456.197T892.811",0.036383,0.0011429,-0.0030025,-0.023247,0.0033445
"M356.995T88.504",0.017995,-0.018116,0.017262,0.044556,0.0019966
"M567.778T908.116",-0.027538,0.041348,-0.0091735,-0.034699,0.0044826
"M559.667T1200.71",0.0037436,0.036049,0.005822,0.059647,-0.00029729
"M455.193T892.238",0.050633,0.0074615,-0.0086962,-0.051035,0.0035776
"M651.363T1268.695",-0.027381,-0.018822,-0.030736,-0.022167,-0.0024035
"M1255.613T888.434",0.010995,0.030723,-0.039968,0.0056091,0.00031682
"M701.195T940.853",0.013334,0.0065321,-0.033435,-0.0071816,0.0020963
"M573.017T749.518",-0.0090014,0.05629,-0.036394,0.045692,0.0013569
"M587.201T848.147",0.035354,-0.014272,-0.024414,-0.029486,-0.0018805
"M429.419T313.767",0.0080102,0.018818,-0.011735,0.05813,0.0006927
"M1223.501T894.767",0.0097557,0.022369,-0.037246,-0.025393,-0.0021296
"M1014.419T974.744",0.059878,0.013731,0.012179,-0.023361,0.0033791
"M383.555T317.319",0.023832,0.0087868,-0.02791,0.014202,0.00046041
"M743.208T992.462",-0.013774,0.013785,-0.0689,0.0028524,-0.0036653
"M1305.428T315.265",0.039833,-0.0045077,0.021918,-0.011629,0.0012856
"M593.857T757.673",-0.021473,0.068331,-0.056892,0.00030852,0.0054954
"M569.35T895.921",-0.025266,0.058472,-0.038121,0.0010333,0.0028971
"M325.2T1323.486",0.018751,-0.025176,0.0011558,0.033379,0.0025467
"M269.103T792.774",0.034923,-0.0026167,-0.0047564,0.009606,0.0016292
"M637.025T106.841",0.031446,-0.017844,0.0040943,-0.038625,0.0031281
"M334.932T113.331",0.016938,0.017708,-0.03215,0.010113,-0.001725
"M433.784T801.352",0.044235,0.004676,0.022461,0.010469,-0.0019583
"M1197.053T906.963",-0.054809,0.036759,0.0096387,-0.082954,0.0022186
"M1048.557T894.929",-0.0059375,0.011879,-0.044769,0.040735,-0.0030595
"M295.104T156.471",0.030665,-0.009449,-0.022105,0.029127,-0.002771
"M354.093T750.969",-0.0054699,0.069115,-0.027109,0.034132,-0.0080835
"M398.263T1317.762",0.034476,-0.015998,-0.036109,0.031997,-0.0016276
"M807.166T938.699",0.03167,0.011426,-0.024612,-0.062081,0.0024873
"M653.828T318.352",0.026565,-0.0046895,-0.0096723,-0.018553,0.0020225
"M1103.415T879.391",0.038092,0.023421,0.047995,0.012223,-0.0057288
"M355.571T782.72",0.026398,0.040831,-0.016077,0.044239,-0.0043178
"M633.572T315.643",0.02931,0.019772,-0.01524,0.024816,-0.0025655
"M1039.403T917.165",0.045669,0.032498,0.040757,0.0096307,0.010812
"M1037.324T316.098",0.035206,0.005435,0.0048138,-0.0043999,0.0031239
"M509.218T928.864",0.034668,0.016468,0.00063286,-0.0018988,0.0060469
"M1308.415T315.705",0.041976,-0.0089648,0.019649,0.003947,-0.0046033
"M311.186T1077.614",0.025634,0.025673,-0.027413,0.035095,-0.0034591
"M969.321T316.442",0.039411,-0.014422,0.018646,-0.013331,0.0032662
"M333.083T110.42",0.023805,0.033077,-0.018386,-0.0050649,0.0021702
"M1063.398T908.83",0.048002,-0.00039407,0.006484,0.06268,-0.0081462
"M969.813T316.499",0.029003,0.023484,0.012007,-0.019954,0.0055096
"M459.959T106.348",0.027898,-0.025707,-0.024086,-0.079728,0.0012941
"M485.178T783.442",0.037181,-0.013369,0.032144,0.0073322,-0.0021229
"M371.133T805.134",0.029854,0.012674,0.066594,-0.010094,0.0022981
"M439.083T756.683",0.026912,-0.01415,-0.026539,0.019019,-0.0038641
"M985.784T316.247",0.040838,-0.0028515,0.017226,-0.021205,0.0021758
"M479.19T902.518",0.03423,-0.006906,0.030984,-0.011664,-0.000493
"M413.081T316.361",0.033403,-0.0093724,-0.012479,0.0016709,0.00058496
"M417.177T763.775",0.029187,0.013357,-0.030347,-0.00053375,0.0018705
"M225.002T107.866",0.035462,-0.019363,-0.017558,-0.016113,-0.0020191
"M547.145T895.878",0.032381,0.038735,-0.036994,0.0015063,-0.00036785
"M947.485T901.595",0.017599,0.015724,-0.0031259,-0.037655,-0.0041384
"M399.165T851.906",0.036643,0.0040907,0.014215,0.0026301,0.006606
"M895.304T938.238",0.040486,0.012722,0.020118,-0.0065328,0.0045617
"M455.081T744.378",0.023299,0.015722,-0.049153,0.0092057,0.004297
"M430.136T769.014",0.048414,0.059244,-0.015866,-0.049402,0.0037587
"M590.274T907.848",-0.035393,0.040557,-0.021678,-0.013201,-0.0034143
"M353.181T807.324",0.041864,0.0054075,0.016476,-0.028098,0.0040573
"M456.925T66.979",0.0046445,0.055922,-0.0077411,-0.026422,0.0086138
"M419.115T799.29",0.014875,0.016254,-0.041043,0.015778,-0.0011168
"M698.988T986.183",0.016208,-0.005062,-0.076786,-0.0087031,0.0025878
"M139.002T112.479",0.015978,0.018573,-0.02911,-0.0050775,-0.002419
"M1095.872T896.96",0.012531,-0.012363,-0.052596,0.059056,-0.00039509
"M957.374T926.518",0.042529,0.009791,0.031564,-0.0050623,0.0040673
"M429.646T308.971",0.030306,0.020488,-0.016787,-0.0063906,0.0033739
"M968.4T974.568",0.043971,0.0067247,0.052459,-0.013015,0.0055134
"M1015.586T1347.819",0.034955,-0.01302,0.0089536,-0.014312,0.0012749
"M1033.603T1229.397",0.028643,-0.0016252,0.012445,-0.0070222,0.0017984
"M533.169T900.984",0.031777,-0.023355,-0.017242,0.031087,-0.00089613
"M443.193T725.675",0.025434,0.034419,0.0043313,-0.038045,-0.0012468
"M1162.58T906.276",-0.083695,0.01704,0.048679,-0.044601,0.00092597
"M1095.01T894.541",-0.025527,0.032177,0.026185,-0.037437,-0.0037033
"M1209.581T888.373",0.0082652,0.033625,-0.032409,-0.0047622,0.0014875
"M492.868T66.13",0.022405,0.013629,-0.041989,-0.0097491,0.0033628
"M567.276T907.878",-0.024925,0.045498,-0.029465,-0.026573,0.00047778
"M664.226T813.714",0.043267,-0.0056117,0.026401,0.011045,0.0054258
"M1035.397T978.889",0.046781,0.014106,0.023663,-0.010371,-0.0016382
"M1162.051T893.06",-0.01604,0.030348,-0.033158,-0.014266,-0.0029014
"M812.842T69.273",0.034279,0.03752,-0.032483,-0.019824,0.0046254
"M691.153T854.793",0.024943,0.015675,-0.046327,-0.0076115,0.0013899
"M433.351T780.04",0.03409,-0.04982,-0.011829,-0.0064126,0.0034789
"M209.961T64.78",-0.017892,0.03705,-0.026829,-0.0027542,4.2371e-05
"M1363.57T899.951",-0.010335,0.034066,-0.058894,-0.037793,-0.002084
"M410.078T615.621",0.048487,-0.046362,-0.02247,0.11532,0.00039636
"M1125.418T877.844",0.047269,0.012693,0.0549,-0.00063635,-0.0023029
"M483.183T857.732",0.042149,-0.0066312,-0.043945,-0.050109,0.0040083
"M1323.575T889.628",0.0069431,0.021397,-0.020431,-0.0019085,0.00087961
"M695.298T853.355",0.041514,0.010995,-0.010204,-0.038224,-0.0032294
"M921.12T945.55",0.0064277,0.018465,-0.064622,-0.01398,-0.0056041
"M331.103T255.151",0.029299,0.010878,-0.032591,-0.041081,0.0022145
"M322.871T96.154",0.019001,0.0096033,-0.051202,-0.093028,0.0044263
"M539.134T89.251",0.025902,0.019483,0.021456,0.029175,0.00027026
"M502.995T105.736",0.038053,0.013684,-0.043243,0.012331,0.00041706
"M641.302T1183.734",0.049281,-0.044243,-0.0060115,0.011694,0.0036707
"M967.36T964.868",0.046108,-0.010947,0.033707,-0.075108,0.0095048
"M329.088T474.939",0.020995,0.022137,-0.02261,-0.0068576,0.00057461
"M617.133T750.744",0.029533,0.020546,-0.02994,0.043445,-0.0014445
"M669.182T316.584",0.033031,-0.011722,-0.0019102,-0.0018549,-0.0019964
"M447.152T782.273",0.015194,0.013766,-0.024497,-0.054164,-0.0026714
"M1097.514T1402.931",0.031872,-0.01852,-0.020306,-0.012426,0.004268
"M413.091T89.817",0.027171,-0.029311,-0.043105,0.013279,0.0020673
"M990.329T838.789",0.052265,0.0025041,0.038247,-0.0167,0.0010225
"M1229.54T895.369",-0.0018648,0.015926,-0.072246,0.028479,-0.0032571
"M593.926T757.244",-0.016007,0.080437,-0.060701,0.0092262,-0.0090574
"M240.933T64.89",-0.04495,0.07005,-0.0084815,0.00016287,-0.0045475
"M548.979T106.308",0.033766,-0.0085033,-0.025854,-0.023504,0.0031046
"M630.629T315.233",0.035119,-0.0020084,-0.012243,-0.011298,0.0017415
"M353.228T471.773",0.016594,-0.058519,-0.017573,0.040972,0.00066564
"M1031.288T315.245",0.035993,-0.0042001,0.011289,-0.033622,0.0017106
"M333.109T769.719",-0.029886,-0.036514,0.02145,-0.10905,-0.0065161
"M324.072T215.478",-0.04899,-0.04913,0.010974,0.013935,0.0042598
"M830.24T316.247",0.042685,-0.0063931,0.0032051,-0.046167,0.0036834
"M695.289T1193.403",0.014301,0.0047518,-0.0034936,0.071594,-0.0010594
"M1087.412T876.684",0.039681,0.0013341,-0.016958,-0.029874,0.0017452
"M385.077T649.201",-0.0098273,-0.0055014,-0.0059257,0.00017381,-0.00078707
"M549.205T845.853",0.040878,-0.010014,-0.013766,-0.049055,-0.0013636
"M419.03T798.766",-0.01927,0.022876,-0.048636,0.042685,-0.0062028
"M389.108T489.956",0.05487,0.009206,0.0080236,-0.045834,0.0072313
"M632.847T316.374",0.040962,0.0019121,0.035896,0.014012,-0.0016942
"M341.535T617.585",0.039004,-0.023377,-0.024775,0.025743,-0.00043908
"M387.034T831.689",0.060964,-0.0016811,0.032828,0.02884,0.0010019
"M611.538T834.844",0.040924,0.040688,0.02566,0.016286,-0.0026346
"M455.021T825.04",0.059169,0.015063,0.021397,0.013194,0.003543
"M1036.399T977.849",0.042086,0.012503,0.065931,0.010046,0.0015257
"M305.082T1122.457",0.043446,0.025059,0.030392,0.027057,-0.0040348
"M435.217T805.716",0.048311,0.019545,0.0060715,-0.00038871,-0.0028414
"M1136.545T907.7",-0.028108,0.041058,-0.016058,-0.013898,0.00092403
"M345.37T608.086",0.015832,-0.020253,-0.036878,-0.020922,0.0019051
"M642.302T1183.207",0.040556,-0.056862,0.040904,0.0020611,0.00064965
"M1130.454T886.215",0.022352,0.0084403,-0.0080876,-0.021635,0.001118
"M476.12T661.378",0.020092,0.10146,0.023472,-0.028191,0.0085567
"M1163.579T906.602",-0.063713,0.027965,0.013243,-0.019564,0.0018877
"M415.086T168.579",0.02518,0.011081,-0.029617,-0.0087017,-0.0021135
"M567.333T903.822",-0.035123,0.037301,0.016004,-0.031992,0.0014433
"M524.849T67.744",0.026113,-0.0031159,-0.019837,-0.0097498,-0.001555
"M1163.56T905.015",-0.054037,0.041385,0.0306,-0.02355,-0.0068025
"M401.18T764.21",0.043647,0.019771,0.019087,0.014613,-0.0017303
"M1463.124T939.772",0.01257,-0.021217,0.053436,-0.05234,-0.0013785
"M823.337T914.416",0.039606,0.0045309,0.045095,-0.0054945,-0.0015393
"M279.124T874.724",-0.023276,-0.040842,-0.01373,-0.058784,0.0035219
"M397.259T1311.545",0.028635,-0.017016,0.0022158,0.04318,-0.0030977
"M443.191T791.98",0.037508,0.024651,-0.00024611,0.0070748,0.0017386
"M413.167T733.785",0.035263,0.021222,-0.030153,0.0031034,0.0036311
"M687.305T1181.604",0.048371,-0.01945,-0.00092505,0.020149,-0.0020916
"M341.259T618.637",0.040825,-0.020215,-0.015167,0.002325,0.0026075
"M633.753T316.098",0.034874,0.016848,0.017251,0.0013917,0.0051044
"M919.334T939.971",0.035995,-0.010088,-0.0064188,-0.029314,0.0035886
"M206.081T834.983",0.041224,-0.051841,0.062645,0.099827,-0.0083742
"M863.373T951.624",0.042406,0.0011552,0.05987,-0.0034064,0.0029754
"M316.427T318.614",0.02492,0.027249,-0.030708,0.049834,-0.0028493
"M618.794T905.184",-0.058375,0.046327,0.0072396,-0.03778,-0.0007386
"M419.228T901.259",0.047483,0.0069466,0.03932,-0.028199,-0.0001872
"M316.385T321.843",0.025695,0.0088165,-0.029775,0.047753,-0.0029356
"M524.981T106.871",0.033253,0.037202,-0.031393,0.0050879,0.0020855
"M950.342T882.081",0.051736,0.0090496,0.01346,-0.048194,0.011605
"M822.313T886.782",0.038347,0.0063467,0.045081,-0.027343,0.0025045
"M1079.533T897.421",0.0023836,0.027785,-0.044205,0.031633,-0.0036526
"M1461.92T936.679",0.032369,0.025452,0.021405,-0.026086,-0.0017311
"M970.768T318.573",0.032673,-0.013718,0.0050625,0.0015562,0.0024498
"M857.325T1034.658",0.055434,0.0035697,0.05064,-0.057705,-0.00050543
"M1005.392T917.562",0.03736,-0.006497,0.022345,0.010615,0.0010396
"M654.601T316.399",0.017511,-0.03903,-0.0019555,-0.038327,0.0034038
"M357.576T759.445",0.022802,0.020852,-0.0097406,-0.029731,0.00098063
"M365.052T459.24",0.036628,0.076953,-0.014438,0.016664,-0.00051357
"M271.021T88.704",6.3752e-05,0.033805,0.021177,-0.012846,0.0018944
"M968.386T889.852",0.039901,-0.0091595,0.0033355,0.0098624,0.0035789
"M593.686T850.456",-0.011029,0.031315,-0.042795,0.04608,0.0015807
"M505.029T765.672",0.04173,-0.023203,-0.021715,0.033907,0.0063903
"M1035.367T890.845",0.04184,-0.0078905,0.014236,0.012239,0.001938
"M565.054T1199.484",-0.021218,-0.017858,-0.018965,-0.041931,0.00096617
"M728.286T863.521",0.045147,-0.007136,-0.01115,-0.013956,0.0014381
"M538.221T942.724",0.050693,-0.015629,0.043583,-0.021685,0.0063076
"M969.4T973.77",0.04912,0.01875,0.047697,-0.018218,0.0066899
"M333.135T1582.426",-0.0040058,0.032303,0.0035906,0.01772,-0.00035699
"M377.181T797.379",0.030245,0.0061093,0.002905,0.052224,0.004604
"M369.388T763.979",-0.0035279,0.035014,-0.030634,-0.013299,0.0046438
"M870.809T67.494",-0.011888,0.11475,0.0098337,-0.026149,0.0064135
"M1161.526T895.081",-0.019839,0.024197,-0.033078,-0.00061748,0.0039083
"M266.946T113.686",-0.00839,0.036314,0.011425,0.003546,-0.00054607
"M696.3T853.355",0.044166,0.0027601,-0.0023898,-0.050668,-0.0034052
"M1007.373T920.82",0.039972,0.0042221,0.019935,0.0058556,-0.0016451
"M589.773T907.878",-0.030613,0.044396,-0.021604,-0.01724,0.0024256
"M387.165T771.864",-0.0035735,0.026684,-0.036742,-0.056264,0.0032089
"M1164.559T899.737",-0.029839,0.02013,-0.017373,-0.080316,-0.00045434
"M445.037T424.564",0.001664,0.020075,-0.0060935,-0.020694,0.00053665
"M988.804T68.066",0.027477,0.053079,-0.034452,-0.016502,0.0023682
"M743.317T783.373",0.037918,0.033,0.00081224,-0.019536,0.0073847
"M1323.606T888.291",-0.0085215,-0.0013465,-0.057358,-0.057378,-0.00020066
"M688.263T861.089",0.042909,-0.010374,0.027633,0.011965,0.0039345
"M971.627T318.415",0.031698,-0.0030861,0.010079,0.036674,-0.00092715
"M1143.444T941.11",0.048368,0.0067645,0.027634,0.0004893,0.0029781
"M1094.293T897.844",0.021843,-0.0031672,0.054549,0.022646,-0.00014941
"M967.394T924.933",0.041982,0.012821,0.037848,-0.007177,0.00081735
"M560.837T67.188",0.022153,-0.011383,-0.028888,-0.014055,-0.00057847
"M702.255T837.404",0.033635,-0.019347,0.012516,-0.019161,0.0012845
"M379.067T781.128",0.023929,0.062192,-0.026992,0.048963,-0.0063763
"M569.181T807.905",0.037877,-8.5508e-05,0.015023,-0.017547,0.00020597
"M714.253T913.384",0.041484,-0.01006,0.014582,0.004358,0.0087485
"M773.211T817.036",0.026736,-0.0088292,0.047602,-0.01275,-0.00094704
"M589.271T908.408",-0.037192,0.035643,-0.015312,-0.026717,5.5991e-05
"M795.27T865.806",0.042297,0.0030587,-0.022494,-0.018097,8.8051e-05
"M260.967T89.826",0.046571,-0.038918,-0.042309,0.03,-0.0061297
"M264T169.106",0.0022403,0.056967,-0.022656,-0.019263,-0.0027904
"M1095.906T894.31",0.030595,0.00033733,-0.0066442,0.064591,0.0010729
"M625.024T106.841",0.0371,0.017564,-0.049602,0.030865,-0.0028225
"M311.065T863.883",0.016509,-0.014882,-0.0086394,0.087087,-0.0060522
"M1327.552T905.478",-0.012939,0.04408,-0.019439,-0.017492,9.259e-05
"M281.049T89.959",-0.00069864,0.013892,0.051876,0.0026692,-0.00012059
"M631.833T319.717",0.02394,-0.025952,-0.031903,0.016329,-0.0020536
"M644.248T900.496",0.037403,0.028091,0.010296,-0.025432,0.0029234
"M889.313T902.886",0.033996,0.032346,0.038142,-0.007793,-0.0021445
"M273.314T67.476",0.0016228,0.099318,0.048129,-0.033147,0.0072749
"M950.337T882.881",0.049967,-0.0017669,0.02515,-0.05203,-0.00017375
"M576.128T818.314",-0.024597,0.018276,-0.033941,0.065455,-0.0022467
"M569.273T895.199",-0.020342,0.03195,-0.031646,-0.026539,-0.0014095
"M751.173T317.266",0.032677,-0.0042566,-0.015496,0.015678,0.0036511
"M1094.211T893.809",0.033275,0.039544,-0.027974,0.095918,-0.0047845
"M272.963T113.946",0.012534,0.00065896,-0.028071,0.0054307,-0.00032173
"M549.147T750.744",0.027816,0.010396,-0.033224,0.021391,-0.0054373
"M553.051T758.396",0.025534,0.0082537,-0.0063882,-0.036317,0.0028028
"M263.13T940.795",0.039435,-0.0085439,-0.0059907,-0.053456,0.0052693
"M445.207T780.093",0.031671,-0.0033664,-0.016479,0.041099,-0.002163
"M631.863T318.629",0.031787,-0.0023437,-0.0026673,0.02593,0.00018626
"M843.287T936.679",0.043351,0.00097426,0.036297,-0.010194,0.0035133
"M483.129T913.248",0.038621,0.020793,-0.0011377,-0.075945,0.00076061
"M1008.375T923.099",0.043766,0.0058001,0.050044,-0.014564,-0.0018702
"M357.49T758.525",0.022758,0.045531,0.027001,-0.015564,0.0022724
"M447.094T753.734",-0.0089319,0.027184,-0.062287,0.016169,-0.0028301
"M433.777T806.208",0.038709,0.019012,0.0057698,0.039458,-2.0119e-05
"M1045.593T1289.364",0.038696,-0.0016173,0.0014837,-0.0072848,-0.0060407
"M501.195T803.697",0.048399,0.0069172,0.02713,-0.0063561,0.00054982
"M630.654T314.128",0.035558,-0.0063873,-0.0023654,-0.015055,0.0012123
"M625.178T776.712",-0.016445,0.037511,-0.053676,0.002021,-0.0043291
"M399.065T319.722",0.026454,-0.038592,-0.056543,0.0904,0.0084616
"M1224.522T894.229",-0.0019823,0.037542,-0.032689,0.0087839,-0.0010688
"M315.108T761.986",0.037547,0.019693,-0.0029583,-0.048334,0.0071498
"M471.152T726.342",0.031568,-0.0067778,-0.036564,0.056112,-0.00064553
"M814.836T68.186",0.0089768,0.082261,0.05652,0.029895,0.006127
"M679.277T1051.577",0.055281,-0.029689,-0.049799,-0.094822,-0.00061998
"M568.907T66.858",0.019338,0.057194,-0.044425,0.065785,0.00013788
"M585.878T68.251",0.025081,0.063291,0.0072994,0.017607,0.005661
"M377.162T1630.7",0.0091606,-0.025663,-0.014192,-0.047549,0.0065809
"M272.073T418.674",0.039307,-0.088525,-0.081962,0.028162,-0.0098404
"M369.569T765.536",0.0060238,-0.015723,-0.023053,0.0011839,-0.0011732
"M427.038T293.27",0.046434,0.0014827,-0.012741,-0.03181,0.0041548
"M383.058T256.181",0.021908,0.054915,-0.010362,-0.02227,0.00191
"M513.129T730.532",0.00040041,0.05017,-0.033136,-0.0032357,-0.0021164
"M684.191T618.708",0.059017,-0.013609,-0.044566,0.034235,-0.0028273
"M1144.448T942.538",0.049537,0.0034108,0.036662,-0.0092628,0.0041674
"M613.774T885.363",0.019591,0.013297,-0.028318,-0.01536,0.0016247
"M1176.528T983.06",0.059865,0.015067,0.045667,-0.030237,0.003956
"M951.397T1014.118",0.053688,-0.0046928,0.04954,-0.027105,-0.0029062
"M998.841T1404.514",0.023307,-0.018811,-0.049235,0.024483,9.0031e-06
"M593.545T851.652",0.00104,0.06761,-0.0060412,-0.0049615,0.0041038
"M425.103T1191.927",0.020722,-0.020397,-0.013197,0.040618,-0.0033509
"M389.182T799.355",-0.00026356,0.0039364,-0.021893,0.029481,-0.00045491
"M260.048T118.657",0.011126,-0.050325,-0.055298,-0.017997,0.0034466
"M924.351T839.79",0.043203,-0.010411,0.03269,-0.036339,0.0094749
"M395.048T106.9",0.030756,-0.014135,-0.018136,-0.013527,-0.00051635
"M517.897T66.885",0.0054691,0.10458,-0.0022602,-0.010015,0.00075066
"M657.169T756.884",-0.01154,0.055723,-0.054153,-0.0050738,0.00026348
"M353.082T316.368",0.020443,0.038331,-0.026574,0.006683,-0.00114
"M313.093T320.692",0.029059,0.0035479,-0.03378,-0.00073368,0.0024221
"M852.339T915.443",0.038854,-0.019391,0.0053612,-0.0077874,0.00010501
"M475.187T823.258",0.041514,0.017294,0.018885,-0.024594,0.0072208
"M220.134T731.802",-0.044533,-0.022183,-0.018322,-0.029761,-0.0022773
"M998.861T1404.179",0.0181,-0.025367,-0.049721,0.03178,-0.0018075
"M698.26T899.18",0.040324,0.014867,0.040835,-0.023816,0.0061274
"M474.881T66.41",0.034593,0.041278,-0.005372,0.012663,0.0040871
"M721.31T972.44",0.047252,-0.0089762,0.011645,-0.0040306,-0.00568
"M621.052T106.9",0.034923,0.006386,-0.037259,0.012825,0.0025606
"M289.026T88.643",0.017854,0.027012,-0.015112,0.055748,0.0016111
"M544.284T936.329",0.025343,-0.029167,-0.019852,0.035979,-0.0049624
"M379.101T757.973",0.024487,0.014759,-0.0024208,-0.030602,-0.0020044
"M494.168T786.301",0.045436,-0.0021826,0.055303,-0.036516,-0.00077106
"M911.26T1004.032",0.04224,0.00197,0.064259,-0.032016,0.0087343
"M1106.454T890.453",0.037764,-0.0062794,0.0010534,-0.017763,0.0033542
"M269.05T89.726",0.030443,-0.04475,-0.044693,0.041617,6.9361e-05
"M289.084T863.831",0.028705,0.018208,0.012848,-0.031298,0.0054477
"M473.196T813.174",0.041446,0.0038546,-0.040124,-0.037057,-0.0023538
"M559.066T758.189",0.027525,0.00277,-0.029992,-0.036574,0.00029864
"M449.004T832.738",0.035119,0.094666,0.017652,0.061458,-0.0031498
"M336.86T96.244",0.017945,0.037401,-0.054663,-0.064795,-0.0016556
"M343.102T681.368",0.038227,-0.011313,-0.0016735,-0.017518,-0.00093692
"M497.261T974.778",0.036056,-0.022936,0.015108,-0.024789,0.0025676
"M661.253T876.035",0.03894,0.00061839,-0.0021835,-0.010953,-0.0022324
"M765.729T983.05",-0.0018042,-0.036792,-0.061044,0.021116,0.001555
"M941.317T938.576",0.035882,0.0016336,0.033127,-0.016637,-0.0032088
"M1193.041T904.79",-0.037604,0.06315,0.02196,-0.039832,-0.0014621
"M581.283T805.632",0.039992,0.014496,-0.0020945,-0.018889,0.002016
"M611.22T783.374",0.017356,0.035825,-0.0483,-0.0045775,0.0026036
"M564.929T1201.416",-0.00015546,-0.027699,-0.011656,0.010686,-0.0017483
"M728.88T67.591",0.019675,0.078411,0.0053667,-0.0010148,0.005028
"M824.816T67.434",0.0068352,0.076573,0.032348,0.051434,0.0088976
"M938.802T67.374",-0.0048084,0.10076,0.028978,0.033712,0.0042639
"M440.855T1728.569",0.054669,0.0069731,0.044866,0.033099,0.0086373
"M429.504T310.912",0.0297,0.0060283,-0.031147,1.927e-05,0.0003442
"M439.009T107.459",0.02874,0.0037951,-0.029034,0.0079778,0.0013546
"M847.188T757.14",0.015714,-0.0055216,-0.016629,-0.047016,-0.0015177
"M402.053T876.272",-0.041597,-0.016729,0.05935,-0.032691,0.0036019
"M753.298T903.043",0.043335,0.023095,-0.005509,-0.0099217,0.0024928
"M591.2T844.598",0.032799,0.0088609,-0.031069,-0.048694,-0.0015561
"M475.366T1425.395",0.034375,-0.018427,-0.031242,-0.0039286,0.0026171
"M485.063T759.194",0.033384,0.016809,-0.01257,-0.02061,0.00013687
"M1044.425T908.907",0.050444,0.0081052,0.011931,0.030278,0.002281
"M1331.507T909.803",0.00038629,0.025991,-0.020721,-0.010565,1.5718e-06
"M507.209T930.4",0.048952,-0.0041861,0.015861,0.0018809,0.0068256
"M238.892T97.993",0.023725,0.027901,-0.0067568,-0.014257,-0.0022358
"M1143.426T942.716",0.053101,0.0091765,0.032288,-0.018069,0.0032595
"M387.02T108.554",0.024271,-0.018947,0.012724,-0.034668,0.0033532
"M711.218T782.65",0.03138,0.032241,-0.002963,-0.024403,0.0039198
"M890.319T900.562",0.036953,0.0028627,0.037651,-0.0045525,0.00056833
"M431.156T735.48",0.021487,0.022321,0.018668,0.0032398,0.002487
"M688.854T66.858",0.0056003,0.092301,-0.0094378,-0.0049445,0.0074718
"M443.058T752.856",0.033325,0.0019911,-0.0065302,0.034458,-0.00082699
"M1129.441T885.407",0.035231,0.015865,-0.032237,0.0027378,0.00074645
"M964.359T921.966",0.049221,-0.016233,0.064955,-0.057928,0.010518
"M1613.665T937.741",0.044027,-0.0023992,-0.00047998,-0.078394,0.0024718
"M671.034T89.795",0.03157,-0.021417,0.00035204,0.037556,0.0018225
"M420.999T106.905",0.04543,-0.0096838,-0.017899,-0.00089075,-0.0031301
"M708.241T861.396",0.036585,-0.0035259,0.022896,0.026791,-0.0030569
"M1136.99T908.053",-0.024534,0.020002,0.012916,-0.023275,0.0038126
"M851.276T990.376",0.047304,0.0030817,0.038064,0.039235,0.0036916
"M614.901T67.494",0.0046972,0.1143,0.035551,-0.01884,-0.0014163
"M537.08T758.19",0.031203,0.010544,0.0015051,-0.022985,0.0028765
"M569.775T895.343",-0.01865,0.03186,-0.026888,-0.035836,0.0038892
"M591.465T1235.608",-0.018358,-0.056902,-0.04578,-0.013681,0.00017913
"M645.252T899.393",0.041697,0.0072079,-0.010602,0.011384,-0.0011278
"M397.074T474.916",0.025094,0.023353,-0.0071559,-0.0015219,-0.002401
"M848.315T857.496",0.051902,0.0076525,0.039865,-0.042528,-0.0010332
"M781.183T974.609",-0.017791,0.019793,0.030953,-0.017389,0.004151
"M1130.437T924.326",0.047964,0.0095789,0.034663,0.014784,0.0015087
"M693.278T872.306",0.037275,-0.02152,0.0192,-0.014359,-0.00060532
"M432.997T107.064",0.036266,0.004252,-0.028124,-0.013449,0.0045667
"M545.298T995.647",0.032776,-0.016001,-0.0073603,0.030877,0.0032564
"M425.046T798.077",-0.0083305,0.01912,-0.06306,0.0053992,0.00017421
"M366.994T111.318",0.015007,0.017671,-0.022283,-0.0071657,-0.0010769
"M1192.04T901.764",-0.041649,0.045253,0.0034926,-0.041213,-0.0020289
"M1014.782T1351.411",0.031935,-0.025968,-0.0056145,0.015338,0.00025623
"M375.129T729.569",-0.028849,-0.039961,0.025024,-0.036237,0.0046083
"M503.126T874.193",0.030242,0.0040989,-0.048518,-0.0015255,0.0014533
"M901.161T984.095",0.0079767,-0.012615,-0.082486,-0.033513,-0.0039734
"M772.366T884.107",-0.0091684,-0.00622,0.016063,-0.052768,0.002836
"M596.277T932.512",0.0039152,-0.0098819,0.064314,-0.0094979,-0.0016744
"M609.959T835.516",0.034998,0.055914,0.043613,0.020942,0.0030602
"M516.992T825.04",0.039366,0.03543,-0.052479,0.036615,-0.0010549
"M447.151T677.76",0.019087,-0.033667,0.0072064,-0.026229,0.001707
"M1162.522T896.44",-0.01578,0.033334,-0.01199,-0.014231,0.0014426
"M345.577T605.404",-0.016869,-0.0046141,0.026294,-0.0025915,0.00020991
"M379.565T877.71",-0.010087,0.04383,0.10308,0.013534,0.0011001
"M1032.753T1226.13",0.015113,0.003373,-0.021766,0.060686,-0.0011497
"M477.061T615.621",0.034791,-0.019864,-0.021993,0.064363,0.0054293
"M433.038T831.69",0.04718,0.045015,0.045449,0.031498,0.0032878
"M349.056T728.324",0.024216,0.041212,-0.022162,-0.03127,-0.0012103
"M391.065T766.545",0.02073,0.0070695,0.0069291,0.00022946,2.072e-05
"M861.166T878.352",0.039361,0.0057582,-0.010899,-0.037273,0.00017149
"M531.009T876.272",-0.010336,0.046687,0.10405,-0.0040536,-0.0032851
"M723.112T851.461",0.0040793,0.055145,-0.026157,-0.0032852,0.0032602
"M409.045T138.763",0.025788,0.014755,0.0036723,-0.0043454,-0.0018685
"M395.189T761.387",0.037944,-0.0014073,-0.022153,-0.027079,0.0052978
"M306.936T1813.234",0.029811,-0.00049948,-0.032388,0.029091,-0.005102
"M559.728T1193.65",0.016207,-0.01312,0.076565,0.021853,0.0013441
"M335.137T198.47",0.034324,0.00030988,0.0063695,-0.016337,0.0032196
"M661.226T856.483",0.038855,0.00042339,0.056811,0.016512,0.0010197
"M593.709T851.665",-0.0085365,0.047362,-0.016801,0.056179,-0.0010724
"M727.414T1292.189",0.01294,-0.038691,-0.017123,-0.023246,0.0016949
"M465.141T849.089",0.040844,0.016944,0.022216,-0.0035286,0.0029961
"M676.835T65.732",0.026893,-0.026136,0.0056903,-0.032851,-0.0025742
"M351.13T801.057",0.034795,-0.013183,0.01781,-0.0045313,-8.0783e-05
"M361.323T326.759",0.046693,-0.014405,0.020644,0.022596,0.0065782
"M661.142T919.275",0.045597,0.029714,-0.014477,-0.01761,0.0079118
"M445.135T747.805",0.03467,0.030008,-0.018972,0.037162,0.0014983
"M271.07T418.897",0.019265,-0.04291,-0.080321,-0.011108,0.0014781
"M409.075T617.585",0.035535,-0.025544,-0.03419,0.0012163,0.00057958
"M402.187T763.436",0.040738,0.0077266,0.0081038,-0.021611,0.00061686
"M426.882T91.046",0.023727,-0.016732,-0.0079211,-0.0058638,0.0024013
"M771.811T66.858",0.0043045,0.08561,0.0046461,-0.06003,0.0039163
"M545.846T78.22",0.028277,-0.012987,-0.047394,-0.020457,0.0027108
"M969.698T320.725",0.060941,-0.020763,0.055802,0.15099,0.0047817
"M365.528T823.98",0.049182,-0.0063629,0.050209,0.006933,0.0066551
"M320.919T92.078",0.032102,-0.011772,-0.02923,0.0035729,0.0016819
"M937.388T970.431",0.03426,-0.0059102,0.036322,-0.0089138,0.00051439
"M299.07T414.239",0.020951,-0.079581,-0.063193,-0.08828,-0.0026676
"M942.309T937.647",0.045955,0.00069085,0.035669,-0.038286,0.0090226
"M408.906T66.13",0.013178,0.015113,-0.05525,0.0058604,-0.0013553
"M333.191T983.058",0.038137,-0.034287,-0.065937,-0.051392,0.0048508
"M365.136T768.138",0.017474,-0.019102,-0.029909,-0.039697,-0.0042266
"M771.203T760.252",0.024788,0.035602,-0.020372,0.014533,0.0016409
"M461.152T871.999",0.031054,-0.017787,0.0079146,-0.012601,0.006352
"M481.183T807.444",0.040017,0.013548,0.0098326,-0.028604,0.0040908
"M405.177T839.252",0.029106,-0.012022,-0.030038,-0.029876,0.00090347
"M1204.491T868.846",0.037974,-0.014681,-0.0062121,-0.031022,0.0050901
"M333.041T419.397",0.03456,-0.05659,-0.056002,-0.002115,0.00029051
"M726.284T1051.577",0.05313,-0.059463,-0.081225,0.036696,-0.0036425
"M367.103T818.837",0.045488,-0.01147,0.0061377,0.041226,0.0013377
"M643.847T66.912",0.016752,0.057173,-0.027409,0.01454,0.00066424
"M601.172T845.875",0.029952,0.010802,-0.021669,-0.029703,-0.0018509
"M610.849T834.902",0.044368,0.046525,0.053757,0.0025903,0.0025045
"M310.974T92.682",0.028476,0.024583,-0.029539,0.015894,0.0017618
"M776.814T66.22",0.035744,-0.0034581,-0.014483,-0.020543,-3.8499e-06
"M806.159T933.966",0.036522,0.0080502,0.04322,-0.02754,-0.0037058
"M407.9T66.13",0.019655,0.039201,-0.0093676,-0.015264,-0.0014096
"M806.921T938.616",0.035868,-0.024071,0.058643,0.013224,0.0034363
"M754.827T67.274",0.036087,0.06155,-0.017387,0.0030325,0.0013697
"M287.076T110.312",0.024113,0.0087609,-0.019006,-0.021817,0.0013427
"M871.351T913.248",0.036556,-0.0066431,0.0066873,0.016915,-0.001641
"M807.113T936.925",0.023554,0.011674,-0.020048,0.0022585,-0.00067067
"M203.204T105.674",0.027486,-0.030728,-0.030437,-0.0069986,-0.0035205
"M505.3T1291.082",0.019023,-0.030944,-0.045139,-0.022269,-0.0033162
"M204.975T113.721",0.0084823,0.01823,0.018796,-0.031164,-0.00072275
"M613.854T887.38",0.011515,-0.018219,-0.045428,0.002632,-0.0052066
"M333.06T88.804",0.016283,0.01918,0.017711,0.061392,0.0015202
"M1197.439T886.215",0.044623,-0.000652,0.0014563,-0.021668,0.0055333
"M413.192T1370.63",0.023502,-0.022981,-0.018956,0.012233,0.00017702
"M572.874T67.143",0.010437,0.073287,-0.004977,0.0077009,0.0036778
"M555.158T835.854",0.037083,-0.013832,0.053388,0.026429,0.00026737
"M267.196T1364.412",0.018493,-0.020908,-0.037839,-0.045421,-0.001337
"M674.842T67.64",0.016478,0.03488,-0.023446,-0.003214,-0.0017566
"M593.934T851.064",0.023828,0.069424,0.028109,-0.0047709,0.0065388
"M310.969T105.491",0.034947,0.003779,-0.010766,0.031859,0.0023076
"M872.81T67.519",0.013877,0.095493,-0.010757,-0.018048,0.0051735
"M429.365T315.31",0.018889,0.018086,-0.038795,0.03477,-0.0016029
"M471.046T618.546",0.04624,-0.026346,-0.075547,-0.044963,-0.00056859
"M1043.424T909.662",0.045468,0.015409,0.016624,0.006233,0.0020419
"M401.144T790.222",0.029169,-0.028844,0.021931,-0.017503,0.0040523
"M712.22T783.012",0.043618,-0.00576,-0.047438,0.0025821,0.00094359
"M469.036T876.272",0.027848,0.015616,-0.051347,0.13736,-0.0031889
"M884.8T66.979",0.01385,0.07741,-0.017794,-0.021771,-0.00035445
"M333.926T91.902",0.035666,-0.0042835,-0.043444,-0.0071132,0.0024302
"M473.173T881.847",0.031053,0.00045832,0.018481,-0.006944,0.0025257
"M621.037T758.225",0.031556,-0.0064069,-0.042646,0.010572,0.0021508
"M611.147T106.977",0.032223,-0.016208,-0.0069768,-0.012104,2.9625e-05
"M461.037T823.98",0.045965,0.0156,0.052346,-0.019811,0.00021655
"M870.702T1303.064",0.029228,0.011364,-0.026621,0.025819,-0.0005107
"M567.171T792.05",0.034242,-0.0060996,0.0035482,0.002432,-0.00073432
"M476.876T67.016",0.034303,0.029073,-0.023744,0.0065041,0.001492
"M431.759T791.911",0.042052,0.017054,0.011064,0.01656,-0.001482
"M609.054T106.871",0.034855,0.0023988,-0.0429,0.0067186,-0.00126
"M657.266T958.998",0.031165,-0.038594,-0.0036538,0.010551,-0.0020701
"M508.215T930.69",0.045901,-0.0065911,-0.0057751,-0.0035982,-0.0025434
"M915.823T68.606",0.007102,0.069764,-0.0091347,0.03934,0.0024368
"M772.809T66.771",0.0032129,0.097861,-0.0088371,-0.0082853,-0.0013006
"M1130.433T884.599",0.041901,0.0014535,-0.0082399,-0.017321,0.0058651
"M619.26T816.529",0.035764,0.015926,-0.019104,0.027295,0.0046742
"M292.991T104.104",0.023258,-0.015908,-0.037372,-0.036089,0.0028907
"M911.268T936.747",0.040078,0.0011121,0.042793,-0.023225,0.0052582
"M645.848T67.545",0.024091,0.017078,0.022138,0.034414,-0.0034694
"M806.073T940.272",0.028001,0.0042591,0.057528,0.00014536,0.0017596
"M522.878T65.745",0.023755,0.025024,-0.022201,-0.011658,0.0019712
"M255.115T921.266",0.031644,-0.023451,0.043867,-0.0096859,0.0093012
"M1093.54T895.081",-0.022437,0.029068,-0.023756,-0.022901,0.0017937
"M617.247T870.852",0.038121,0.00050692,-0.01169,0.04109,-0.00022916
"M655.189T778.866",-0.015073,0.075501,-0.033172,0.017216,-0.0025953
"M626.212T761.224",0.034371,-0.008228,-0.013888,-0.041277,0.0021598
"M569.91T66.858",-0.0031171,0.094713,-0.025127,0.0059307,0.010413
"M329.088T425.59",0.033062,0.0046321,0.0033748,-0.0089168,0.00063999
"M495.025T292.616",0.046234,-0.003426,-0.0036497,-0.039973,-0.0052127
"M547.234T852.079",0.047809,0.015936,-0.0025254,-0.021838,0.00094675
"M494.233T920.795",0.0025147,0.0035509,0.020752,-0.085529,0.0019959
"M274.971T109.977",0.032801,0.011195,-0.030835,0.029926,0.0026657
"M626.185T785.506",0.026293,0.037023,-0.057011,0.0064914,0.0005631
"M491.126T414.484",0.028502,0.033291,0.033698,-0.01685,0.0069879
"M415.225T881.978",0.034396,-0.02832,0.024118,0.078803,-0.0056428
"M409.002T109.878",0.021585,-0.0031971,-0.002354,0.020011,0.0021149
"M413.104T602.912",0.011973,0.016192,-0.018721,-0.027094,0.0022815
"M807.744T937.741",0.029607,-0.024362,0.051205,0.012758,0.0058991
"M209.025T89.634",-0.0055892,0.0019807,-0.036059,-0.025517,-0.0012848
"M941.306T938.915",0.038651,0.0027197,0.036092,-0.016066,0.0043802
"M180.971T1182.798",0.029151,-0.0061272,-0.02461,0.0068593,0.0012843
"M593.922T852.299",0.013773,0.071908,-0.017915,-0.0068419,0.0023217
"M808.342T938.944",0.03986,0.01186,0.023241,-0.022115,0.0055478
"M732.876T67.374",0.012322,0.092645,-0.011996,0.0039416,-0.0074546
"M759.826T66.885",0.0058095,0.10282,-0.011953,-0.0040391,-0.0017459
"M289.056T250.757",0.035954,-0.0098169,-0.0083479,0.066455,-0.0015944
"M851.338T916.834",0.035819,-0.0184,0.027621,0.0014856,0.00032966
"M529.184T941.182",0.052941,-0.052431,0.054475,-0.005669,0.0064205
"M621.221T884.304",0.031336,-0.0025842,0.013256,-0.019504,-0.0029434
"M705.205T926.435",0.051895,0.020787,0.0074157,-0.039735,0.0048188
"M699.004T983.059",0.020766,-0.025507,-0.048785,-0.060496,-0.00014777
"M805.362T924.937",0.030408,0.0073835,0.0036694,-0.0014482,0.00038925
"M789.663T1119.968",0.032537,-0.051711,-0.032294,-0.0047256,-0.00068773
"M467.156T971.498",0.038584,0.0038247,0.033524,0.026936,0.0063146
"M640.844T67.188",0.043562,0.040648,0.00324,0.005364,-0.00081459
"M359.098T671.316",0.032764,0.0069988,0.0059411,0.028065,0.0019679
"M431.769T791.594",0.03798,0.012726,0.029203,0.0065224,0.0042092
"M643.245T933.361",0.036352,-0.021888,0.0059093,0.0083186,-0.00068637
"M287.077T663.979",-0.01864,0.0070638,0.037216,-0.037471,0.0018989
"M875.696T1193.301",0.037542,-0.015195,-0.01388,-0.039141,0.0052873
"M850.805T68.208",0.048653,0.033909,-0.017129,-0.014541,0.00029561
"M508.881T66.935",0.021706,0.041672,-0.011722,0.010552,0.0024406
"M815.832T67.938",0.016724,0.095528,-0.010623,-0.025534,0.0092466
"M539.034T616.33",0.04562,0.0045767,-0.018486,-0.033215,-0.0019153
"M397.002T110.368",0.016844,0.0098785,-0.024659,-0.045786,0.0064174
"M1432.595T1048.493",0.026629,0.011343,-0.0084059,-0.022172,0.0029862
"M627.173T806.181",0.023029,0.01706,-0.05081,-0.0047918,0.0044967
"M333.062T883.084",0.01196,0.071268,4.3309e-05,0.06974,-0.0049319
"M564.68T1183.74",-0.010445,0.013432,-0.019683,-0.047928,0.0022413
"M503.143T589.731",0.042122,0.017045,0.02621,-0.0019402,0.00041165
"M799.852T67.938",0.029765,0.031716,-0.0013934,0.014165,0.0046987
"M927.368T972.44",0.040844,-0.0027617,0.044993,-0.020257,-0.00070806
"M371.09T764.993",0.020553,0.021913,-0.022334,0.026871,-0.0024711
"M811.459T986.188",0.0033974,-0.02632,-0.072172,0.013761,0.0014124
"M561.217T921.818",0.026553,0.014239,0.016899,0.055935,0.00041976
"M463.02T875.074",0.0045499,-0.012133,0.067452,0.011821,-0.00079253
"M289.12T769.482",-0.0027902,-0.03762,0.034165,-0.023053,0.0046188
"M657.109T89.959",0.030206,-0.030882,-0.015513,0.004627,0.0016426
"M459.052T765.953",0.01518,0.0059529,0.032714,-0.015858,0.00077759
"M497.175T1191.749",0.017059,-0.039878,-0.021284,-0.023815,-0.0022124
"M404.916T66.832",0.018002,0.075109,-0.030826,0.0092941,-0.0024268
"M723.346T899.128",0.032042,-0.025078,-0.01846,0.0048691,0.00028161
"M655.655T928.688",0.007385,-0.0060044,-0.040292,-0.017219,-0.0010046
"M427.197T838.449",0.041383,0.0086725,0.013875,0.012187,-0.0040139
"M999.727T1404.686",0.025956,-0.030468,-0.017045,-0.014979,-0.0012525
"M626.824T67.188",0.019762,0.016628,-0.026454,0.052557,-0.0022674
"M293.177T1099.499",0.034882,-0.020603,-0.036862,-0.040737,0.0014631
"M429.25T1071.941",0.029113,0.0042362,-0.028504,0.0093598,0.00139
"M341.088T439.204",0.027426,-0.0079421,0.0010748,0.0015135,0.00018782
"M656.833T67.115",0.0073849,0.06681,-0.0048878,-0.020115,0.0035247
"M1031.347T966.014",0.040498,0.0040926,0.020961,0.007791,-0.0016274
"M630.879T67.545",0.016425,0.06434,0.0085412,0.011476,0.0024518
"M693.424T1336.51",0.032139,-0.041736,-0.040048,-0.02155,-0.0038886
"M806.978T940.468",0.046408,-8.2578e-05,0.051038,0.0033417,-0.0025248
"M471.897T67.543",0.019619,0.045084,0.0040585,0.017669,-0.0034208
"M429.141T889.195",0.021823,-0.025404,-0.0028016,0.076639,-0.004566
"M1109.422T909.522",0.050011,-0.00072802,0.0031316,0.044026,0.0022244
"M341.088T304.64",0.033781,0.0058823,-0.019267,-0.00038543,-0.00048642
"M1042.422T909.151",0.049787,0.012724,0.031607,0.016499,-0.0013132
"M798.851T67.54",0.015963,-0.0002686,0.01446,-0.07265,0.00086499
"M413.179T861.909",0.051692,-0.033119,-0.11959,-0.040942,-0.00010211
"M807.007T938.915",0.044969,-0.025024,0.031481,0.017511,0.0016921
"M359.022T90.408",0.035676,-0.0092547,-0.016188,0.0017251,0.001482
"M564.961T1199.656",-0.029299,-0.039897,0.0068986,-0.0065944,-0.0032251
"M359.061T194.361",0.010949,0.024043,-0.031313,-0.041885,0.0038542
"M1462.52T939.973",0.040527,0.016312,0.049234,-0.027935,0.0034683
"M385.113T791.317",0.021755,-0.0066671,-0.011775,-0.0074142,0.0018639
"M743.85T66.912",-0.0029256,0.081957,0.0083399,0.04254,-0.010162
"M203.083T418.775",0.0309,-0.055315,-0.066066,-0.00018854,-0.0013548
"M341.465T625.973",0.03758,-0.020153,-0.031802,-0.010868,-0.0041167
"M272.959T67.281",0.031362,0.070419,-0.019626,0.0065787,0.0058562
"M700.328T66.684",0.020035,0.07167,7.0643e-05,-0.0015305,0.0017248
"M280.987T110.997",0.027993,0.0040375,-0.018019,0.01571,0.00038159
"M472.886T66.482",0.012134,0.062635,-0.026615,0.023046,-0.0021231
"M367.058T823.98",0.061934,0.0066132,0.051122,0.008731,0.0026429
"M586.884T67.938",0.036775,0.059744,-0.0026556,0.0087939,0.0041649
"M1162.845T896.125",0.0013302,0.03127,-0.072802,-0.042444,0.0034402
"M576.861T67.042",0.033,0.030211,-0.039253,0.008839,0.0017341
"M868.801T68.637",0.02145,0.080127,-0.011656,-9.6651e-05,-0.0045621
"M1131.537T924.362",0.017339,-0.026024,-0.032961,-0.0028924,0.001576
"M1193.356T907.422",0.021031,0.04062,0.030405,-0.020746,0.0032259
"M182.994T112.283",-0.013201,-0.0017707,0.0079042,-0.02444,-0.0010231
"M684.885T67.374",0.0035109,0.10358,0.02473,0.021323,0.00085102
"M373.167T930.605",0.0269,-0.040991,-0.034458,-0.00046468,-0.0013802
"M365.143T832.741",0.010101,0.068212,0.00037335,0.032222,-0.0031049
"M555.17T790.902",0.033575,-0.0073709,-0.017696,0.027942,0.0022193
"M408.822T1801.685",0.02368,-0.016395,0.011705,-0.0022474,0.00027437
"M1084.663T1198.774",-0.050601,0.027431,-0.013858,-0.070946,0.0053101
"M454.144T914.383",0.043178,0.036725,0.018387,0.00045642,-0.0029319
"M886.794T67.143",0.016512,0.098754,0.0011667,-0.01369,0.009429
"M526.316T1188.04",0.0086428,0.020436,-0.013356,-0.045015,0.0023693
"M631.877T67.938",0.018515,0.073276,0.051139,0.021063,-0.0010792
"M1192.357T906.767",-0.0029486,0.029835,0.0078521,-0.054388,0.0043435
"M1009.386T967.414",0.047028,0.00071889,0.049833,-0.051654,0.0082643
"M357.108T784.337",0.023889,0.018919,0.0055253,0.0030461,-0.00032506
"M349.072T1165.294",0.030679,0.028851,-0.0047058,-0.025786,-0.00072019
"M527.309T1189.176",0.026577,-0.014027,-0.033757,-0.030342,0.0011302
"M1103.384T928.554",0.045086,0.0048421,0.027012,-0.01081,0.0019563
"M683.887T67.591",0.00027806,0.098601,0.020654,0.032601,-0.0025135
"M553.164T782.325",0.027552,-0.032592,0.021993,-0.0081446,-0.00013092
"M644.846T66.885",0.017808,0.048264,-0.020294,-0.0010319,0.0018046
"M521.022T764.729",0.017754,0.014189,-0.050245,-0.0036864,0.0025154
"M559.276T958.275",0.042652,0.015617,0.0042012,-0.0075579,-0.00049789
"M943.39T965.159",0.041782,0.0070116,0.057393,-0.019009,0.0035133
"M613.983T886.617",-0.013869,-0.024689,-0.022906,-0.0040303,0.0028728
"M173.008T106.871",0.0315,0.0065599,-0.028243,0.035743,0.0012172
"M429.486T320.767",0.023703,0.0096831,-0.02441,0.012719,-0.0022234
"M693.17T791.92",0.008641,0.018969,0.029106,0.011398,-0.0014051
"M433.376T793.769",0.020494,0.025995,-0.02075,-0.010267,-0.0013389
"M760.823T66.885",0.011908,0.070185,0.0011099,-0.048208,0.0025723
"M469.095T760.602",0.024723,0.012812,-0.014659,-0.028524,-0.0012502
"M937.334T882.127",0.036173,-0.006831,0.036423,-0.019717,0.0056891
"M728.269T963.544",0.043623,0.0064746,0.065576,-0.0050383,0.0039828
"M433.122T384.02",0.016652,-0.064151,-0.042045,0.01424,-0.0088937
"M951.343T881.927",0.047887,-0.0020946,0.028159,-0.014151,-0.0049955
"M401.027T415.826",0.030215,-0.057088,-0.050673,-0.0032575,0.0047448
"M715.392T322.783",0.0099583,-0.022557,0.00089564,0.075111,-0.0083849
"M665.182T815.828",0.043768,0.011691,0.029821,-0.014395,-0.0015728
"M447.959T106.92",0.040515,0.0018861,-0.043161,-0.042793,0.0074693
"M1296.901T900.549",-0.010007,0.0044526,-0.069439,0.062904,-0.0050341
"M349.057T865.046",0.036336,0.017356,-0.0076711,0.0039278,-0.0035779
"M1014.811T1344.847",0.032196,-0.035781,0.00019498,0.018947,0.00095036
"M521.224T935.29",0.041948,0.015632,0.012589,0.010878,-0.00039055
"M1390.547T1005.094",0.014087,-0.051032,0.039429,-0.0095562,0.0064182
"M313.275T1417.53",0.025505,-0.012659,-0.057101,-0.030067,-0.0024083
"M477.088T1628.76",0.019426,-0.010222,-0.04219,-0.038431,0.0016129
"M613.564T887.981",-0.0023087,0.044724,-0.038281,-0.020128,-0.0048451
"M395.28T1470.273",0.037994,0.0010354,-0.0038706,-0.0096145,-0.0036041
"M697.753T1005.082",0.0067138,-0.011822,-0.053362,-0.065241,0.0046437
"M285.243T1390.408",-0.0068065,-0.027085,-0.013894,-0.067428,0.0030988
"M481.224T887.168",0.023269,0.033583,-0.031,-0.010914,-0.00083344
"M486.878T66.684",0.018486,0.04868,-0.045607,7.4232e-05,0.00064001
"M343.103T489.112",0.051898,0.0048587,-0.005576,-0.024935,0.0043646
"M444.872T67.426",0.019469,-0.019143,-0.027175,-0.0043253,-0.0015028
"M643.851T67.124",0.0067243,0.080046,-0.021731,-0.0087014,-0.0043285
"M771.83T66.444",0.007389,0.082601,-0.0090043,-0.015936,0.0031872
"M463.182T861.112",0.034391,-0.015402,-0.052352,-0.029467,-0.0016822
"M323.042T818.446",0.013605,0.038295,0.015321,-0.033588,-0.0020584
"M333.062T954.304",0.055102,0.0080754,-0.013706,-0.07015,0.0059259
"M543.282T933.008",0.02818,-0.025427,-0.012753,0.018982,0.0010449
"M415.161T821.344",0.041132,-0.014009,0.0076862,0.00089955,0.00063371
"M609.153T789.212",0.031887,0.00084026,0.0064591,-0.0018079,0.0036215
"M714.826T66.684",0.0076619,0.073245,0.0012022,-0.016933,-0.000226
"M454.975T107.571",0.026799,-0.018887,-0.038726,0.00089616,-0.00041023
"M292.14T116.338",0.014187,-0.072633,-0.035071,-0.041661,-0.00027201
"M501.375T66.858",0.02865,0.070085,0.040154,0.012138,0.011961
"M328.886T98.013",0.020331,-0.01916,-0.071331,-0.038593,0.0036625
"M317.064T416.942",0.036944,-0.018701,-0.038717,0.028047,-0.0076284
"M453.099T792.789",0.024592,0.013305,-0.030663,0.01326,0.0051376
"M759.145T875.232",0.04967,-0.014861,0.065745,0.029647,0.01052
"M1117.54T932.512",0.032718,0.028597,0.01811,0.02186,0.0015025
"M1132.537T923.907",0.028548,-0.016403,0.0035734,-0.016182,0.00065057
"M726.808T67.734",0.007222,0.058361,-0.020022,-0.0096355,0.00021569
"M824.341T916.725",0.030803,-0.030682,-0.045914,0.041559,-0.0038212
"M345.082T140.774",0.032338,0.0027334,-0.013084,0.012878,-0.0011219
"M251.019T152.27",-0.0067883,0.041611,-0.026293,0.022366,-0.00033022
"M279.164T1571.945",0.021812,-0.0057045,-0.054898,-0.019646,0.0031983
"M540.867T1245.744",-0.005292,-0.0072866,-0.053462,0.016834,0.00311
"M238.069T801.926",0.040008,-0.015202,-0.018901,-0.012812,0.0053571
"M755.7T809.167",0.043887,0.032433,0.0048332,0.022683,-0.00053752
"M418.896T66.885",0.025598,0.0038692,-0.056064,0.055928,-0.007068
"M347.091T1147.321",0.042022,-0.012044,-0.01962,-0.0034364,-0.0018656
"M427.009T107.872",0.0331,-0.00011563,-0.041793,0.00057776,-0.0029324
"M243.065T108.531",0.022464,-0.038464,-0.025694,-0.026779,-0.00063189
"M974.806T67.938",-0.0076412,0.11279,-0.013167,-0.0073173,0.0032763
"M741.841T67.938",0.024547,0.048769,-0.0019644,0.010201,0.0023986
"M409.172T733.287",0.046295,0.023557,-0.0016383,0.016492,0.0093724
"M469.019T418.674",0.025776,-0.065035,-0.069359,0.017964,-0.005802
"M775.809T66.684",0.0033466,0.082594,-0.0079994,-0.013413,-0.0023351
"M435.959T107.38",0.038789,0.004293,-0.071347,-0.026759,0.0033429
"M676.309T1245.665",0.013144,-0.0022195,-0.047906,-0.030129,-0.004048
"M265.261T1518.666",0.023401,-0.014999,-0.031251,0.0022955,-0.00094502
"M339.058T415.891",0.027858,-0.045268,-0.079116,0.017196,-0.0097698
"M785.833T68.422",0.037111,0.077108,-0.019018,0.032974,0.00096715
"M448.965T106.062",0.027337,-0.020563,-0.045266,-0.037314,0.0028422
"M1354.628T902.5",0.0084994,0.041549,0.051808,-0.028252,0.0029428
"M241.108T881.116",-0.011402,-0.038893,-0.039033,-0.079111,0.0049926
"M418.894T1736.453",0.027817,0.013874,-0.0078568,0.011024,0.0044535
"M562.892T1151.046",0.029804,-0.026135,-0.02457,-0.0060598,-0.0046787
"M319.076T917.392",0.060904,0.016153,0.019595,0.011606,0.0039723
"M405.167T106.416",0.040296,0.0061195,-0.011044,-0.0060739,-0.0024738
"M445.095T115.802",0.038175,0.003254,-0.0063393,-0.008856,0.00067442
"M505.902T66.721",-0.004646,0.10339,-0.013707,0.002701,-0.00016143
"M338.938T105.668",0.028093,-0.01912,-0.036593,-0.010872,0.0036031
"M657.832T67.374",0.020215,0.064434,-0.0013625,0.002531,0.0016989
"M885.822T66.912",0.0068598,0.096337,0.029606,0.02213,0.0091207
"M385.188T793.619",0.031567,-0.00046218,-0.0098737,0.0020335,0.0022778
"M541.046T1246.429",0.016624,0.011211,-0.050236,-0.005812,-0.0023709
"M562.835T1148.266",0.023222,-0.021369,-0.05718,0.044992,-0.0028412
"M1243.514T983.057",0.042016,0.0028569,-0.033844,-0.065104,0.0015871
"M1105.431T888.552",0.026358,-0.0057628,0.027034,-0.026116,0.0025971
"M697.905T994.286",0.019211,-0.022868,-0.0068733,0.0021237,0.002641
"M401.05T875.074",0.03457,0.016081,0.013301,0.014736,0.00094125
"M600.854T66.846",0.029452,0.034031,-0.026038,-0.017481,-0.0011898
"M731.208T950.406",0.015246,-0.025579,0.028816,-0.03298,0.0019191
"M470.098T771.956",0.031641,-0.011097,-0.010857,0.009204,0.0037533
"M344.844T1719.46",0.0063625,0.0062104,-0.020456,-0.044828,0.0065231
"M641.167T774.439",0.0038809,0.041561,-0.063057,0.0073068,-7.9913e-05
"M778.832T66.858",0.027071,0.027498,-0.031343,0.0074738,-0.0022651
"M747.22T952.211",0.044852,0.017946,0.023112,0.006239,0.0066385
"M377.049T427.197",0.021097,0.018388,-0.0020218,-0.054571,0.0012517
"M493.23T921.818",0.02361,0.044049,0.022988,-0.021261,-0.00015052
"M387.346T67.938",0.028085,0.024681,0.011912,0.011818,0.002101
"M367.08T114.463",0.038786,0.0088931,-0.011847,-0.017069,0.0059288
"M401.049T776.54",0.032405,-0.0082091,-0.027325,-0.021562,0.0020195
"M323.019T128.103",0.035629,0.0092242,-0.005291,-0.00084525,-0.00090332
"M459.149T771.729",0.033471,0.020039,-0.01924,0.0088564,-6.2275e-05
"M507.151T845.473",0.038988,0.015616,0.010827,-0.0058583,-0.0027499
"M415.27T1182.702",-0.0099571,-0.046138,-0.049984,-0.003433,-0.0024484
"M359.123T830.487",0.043462,0.0071197,0.048391,0.005084,-0.0038001
"M549.174T847.493",0.032554,-0.014291,-0.012563,-0.022807,0.0024789
"M340.859T1719.351",0.031139,-0.0023304,-0.026871,-0.047059,0.0012382
"M702.25T942.066",0.033675,-0.018097,0.013523,-0.015301,0.0012758
"M453.035T765.753",0.026009,-0.017839,0.0011827,-0.017611,0.00074729
"M329.089T195.942",0.0295,-0.013689,-0.041393,-0.023479,-0.00047205
"M615.152T88.13",0.021189,0.0042801,-0.012716,0.041715,-0.0031045
"M399.092T115.22",0.026561,-0.018338,-0.028924,-0.027165,0.00091201
"M519.896T67.425",-0.0053108,0.08507,0.0058672,0.02381,-0.00031971
"M447.222T1194.448",0.020233,0.0045508,-0.039609,0.067682,-0.0035017
"M559.04T89.345",0.022634,-0.033207,0.025973,0.057623,-0.0097541
"M513.235T964.262",0.038676,-0.0021206,-0.0059653,-0.010543,0.0054024
"M701.333T69.273",0.020967,0.062983,0.021502,0.013129,-0.0041704
"M413.108T298.268",0.036687,-0.016908,-0.04256,-0.038059,-0.0018063
"M434.871T1737.903",0.027785,-0.010332,0.024651,0.011223,0.0056122
"M353.052T831.694",0.035534,0.041339,0.056836,-0.027398,0.0041974
"M775.338T1039.594",0.058937,-0.0042716,-0.014573,-0.03323,-0.0035653
"M429.074T115.482",0.031086,-0.0060956,0.0023706,0.028974,-0.0013255
"M475.877T67.555",0.02601,-0.014236,-0.010311,-0.017427,-1.1254e-05
"M299.259T1433.689",0.021311,-0.030376,-0.039975,0.039454,0.00040854
"M187.905T92.369",0.033856,-0.01248,-0.051099,-0.047402,0.0072904
"M809.324T904.082",0.04232,0.015171,0.025891,-0.0087487,0.0020059
"M493.136T809.014",0.028974,0.015062,0.0067917,-0.039713,0.001504
"M438.263T1164.917",-0.011819,0.0021276,-0.013944,0.088791,-0.0053821
"M313.094T115.286",0.02945,-0.0012627,-0.032193,-0.022572,0.0017572
"M515.105T113.414",0.023258,-0.0066783,-0.030444,-0.028397,0.00058613
"M285.909T1803.837",0.025392,0.0031906,-0.041121,0.00051906,-0.0011916
"M658.83T67.591",0.028579,0.053901,-0.038571,0.017684,0.00018971
"M447.05T875.673",0.039963,0.019737,-0.0337,0.017731,0.0023822
"M795.198T1006.041",0.023365,-0.025492,-0.024527,0.032527,-0.0052346
"M321.216T1624.59",0.021358,-0.0031477,-0.037543,0.0018463,0.0013414
"M615.195T761.983",0.037223,0.010581,-0.018048,0.0027874,0.0019023
"M643.188T893.85",0.019345,-0.013931,-0.037839,0.022402,0.0021142
"M293.177T1149.195",0.018691,0.0059966,-0.054223,-0.042289,-0.00036151
"M429.121T110.997",0.028723,-0.0060157,-0.01794,-0.0054864,0.0023473
"M289.886T1868.955",0.026122,-0.014704,-0.018765,-0.027984,-0.0018538
"M269.15T1584.952",0.021607,-0.0069671,-0.037831,-0.012318,0.0026518
"M427.124T881.088",0.035335,0.035601,-0.0026855,0.00092175,0.0036056
"M246.886T1784.096",0.027044,0.0067743,-0.029723,-0.01568,-0.00083581
"M318.143T1501.634",0.010789,0.0094305,-0.067762,-0.024942,0.0027986
"M1614.109T935.709",0.040468,-0.0054075,0.010136,0.010736,0.0008338
"M345.119T282.765",0.03149,0.0073946,-0.044752,0.0016285,0.00032109
"M467.051T320.771",0.02963,-0.00079351,-0.0075267,0.039984,0.0053571
"M293.179T1541.097",0.020167,0.012825,-0.040356,0.022836,0.00040153
"M265.426T1576.148",-0.011882,0.03617,0.020915,-0.090616,-4.0713e-05
"M706.816T67.734",0.029446,0.039055,-0.026688,-0.01898,-0.0045452
"M578.43T1675.044",0.045739,-0.0037274,0.037751,-0.0039805,0.0058356
"M707.828T66.684",0.026413,-0.019251,-0.0031997,-0.066949,0.0061691
"M418.974T1483.997",0.0084531,-0.0039,-0.0088254,0.064223,0.0009951
"M372.9T1734.569",0.022934,-0.01803,-0.017727,0.021742,0.0022641
