{
 "omicstype": "",
"nodes": [
 {
 "id": "C12.1",
"label": "C12.1",
"size":       18,
"meta": "con_12",
"fx": -242.1244,
"fy": -653.1429,
"fz": 778.0583,
"origX": -0.29478,
"origY":   -1.393,
"origZ":  0.93367,
"colorb": "#E6194B" 
},
{
 "id": "C12.3",
"label": "C12.3",
"size":       18,
"meta": "con_12",
"fx": -35.18667,
"fy": -138.4457,
"fz":  369.475,
"origX":  0.17083,
"origY": -0.49228,
"origZ":  0.44337,
"colorb": "#E6194B" 
},
{
 "id": "C12.4",
"label": "C12.4",
"size":       18,
"meta": "con_12",
"fx": -245.6089,
"fy": -388.7486,
"fz": 176.7667,
"origX": -0.30262,
"origY": -0.93031,
"origZ":  0.21212,
"colorb": "#E6194B" 
},
{
 "id": "D12.1",
"label": "D12.1",
"size":       18,
"meta": "dro_12",
"fx": -485.3867,
"fy": 689.7029,
"fz": 295.8083,
"origX": -0.84212,
"origY":  0.95698,
"origZ":  0.35497,
"colorb": "#3CB44B" 
},
{
 "id": "D12.2",
"label": "D12.2",
"size":       18,
"meta": "dro_12",
"fx": -525.1956,
"fy": 726.6857,
"fz": 318.4083,
"origX": -0.93169,
"origY":   1.0217,
"origZ":  0.38209,
"colorb": "#3CB44B" 
},
{
 "id": "D12.3",
"label": "D12.3",
"size":       18,
"meta": "dro_12",
"fx": -348.3289,
"fy": 141.0069,
"fz": 64.51333,
"origX": -0.53374,
"origY": -0.0032379,
"origZ": 0.077416,
"colorb": "#3CB44B" 
},
{
 "id": "D12.4",
"label": "D12.4",
"size":       18,
"meta": "dro_12",
"fx":   -737.6,
"fy": 693.1257,
"fz": -118.3167,
"origX":  -1.4096,
"origY":  0.96297,
"origZ": -0.14198,
"colorb": "#3CB44B" 
},
{
 "id": "F12.1",
"label": "F12.1",
"size":       18,
"meta": "foc_12",
"fx": 276.9111,
"fy": 127.7406,
"fz": 338.1083,
"origX":  0.87305,
"origY": -0.026454,
"origZ":  0.40573,
"colorb": "#4363D8" 
},
{
 "id": "F12.2",
"label": "F12.2",
"size":       18,
"meta": "foc_12",
"fx": 241.8222,
"fy": 385.7086,
"fz": 33.19917,
"origX":   0.7941,
"origY":  0.42499,
"origZ": 0.039839,
"colorb": "#4363D8" 
},
{
 "id": "F12.3",
"label": "F12.3",
"size":       18,
"meta": "foc_12",
"fx": 734.2222,
"fy": 418.4457,
"fz": -216.2833,
"origX":    1.902,
"origY":  0.48228,
"origZ": -0.25954,
"colorb": "#4363D8" 
},
{
 "id": "F12.4",
"label": "F12.4",
"size":       18,
"meta": "foc_12",
"fx":    581.2,
"fy": 407.5829,
"fz":  10.2775,
"origX":   1.5577,
"origY":  0.46327,
"origZ": 0.012333,
"colorb": "#4363D8" 
},
{
 "id": "X12.1",
"label": "X12.1",
"size":       18,
"meta": "xvm_12",
"fx": -359.5511,
"fy": -285.7429,
"fz": -767.2083,
"origX": -0.55899,
"origY": -0.75005,
"origZ": -0.92065,
"colorb": "#42D4F4" 
},
{
 "id": "X12.2",
"label": "X12.2",
"size":       18,
"meta": "xvm_12",
"fx": -253.4089,
"fy": -11.02286,
"fz": -669.2417,
"origX": -0.32017,
"origY": -0.26929,
"origZ": -0.80309,
"colorb": "#42D4F4" 
},
{
 "id": "X12.3",
"label": "X12.3",
"size":       18,
"meta": "xvm_12",
"fx":  -157.36,
"fy": -112.8914,
"fz": -613.5667,
"origX": -0.10406,
"origY": -0.44756,
"origZ": -0.73628,
"colorb": "#42D4F4" 
} 
],
"meta": [ "con_12", "con_12", "con_12", "dro_12", "dro_12", "dro_12", "dro_12", "foc_12", "foc_12", "foc_12", "foc_12", "xvm_12", "xvm_12", "xvm_12" ],
"loading": [
 {
 "id": "M367.151T397.982",
"label": "M367.151T397.982",
"size":       24,
"opacity":      0.8,
"fx":   -834.8,
"fy": 898.8909,
"fz": 93.83333,
"origX": -0.43392,
"origY":  0.64439,
"origZ": 0.092225,
"seedArr": "notSeed",
"colorb": "#F03B20",
"colorw": "#F03B20" 
},
{
 "id": "M536.899T13.11",
"label": "M536.899T13.11",
"size":       24,
"opacity":      0.6,
"fx":    750.5,
"fy":  -173.54,
"fz": 262.1556,
"origX":   0.2002,
"origY": 0.054553,
"origZ":  0.16797,
"seedArr": "notSeed",
"colorb": "#FBC784",
"colorw": "#FBC784" 
},
{
 "id": "M664.853T17.893",
"label": "M664.853T17.893",
"size":       24,
"opacity":     0.56,
"fx": -255.625,
"fy": -513.6545,
"fz": -55.31778,
"origX": -0.20225,
"origY": -0.13251,
"origZ": 0.025107,
"seedArr": "notSeed",
"colorb": "#FEE79C",
"colorw": "#FEE79C" 
},
{
 "id": "M768.855T17.124",
"label": "M768.855T17.124",
"size":       24,
"opacity":     0.65,
"fx":  -349.05,
"fy": -395.1218,
"fz": -444.5778,
"origX": -0.23962,
"origY": -0.067317,
"origZ": -0.15006,
"seedArr": "notSeed",
"colorb": "#F9A66D",
"colorw": "#F9A66D" 
},
{
 "id": "M774.824T18.125",
"label": "M774.824T18.125",
"size":       24,
"opacity":     0.69,
"fx": -202.025,
"fy": -619.0909,
"fz": 199.8222,
"origX": -0.18081,
"origY":  -0.1905,
"origZ":  0.13992,
"seedArr": "notSeed",
"colorb": "#F68656",
"colorw": "#F68656" 
},
{
 "id": "M830.837T11.111",
"label": "M830.837T11.111",
"size":       24,
"opacity":     0.68,
"fx":   131.07,
"fy": 77.76364,
"fz": -594.8889,
"origX": -0.047572,
"origY":  0.19277,
"origZ":  -0.2177,
"seedArr": "notSeed",
"colorb": "#F7915E",
"colorw": "#F7915E" 
},
{
 "id": "M831.338T16.12",
"label": "M831.338T16.12",
"size":       24,
"opacity":     0.39,
"fx":  -163.35,
"fy": -381.4945,
"fz":  -238.52,
"origX": -0.16534,
"origY": -0.059822,
"origZ": -0.057334,
"seedArr": "notSeed",
"colorb": "#FDF2C8",
"colorw": "#FDF2C8" 
},
{
 "id": "M848.827T17.121",
"label": "M848.827T17.121",
"size":       24,
"opacity":     0.41,
"fx":  -219.65,
"fy": -311.9673,
"fz": -64.54889,
"origX": -0.18786,
"origY": -0.021582,
"origZ": 0.020953,
"seedArr": "notSeed",
"colorb": "#FDF1C4",
"colorw": "#FDF1C4" 
},
{
 "id": "M882.812T18.125",
"label": "M882.812T18.125",
"size":       24,
"opacity":     0.66,
"fx": -142.075,
"fy": -658.1273,
"fz": 173.6222,
"origX": -0.15683,
"origY": -0.21197,
"origZ":  0.12813,
"seedArr": "notSeed",
"colorb": "#F89C65",
"colorw": "#F89C65" 
},
{
 "id": "M883.492T15.092",
"label": "M883.492T15.092",
"size":       24,
"opacity":     0.35,
"fx":  268.063,
"fy": -9.272727,
"fz":  -283.18,
"origX": 0.0072252,
"origY":   0.1449,
"origZ": -0.077431,
"seedArr": "notSeed",
"colorb": "#FCF3D3",
"colorw": "#FCF3D3" 
},
{
 "id": "M908.151T15.062",
"label": "M908.151T15.062",
"size":       24,
"opacity":     0.71,
"fx":  173.285,
"fy": -151.9491,
"fz": 616.6667,
"origX": -0.030686,
"origY": 0.066428,
"origZ":   0.3275,
"seedArr": "notSeed",
"colorb": "#F57B4E",
"colorw": "#F57B4E" 
},
{
 "id": "M970.794T18.128",
"label": "M970.794T18.128",
"size":       24,
"opacity":     0.54,
"fx":  -300.75,
"fy":  -383.98,
"fz": 43.48889,
"origX":  -0.2203,
"origY": -0.061189,
"origZ":  0.06957,
"seedArr": "notSeed",
"colorb": "#FEEDA1",
"colorw": "#FEEDA1" 
},
{
 "id": "M970.807T12.104",
"label": "M970.807T12.104",
"size":       24,
"opacity":     0.45,
"fx":  617.775,
"fy":    -65.2,
"fz":  -292.86,
"origX":  0.14711,
"origY":  0.11414,
"origZ": -0.081787,
"seedArr": "notSeed",
"colorb": "#FDF0B8",
"colorw": "#FDF0B8" 
},
{
 "id": "M991.807T13.109",
"label": "M991.807T13.109",
"size":       24,
"opacity":     0.74,
"fx":   308.36,
"fy": -334.1436,
"fz": -933.3556,
"origX": 0.023344,
"origY": -0.033779,
"origZ": -0.37001,
"seedArr": "notSeed",
"colorb": "#F3663F",
"colorw": "#F3663F" 
},
{
 "id": "M996.798T17.124",
"label": "M996.798T17.124",
"size":       24,
"opacity":     0.47,
"fx":   -190.4,
"fy": -331.2455,
"fz": -391.5556,
"origX": -0.17616,
"origY": -0.032185,
"origZ":  -0.1262,
"seedArr": "notSeed",
"colorb": "#FEEFB4",
"colorw": "#FEEFB4" 
},
{
 "id": "M1026.791T12.104",
"label": "M1026.791T12.104",
"size":       24,
"opacity":     0.38,
"fx":   537.45,
"fy": -25.78182,
"fz": -7.724444,
"origX":  0.11498,
"origY":  0.13582,
"origZ": 0.046524,
"seedArr": "notSeed",
"colorb": "#FCF2CB",
"colorw": "#FCF2CB" 
},
{
 "id": "M1030.792T17.119",
"label": "M1030.792T17.119",
"size":       24,
"opacity":     0.48,
"fx": -215.025,
"fy": -430.8655,
"fz":    74.12,
"origX": -0.18601,
"origY": -0.086976,
"origZ": 0.083354,
"seedArr": "notSeed",
"colorb": "#FEEFB1",
"colorw": "#FEEFB1" 
},
{
 "id": "M1053.787T16.896",
"label": "M1053.787T16.896",
"size":       24,
"opacity":     0.59,
"fx":  -321.55,
"fy": -446.5182,
"fz": -186.0356,
"origX": -0.22862,
"origY": -0.095585,
"origZ": -0.033716,
"seedArr": "notSeed",
"colorb": "#FCD28C",
"colorw": "#FCD28C" 
},
{
 "id": "M1058.286T17.121",
"label": "M1058.286T17.121",
"size":       24,
"opacity":     0.44,
"fx": -186.925,
"fy": -213.4509,
"fz": -317.7844,
"origX": -0.17477,
"origY": 0.032602,
"origZ": -0.093003,
"seedArr": "notSeed",
"colorb": "#FDF0BC",
"colorw": "#FDF0BC" 
},
{
 "id": "M1094.782T12.105",
"label": "M1094.782T12.105",
"size":       24,
"opacity":     0.72,
"fx": 187.6975,
"fy":   -133.7,
"fz": -888.6222,
"origX": -0.024921,
"origY": 0.076465,
"origZ": -0.34988,
"seedArr": "notSeed",
"colorb": "#F47046",
"colorw": "#F47046" 
},
{
 "id": "M1107.445T13.643",
"label": "M1107.445T13.643",
"size":       24,
"opacity":     0.75,
"fx":    976.8,
"fy":   -557.6,
"fz": 348.4222,
"origX":  0.29072,
"origY": -0.15668,
"origZ":  0.20679,
"seedArr": "notSeed",
"colorb": "#F25B37",
"colorw": "#F25B37" 
},
{
 "id": "M1116.775T17.12",
"label": "M1116.775T17.12",
"size":       24,
"opacity":     0.78,
"fx":   -206.9,
"fy": -978.7636,
"fz": 386.2222,
"origX": -0.18276,
"origY": -0.38832,
"origZ":   0.2238,
"seedArr": "notSeed",
"colorb": "#F04527",
"colorw": "#F04527" 
},
{
 "id": "M1189.43T15.136",
"label": "M1189.43T15.136",
"size":       24,
"opacity":     0.77,
"fx":  342.355,
"fy": 85.65455,
"fz": 820.5111,
"origX": 0.036942,
"origY":  0.19711,
"origZ":  0.41923,
"seedArr": "notSeed",
"colorb": "#F1502F",
"colorw": "#F1502F" 
},
{
 "id": "M1220.262T13.111",
"label": "M1220.262T13.111",
"size":       24,
"opacity":     0.62,
"fx":  570.825,
"fy": -525.0545,
"fz":   -530.6,
"origX":  0.12833,
"origY": -0.13878,
"origZ": -0.18877,
"seedArr": "notSeed",
"colorb": "#FABC7D",
"colorw": "#FABC7D" 
},
{
 "id": "M1236.757T13.113",
"label": "M1236.757T13.113",
"size":       24,
"opacity":     0.51,
"fx":  -156.65,
"fy": -322.9018,
"fz": 236.9556,
"origX": -0.16266,
"origY": -0.027596,
"origZ":  0.15663,
"seedArr": "notSeed",
"colorb": "#FEEEA9",
"colorw": "#FEEEA9" 
},
{
 "id": "M1239.758T16.118",
"label": "M1239.758T16.118",
"size":       24,
"opacity":     0.53,
"fx":  -301.25,
"fy": -380.4182,
"fz": -203.4622,
"origX":  -0.2205,
"origY": -0.05923,
"origZ": -0.041558,
"seedArr": "notSeed",
"colorb": "#FEEDA5",
"colorw": "#FEEDA5" 
},
{
 "id": "M1244.755T16.127",
"label": "M1244.755T16.127",
"size":       24,
"opacity":     0.36,
"fx": -135.775,
"fy": -450.4655,
"fz":   -68.98,
"origX": -0.15431,
"origY": -0.097756,
"origZ": 0.018959,
"seedArr": "notSeed",
"colorb": "#FCF3CF",
"colorw": "#FCF3CF" 
},
{
 "id": "M1279.087T13.111",
"label": "M1279.087T13.111",
"size":       24,
"opacity":      0.3,
"fx":   15.735,
"fy": -442.3655,
"fz": -71.92222,
"origX": -0.093706,
"origY": -0.093301,
"origZ": 0.017635,
"seedArr": "notSeed",
"colorb": "#FCF5DF",
"colorw": "#FCF5DF" 
},
{
 "id": "M1288.745T12.11",
"label": "M1288.745T12.11",
"size":       24,
"opacity":     0.33,
"fx":    629.6,
"fy": -265.2582,
"fz": -107.5664,
"origX":  0.15184,
"origY": 0.004108,
"origZ": 0.0015951,
"seedArr": "notSeed",
"colorb": "#FCF4D7",
"colorw": "#FCF4D7" 
},
{
 "id": "M1334.742T13.111",
"label": "M1334.742T13.111",
"size":       24,
"opacity":     0.32,
"fx":   100.37,
"fy": -489.1455,
"fz": 4.302222,
"origX": -0.059852,
"origY": -0.11903,
"origZ": 0.051936,
"seedArr": "notSeed",
"colorb": "#FCF4DB",
"colorw": "#FCF4DB" 
},
{
 "id": "M1472.714T13.108",
"label": "M1472.714T13.108",
"size":       24,
"opacity":      0.5,
"fx": 385.5075,
"fy": -669.5818,
"fz": -161.5267,
"origX": 0.054203,
"origY": -0.21827,
"origZ": -0.022687,
"seedArr": "notSeed",
"colorb": "#FEEEAD",
"colorw": "#FEEEAD" 
},
{
 "id": "M1610.426T13.113",
"label": "M1610.426T13.113",
"size":       24,
"opacity":     0.57,
"fx": 178.9925,
"fy": -553.9273,
"fz": -538.3556,
"origX": -0.028403,
"origY": -0.15466,
"origZ": -0.19226,
"seedArr": "notSeed",
"colorb": "#FDDC94",
"colorw": "#FDDC94" 
},
{
 "id": "M1671.991T13.111",
"label": "M1671.991T13.111",
"size":       24,
"opacity":     0.63,
"fx":  29.3975,
"fy": -421.4836,
"fz": -663.1778,
"origX": -0.088241,
"origY": -0.081816,
"origZ": -0.24843,
"seedArr": "notSeed",
"colorb": "#FAB175",
"colorw": "#FAB175" 
},
{
 "id": "M1786.658T13.109",
"label": "M1786.658T13.109",
"size":       24,
"opacity":     0.42,
"fx": -221.275,
"fy": -362.3891,
"fz": -40.14444,
"origX": -0.18851,
"origY": -0.049314,
"origZ": 0.031935,
"seedArr": "notSeed",
"colorb": "#FDF1C0",
"colorw": "#FDF1C0" 
} 
],
"misc": "",
"ticks": {
 "x": [       -2,     -1.5,       -1,     -0.5,        0,      0.5,        1,      1.5,        2,      2.5 ],
"y": [       -2,     -1.5,       -1,     -0.5,        0,      0.5,        1,      1.5 ],
"z": [     -1.2,       -1,     -0.8,     -0.6,     -0.4,     -0.2,        0,      0.2,      0.4,      0.6,      0.8,        1,      1.2 ] 
},
"ticksLoading": {
 "x": [     -0.5,     -0.4,     -0.3,     -0.2,     -0.1,        0,      0.1,      0.2,      0.3 ],
"y": [     -0.4,     -0.3,     -0.2,     -0.1,        0,      0.1,      0.2,      0.3,      0.4,      0.5,      0.6,      0.7 ],
"z": [     -0.4,     -0.3,     -0.2,     -0.1,        0,      0.1,      0.2,      0.3,      0.4,      0.5 ] 
},
"axis": [ "PC1 (38.3%)", "PC2 (23.8%)", "PC3 (11.8%)" ],
"axisLoading": [ "Loading 1", "Loading 2", "Loading 3" ],
"metaCol": {
 "label": [ "con_12", "dro_12", "foc_12", "xvm_12" ],
"color": [ "#E6194B", "#3CB44B", "#4363D8", "#42D4F4" ] 
} 
}