{"score":{"axis":["PC1 (25.6%)","PC2 (11.8%)","PC3 (7.2%)"],"xyz":[[-5.2097,10.558,0.66244],[-4.3916,-1.0081,-7.2405],[-4.3916,-1.0081,-7.2405],[-1.8045,-2.9882,1.5183],[-1.6426,-1.8002,0.61225],[-0.16873,-2.0767,1.701],[-0.46242,-2.4156,0.91814],[1.1209,-4.7452,-0.15499],[-2.157,0.56901,1.5092],[10.841,0.44544,-1.9396],[-1.859,-3.6686,1.5348],[9.2132,4.784,-1.2583],[3.0991,2.118,2.3541],[9.056,0.3421,-0.79884],[0.16151,2.326,2.052],[7.2823,0.8419,-0.8475],[-0.61263,-2.5308,0.7006],[-4.5255,-1.5379,1.19],[-1.8283,-3.8777,1.4441],[-9.2693,4.5041,-0.80622],[-2.4509,1.1685,4.0896]],"name":["BLANK_2","QC.1_Dup","QC.1","QC.2","QC.3","C15.1","C15.2","C15.3","C15.4","D15.1","D15.2","D15.3","D15.4","F15.1","F15.2","F15.3","F15.4","X15.1","X15.2","X15.3","X15.4"],"facA":["Other","Other","Other","Other","Other","Third_Time-Point_Control","Third_Time-Point_Control","Third_Time-Point_Control","Third_Time-Point_Control","Third_Time-Point_Drought","Third_Time-Point_Drought","Third_Time-Point_Drought","Third_Time-Point_Drought","Third_Time-Point_Fusarium","Third_Time-Point_Fusarium","Third_Time-Point_Fusarium","Third_Time-Point_Fusarium","Third_Time-Point_Xanthomonas","Third_Time-Point_Xanthomonas","Third_Time-Point_Xanthomonas","Third_Time-Point_Xanthomonas"],"colors":["rgb(230,25,75)","rgb(60,180,75)","rgb(67,99,216)","rgb(66,212,244)","rgb(240,50,230)"]}}