{
 "omicstype": "",
"nodes": [
 {
 "id": "C15.1",
"label": "C15.1",
"size":       18,
"meta": "con_15",
"fx": -258.4333,
"fy":   226.18,
"fz": 157.2667,
"origX":  -1.3259,
"origY":   1.1309,
"origZ":   1.2077,
"colorb": "#E6194B" 
},
{
 "id": "C15.2",
"label": "C15.2",
"size":       18,
"meta": "con_15",
"fx": -263.0333,
"fy":  -188.47,
"fz": 290.9111,
"origX":  -1.3673,
"origY": -0.94235,
"origZ":   1.8091,
"colorb": "#E6194B" 
},
{
 "id": "C15.3",
"label": "C15.3",
"size":       18,
"meta": "con_15",
"fx": -608.7333,
"fy":   76.406,
"fz": 541.9556,
"origX":  -4.4786,
"origY":  0.38203,
"origZ":   2.9388,
"colorb": "#E6194B" 
},
{
 "id": "C15.4",
"label": "C15.4",
"size":       18,
"meta": "con_15",
"fx": -419.6667,
"fy":   255.44,
"fz": 651.9778,
"origX":   -2.777,
"origY":   1.2772,
"origZ":   3.4339,
"colorb": "#E6194B" 
},
{
 "id": "D15.1",
"label": "D15.1",
"size":       18,
"meta": "dro_15",
"fx": 711.1333,
"fy":      751,
"fz": -268.5867,
"origX":   7.4002,
"origY":    3.755,
"origZ": -0.70864,
"colorb": "#3CB44B" 
},
{
 "id": "D15.2",
"label": "D15.2",
"size":       18,
"meta": "dro_15",
"fx": -416.2667,
"fy":  124.968,
"fz": -344.5333,
"origX":  -2.7464,
"origY":  0.62484,
"origZ":  -1.0504,
"colorb": "#3CB44B" 
},
{
 "id": "D15.3",
"label": "D15.3",
"size":       18,
"meta": "dro_15",
"fx": 770.7111,
"fy":   797.18,
"fz": 82.55333,
"origX":   7.9364,
"origY":   3.9859,
"origZ":  0.87149,
"colorb": "#3CB44B" 
},
{
 "id": "D15.4",
"label": "D15.4",
"size":       18,
"meta": "dro_15",
"fx": 431.7667,
"fy": -144.648,
"fz": -558.2222,
"origX":   4.8859,
"origY": -0.72324,
"origZ":   -2.012,
"colorb": "#3CB44B" 
},
{
 "id": "F15.1",
"label": "F15.1",
"size":       18,
"meta": "foc_15",
"fx": 534.4889,
"fy":  -612.02,
"fz": -129.4729,
"origX":   5.8104,
"origY":  -3.0601,
"origZ": -0.082628,
"colorb": "#4363D8" 
},
{
 "id": "F15.2",
"label": "F15.2",
"size":       18,
"meta": "foc_15",
"fx": 140.7333,
"fy":   -571.2,
"fz": 253.3556,
"origX":   2.2666,
"origY":   -2.856,
"origZ":   1.6401,
"colorb": "#4363D8" 
},
{
 "id": "F15.3",
"label": "F15.3",
"size":       18,
"meta": "foc_15",
"fx":    345.5,
"fy":   -766.3,
"fz": -237.9711,
"origX":   4.1095,
"origY":  -3.8315,
"origZ": -0.57087,
"colorb": "#4363D8" 
},
{
 "id": "F15.4",
"label": "F15.4",
"size":       18,
"meta": "foc_15",
"fx": -245.5667,
"fy":  -418.16,
"fz": -103.3131,
"origX":  -1.2101,
"origY":  -2.0908,
"origZ": 0.035091,
"colorb": "#4363D8" 
},
{
 "id": "X15.1",
"label": "X15.1",
"size":       18,
"meta": "xvm_15",
"fx": -661.2889,
"fy":   98.708,
"fz": -315.3689,
"origX":  -4.9516,
"origY":  0.49354,
"origZ": -0.91916,
"colorb": "#42D4F4" 
},
{
 "id": "X15.2",
"label": "X15.2",
"size":       18,
"meta": "xvm_15",
"fx": -598.5333,
"fy":    61.79,
"fz": -547.6889,
"origX":  -4.3868,
"origY":  0.30895,
"origZ":  -1.9646,
"colorb": "#42D4F4" 
},
{
 "id": "X15.3",
"label": "X15.3",
"size":       18,
"meta": "xvm_15",
"fx": -820.0222,
"fy":   174.15,
"fz": -428.6889,
"origX":  -6.3802,
"origY":  0.87075,
"origZ":  -1.4291,
"colorb": "#42D4F4" 
},
{
 "id": "X15.4",
"label": "X15.4",
"size":       18,
"meta": "xvm_15",
"fx": -420.5778,
"fy":  134.968,
"fz": -821.9556,
"origX":  -2.7852,
"origY":  0.67484,
"origZ":  -3.1988,
"colorb": "#42D4F4" 
} 
],
"meta": [ "con_15", "con_15", "con_15", "con_15", "dro_15", "dro_15", "dro_15", "dro_15", "foc_15", "foc_15", "foc_15", "foc_15", "xvm_15", "xvm_15", "xvm_15", "xvm_15" ],
"loading": [
 {
 "id": "M222.962T20.134",
"label": "M222.962T20.134",
"size":       24,
"opacity":      0.3,
"fx": 467.8756,
"fy": -179.3429,
"fz":  -362.42,
"origX": 0.080272,
"origY": -0.11277,
"origZ": -0.026847,
"seedArr": "notSeed",
"colorb": "#FCF5DF",
"colorw": "#FCF5DF" 
},
{
 "id": "M247.083T835.562",
"label": "M247.083T835.562",
"size":       24,
"opacity":     0.66,
"fx":   -653.6,
"fy": 187.1514,
"fz": 397.7714,
"origX": -0.17206,
"origY": 0.015503,
"origZ":  0.23922,
"seedArr": "notSeed",
"colorb": "#F89C66",
"colorw": "#F89C66" 
},
{
 "id": "M367.151T397.982",
"label": "M367.151T397.982",
"size":       24,
"opacity":     0.62,
"fx": -490.8889,
"fy": 191.0971,
"fz": -944.5429,
"origX": -0.13545,
"origY": 0.016884,
"origZ": -0.23059,
"seedArr": "notSeed",
"colorb": "#FAB779",
"colorw": "#FAB779" 
},
{
 "id": "M516.891T17.488",
"label": "M516.891T17.488",
"size":       24,
"opacity":     0.32,
"fx": 862.4444,
"fy": 224.4829,
"fz": -96.93714,
"origX":  0.16905,
"origY": 0.028569,
"origZ": 0.066072,
"seedArr": "notSeed",
"colorb": "#FCF4D8",
"colorw": "#FCF4D8" 
},
{
 "id": "M573.464T1458.338",
"label": "M573.464T1458.338",
"size":       24,
"opacity":     0.38,
"fx": -807.0667,
"fy": 66.08857,
"fz": -322.9714,
"origX": -0.20659,
"origY": -0.026869,
"origZ": -0.01304,
"seedArr": "notSeed",
"colorb": "#FCF2CC",
"colorw": "#FCF2CC" 
},
{
 "id": "M575.48T1424.867",
"label": "M575.48T1424.867",
"size":       24,
"opacity":     0.51,
"fx": -779.2444,
"fy": -190.4571,
"fz": -282.6709,
"origX": -0.20033,
"origY": -0.11666,
"origZ": 0.0010652,
"seedArr": "notSeed",
"colorb": "#FEEEA9",
"colorw": "#FEEEA9" 
},
{
 "id": "M591.475T1442.976",
"label": "M591.475T1442.976",
"size":       24,
"opacity":     0.44,
"fx":     -784,
"fy": 246.8714,
"fz": -460.5257,
"origX":  -0.2014,
"origY": 0.036405,
"origZ": -0.061184,
"seedArr": "notSeed",
"colorb": "#FDF0BC",
"colorw": "#FDF0BC" 
},
{
 "id": "M631.468T1459.998",
"label": "M631.468T1459.998",
"size":       24,
"opacity":     0.36,
"fx": -809.5111,
"fy": 192.8657,
"fz": -290.0191,
"origX": -0.20714,
"origY": 0.017503,
"origZ": -0.0015067,
"seedArr": "notSeed",
"colorb": "#FCF3CF",
"colorw": "#FCF3CF" 
},
{
 "id": "M632.472T1474.795",
"label": "M632.472T1474.795",
"size":       24,
"opacity":     0.39,
"fx": -807.8222,
"fy": 215.0171,
"fz": -332.0143,
"origX": -0.20676,
"origY": 0.025256,
"origZ": -0.016205,
"seedArr": "notSeed",
"colorb": "#FDF2C8",
"colorw": "#FDF2C8" 
},
{
 "id": "M633.474T1424.866",
"label": "M633.474T1424.866",
"size":       24,
"opacity":     0.42,
"fx": -798.8889,
"fy": 75.50571,
"fz":  -434.88,
"origX": -0.20475,
"origY": -0.023573,
"origZ": -0.052208,
"seedArr": "notSeed",
"colorb": "#FDF1BF",
"colorw": "#FDF1BF" 
},
{
 "id": "M634.485T1424.862",
"label": "M634.485T1424.862",
"size":       24,
"opacity":      0.4,
"fx": -777.5111,
"fy": 152.3446,
"fz": -471.7857,
"origX": -0.19994,
"origY": 0.0033206,
"origZ": -0.065125,
"seedArr": "notSeed",
"colorb": "#FDF1C5",
"colorw": "#FDF1C5" 
},
{
 "id": "M647.463T1427.898",
"label": "M647.463T1427.898",
"size":       24,
"opacity":     0.41,
"fx": -802.1333,
"fy": 251.9257,
"fz": -383.4686,
"origX": -0.20548,
"origY": 0.038174,
"origZ": -0.034214,
"seedArr": "notSeed",
"colorb": "#FDF1C2",
"colorw": "#FDF1C2" 
},
{
 "id": "M648.465T1441.075",
"label": "M648.465T1441.075",
"size":       24,
"opacity":     0.46,
"fx": -772.8889,
"fy": 314.0771,
"fz": -486.1771,
"origX":  -0.1989,
"origY": 0.059927,
"origZ": -0.070162,
"seedArr": "notSeed",
"colorb": "#FDEFB6",
"colorw": "#FDEFB6" 
},
{
 "id": "M649.479T1424.057",
"label": "M649.479T1424.057",
"size":       24,
"opacity":     0.52,
"fx": -718.7556,
"fy": -227.3714,
"fz": -440.0314,
"origX": -0.18672,
"origY": -0.12958,
"origZ": -0.054011,
"seedArr": "notSeed",
"colorb": "#FEEDA6",
"colorw": "#FEEDA6" 
},
{
 "id": "M650.482T1423.88",
"label": "M650.482T1423.88",
"size":       24,
"opacity":     0.54,
"fx":   -707.2,
"fy": -175.3714,
"fz": -546.4686,
"origX": -0.18412,
"origY": -0.11138,
"origZ": -0.091264,
"seedArr": "notSeed",
"colorb": "#FEEDA3",
"colorw": "#FEEDA3" 
},
{
 "id": "M671.358T17.117",
"label": "M671.358T17.117",
"size":       24,
"opacity":     0.69,
"fx":      534,
"fy": -382.6571,
"fz": -895.2857,
"origX":  0.09515,
"origY": -0.18393,
"origZ": -0.21335,
"seedArr": "notSeed",
"colorb": "#F68B59",
"colorw": "#F68B59" 
},
{
 "id": "M681.468T1391.964",
"label": "M681.468T1391.964",
"size":       24,
"opacity":      0.6,
"fx": -625.4222,
"fy": 443.4857,
"fz": -763.9429,
"origX": -0.16572,
"origY":  0.10522,
"origZ": -0.16738,
"seedArr": "notSeed",
"colorb": "#FCC986",
"colorw": "#FCC986" 
},
{
 "id": "M771.505T1357.807",
"label": "M771.505T1357.807",
"size":       24,
"opacity":     0.59,
"fx": -673.4222,
"fy": 25.72571,
"fz": 204.4857,
"origX": -0.17652,
"origY": -0.040996,
"origZ":  0.17157,
"seedArr": "notSeed",
"colorb": "#FCD28C",
"colorw": "#FCD28C" 
},
{
 "id": "M799.252T819.392",
"label": "M799.252T819.392",
"size":       24,
"opacity":     0.68,
"fx": -584.5778,
"fy": 359.0943,
"fz": 398.4286,
"origX": -0.15653,
"origY": 0.075683,
"origZ":  0.23945,
"seedArr": "notSeed",
"colorb": "#F79460",
"colorw": "#F79460" 
},
{
 "id": "M817.264T834.906",
"label": "M817.264T834.906",
"size":       24,
"opacity":     0.57,
"fx": -662.3556,
"fy":   385.66,
"fz": 155.6571,
"origX": -0.17403,
"origY": 0.084981,
"origZ":  0.15448,
"seedArr": "notSeed",
"colorb": "#FDDB93",
"colorw": "#FDDB93" 
},
{
 "id": "M827.834T17.122",
"label": "M827.834T17.122",
"size":       24,
"opacity":     0.49,
"fx": 792.3556,
"fy": 421.0571,
"fz": -655.6571,
"origX":  0.15328,
"origY":  0.09737,
"origZ": -0.12948,
"seedArr": "notSeed",
"colorb": "#FEEFAF",
"colorw": "#FEEFAF" 
},
{
 "id": "M831.338T16.12",
"label": "M831.338T16.12",
"size":       24,
"opacity":     0.55,
"fx": 713.6889,
"fy": -51.75429,
"fz": -796.9143,
"origX":  0.13558,
"origY": -0.068114,
"origZ": -0.17892,
"seedArr": "notSeed",
"colorb": "#FFEDA0",
"colorw": "#FFEDA0" 
},
{
 "id": "M835.826T17.121",
"label": "M835.826T17.121",
"size":       24,
"opacity":     0.79,
"fx": 558.0444,
"fy": 16.87714,
"fz": 881.3714,
"origX":  0.10056,
"origY": -0.044093,
"origZ":  0.40848,
"seedArr": "notSeed",
"colorb": "#F04326",
"colorw": "#F04326" 
},
{
 "id": "M839.337T903.707",
"label": "M839.337T903.707",
"size":       24,
"opacity":     0.35,
"fx": -723.0222,
"fy": 376.7686,
"fz": -360.1829,
"origX": -0.18768,
"origY": 0.081869,
"origZ": -0.026064,
"seedArr": "notSeed",
"colorb": "#FCF3D2",
"colorw": "#FCF3D2" 
},
{
 "id": "M856.823T18.124",
"label": "M856.823T18.124",
"size":       24,
"opacity":     0.34,
"fx": 954.6667,
"fy": 170.2446,
"fz": -404.3486,
"origX":   0.1898,
"origY": 0.0095856,
"origZ": -0.041522,
"seedArr": "notSeed",
"colorb": "#FCF3D5",
"colorw": "#FCF3D5" 
},
{
 "id": "M890.804T18.126",
"label": "M890.804T18.126",
"size":       24,
"opacity":     0.48,
"fx": 873.7333,
"fy": 528.5429,
"fz":  -383.68,
"origX":  0.17159,
"origY":  0.13499,
"origZ": -0.034288,
"seedArr": "notSeed",
"colorb": "#FEEFB2",
"colorw": "#FEEFB2" 
},
{
 "id": "M931.815T16.119",
"label": "M931.815T16.119",
"size":       24,
"opacity":      0.5,
"fx": 764.9333,
"fy": 72.08571,
"fz": 204.9143,
"origX":  0.14711,
"origY": -0.02477,
"origZ":  0.17172,
"seedArr": "notSeed",
"colorb": "#FEEEAC",
"colorw": "#FEEEAC" 
},
{
 "id": "M950.801T18.122",
"label": "M950.801T18.122",
"size":       24,
"opacity":     0.56,
"fx": 800.2667,
"fy": 552.6857,
"fz": -626.7714,
"origX":  0.15506,
"origY":  0.14344,
"origZ": -0.11937,
"seedArr": "notSeed",
"colorb": "#FEE499",
"colorw": "#FEE499" 
},
{
 "id": "M967.818T12.107",
"label": "M967.818T12.107",
"size":       24,
"opacity":     0.74,
"fx": 90.08222,
"fy":    870.6,
"fz": 453.8286,
"origX": -0.0047315,
"origY":  0.25471,
"origZ":  0.25884,
"seedArr": "notSeed",
"colorb": "#F36740",
"colorw": "#F36740" 
},
{
 "id": "M1021.326T836.385",
"label": "M1021.326T836.385",
"size":       24,
"opacity":     0.65,
"fx": -668.1778,
"fy":   185.78,
"fz": 385.7429,
"origX": -0.17534,
"origY": 0.015023,
"origZ":  0.23501,
"seedArr": "notSeed",
"colorb": "#F9A56C",
"colorw": "#F9A56C" 
},
{
 "id": "M1023.307T13.116",
"label": "M1023.307T13.116",
"size":       24,
"opacity":     0.73,
"fx": 561.0222,
"fy":   -647.2,
"fz": 98.82857,
"origX":  0.10123,
"origY": -0.27652,
"origZ":  0.13459,
"seedArr": "notSeed",
"colorb": "#F47046",
"colorw": "#F47046" 
},
{
 "id": "M1059.426T884.067",
"label": "M1059.426T884.067",
"size":       24,
"opacity":     0.45,
"fx": -773.9111,
"fy": 365.3057,
"fz": -296.3463,
"origX": -0.19913,
"origY": 0.077857,
"origZ": -0.0037212,
"seedArr": "notSeed",
"colorb": "#FDF0B9",
"colorw": "#FDF0B9" 
},
{
 "id": "M1120.777T16.117",
"label": "M1120.777T16.117",
"size":       24,
"opacity":      0.8,
"fx": 443.7733,
"fy":    939.6,
"fz":    633.4,
"origX": 0.074849,
"origY":  0.27886,
"origZ":  0.32169,
"seedArr": "notSeed",
"colorb": "#F03B20",
"colorw": "#F03B20" 
},
{
 "id": "M1132.772T17.119",
"label": "M1132.772T17.119",
"size":       24,
"opacity":     0.78,
"fx": 74.09644,
"fy": -768.5429,
"fz": 413.0857,
"origX": -0.0083283,
"origY": -0.31899,
"origZ":  0.24458,
"seedArr": "notSeed",
"colorb": "#F14C2C",
"colorw": "#F14C2C" 
},
{
 "id": "M1141.772T16.116",
"label": "M1141.772T16.116",
"size":       24,
"opacity":     0.76,
"fx": 353.4844,
"fy": -888.6857,
"fz": -669.9429,
"origX": 0.054534,
"origY": -0.36104,
"origZ": -0.13448,
"seedArr": "notSeed",
"colorb": "#F25533",
"colorw": "#F25533" 
},
{
 "id": "M1160.766T17.121",
"label": "M1160.766T17.121",
"size":       24,
"opacity":     0.64,
"fx":      696,
"fy":      868,
"fz": -325.2971,
"origX":   0.1316,
"origY":   0.2538,
"origZ": -0.013854,
"seedArr": "notSeed",
"colorb": "#F9AE73",
"colorw": "#F9AE73" 
},
{
 "id": "M1298.242T13.11",
"label": "M1298.242T13.11",
"size":       24,
"opacity":     0.61,
"fx": -551.7333,
"fy":   -440.8,
"fz": -76.44857,
"origX": -0.14914,
"origY": -0.20428,
"origZ": 0.073243,
"seedArr": "notSeed",
"colorb": "#FBC080",
"colorw": "#FBC080" 
},
{
 "id": "M1342.731T13.115",
"label": "M1342.731T13.115",
"size":       24,
"opacity":     0.31,
"fx": -349.2444,
"fy": -192.1429,
"fz":  -243.84,
"origX": -0.10358,
"origY": -0.11725,
"origZ": 0.014656,
"seedArr": "notSeed",
"colorb": "#FCF4DB",
"colorw": "#FCF4DB" 
},
{
 "id": "M1355.738T13.11",
"label": "M1355.738T13.11",
"size":       24,
"opacity":     0.75,
"fx": 352.7067,
"fy": -666.4571,
"fz": 355.4286,
"origX": 0.054359,
"origY": -0.28326,
"origZ":   0.2244,
"seedArr": "notSeed",
"colorb": "#F35E39",
"colorw": "#F35E39" 
},
{
 "id": "M1501.706T13.11",
"label": "M1501.706T13.11",
"size":       24,
"opacity":      0.7,
"fx": 600.6667,
"fy": -546.4286,
"fz": 190.0571,
"origX":  0.11015,
"origY": -0.24125,
"origZ":  0.16652,
"seedArr": "notSeed",
"colorb": "#F68253",
"colorw": "#F68253" 
},
{
 "id": "M1505.382T13.111",
"label": "M1505.382T13.111",
"size":       24,
"opacity":     0.71,
"fx": 87.49422,
"fy": -746.5429,
"fz": -450.0486,
"origX": -0.0053138,
"origY": -0.31129,
"origZ": -0.057517,
"seedArr": "notSeed",
"colorb": "#F5794C",
"colorw": "#F5794C" 
} 
],
"misc": "",
"ticks": {
 "x": [       -8,       -6,       -4,       -2,        0,        2,        4,        6,        8,       10 ],
"y": [       -5,       -4,       -3,       -2,       -1,        0,        1,        2,        3,        4,        5 ],
"z": [       -4,       -3,       -2,       -1,        0,        1,        2,        3,        4,        5 ] 
},
"ticksLoading": {
 "x": [    -0.25,     -0.2,    -0.15,     -0.1,    -0.05,        0,     0.05,      0.1,     0.15,      0.2 ],
"y": [     -0.4,    -0.35,     -0.3,    -0.25,     -0.2,    -0.15,     -0.1,    -0.05,        0,     0.05,      0.1,     0.15,      0.2,     0.25,      0.3 ],
"z": [    -0.25,     -0.2,    -0.15,     -0.1,    -0.05,        0,     0.05,      0.1,     0.15,      0.2,     0.25,      0.3,     0.35,      0.4,     0.45 ] 
},
"axis": [ "PC1 (53.7%)", "PC2 (11.9%)", "PC3 (8.4%)" ],
"axisLoading": [ "Loading 1", "Loading 2", "Loading 3" ],
"metaCol": {
 "label": [ "con_15", "dro_15", "foc_15", "xvm_15" ],
"color": [ "#E6194B", "#3CB44B", "#4363D8", "#42D4F4" ] 
} 
}