{
 "omicstype": "",
"nodes": [
 {
 "id": "C12.1",
"label": "C12.1",
"size":       18,
"meta": "con_12",
"fx": -743.5818,
"fy": 476.4364,
"fz": 574.0978,
"origX": -0.45897,
"origY":  0.10602,
"origZ": 0.054172,
"colorb": "#E6194B" 
},
{
 "id": "C12.3",
"label": "C12.3",
"size":       18,
"meta": "con_12",
"fx":   -188.6,
"fy": -304.5818,
"fz": 727.3644,
"origX": -0.15373,
"origY": -0.10876,
"origZ": 0.088657,
"colorb": "#E6194B" 
},
{
 "id": "C12.4",
"label": "C12.4",
"size":       18,
"meta": "con_12",
"fx": -422.6545,
"fy":   -96.12,
"fz": -609.5111,
"origX": -0.28246,
"origY": -0.051433,
"origZ": -0.21214,
"colorb": "#E6194B" 
},
{
 "id": "F12.1",
"label": "F12.1",
"size":       18,
"meta": "foc_12",
"fx": 157.9745,
"fy": 745.7818,
"fz":      800,
"origX": 0.036886,
"origY":  0.18009,
"origZ":    0.105,
"colorb": "#3CB44B" 
},
{
 "id": "F12.2",
"label": "F12.2",
"size":       18,
"meta": "foc_12",
"fx":    385.8,
"fy": -779.2727,
"fz": 533.7733,
"origX":  0.16219,
"origY":  -0.2393,
"origZ": 0.045099,
"colorb": "#3CB44B" 
},
{
 "id": "F12.3",
"label": "F12.3",
"size":       18,
"meta": "foc_12",
"fx": 808.1455,
"fy": 693.2364,
"fz": -61.38222,
"origX":  0.39448,
"origY":  0.16564,
"origZ": -0.088811,
"colorb": "#3CB44B" 
},
{
 "id": "F12.4",
"label": "F12.4",
"size":       18,
"meta": "foc_12",
"fx": 639.3091,
"fy":   -99.12,
"fz": 368.9742,
"origX":  0.30162,
"origY": -0.052258,
"origZ": 0.0080192,
"colorb": "#3CB44B" 
} 
],
"meta": [ "con_12", "con_12", "con_12", "foc_12", "foc_12", "foc_12", "foc_12" ],
"loading": [
 {
 "id": "M367.151T397.982",
"label": "M367.151T397.982",
"size":       24,
"opacity":      0.8,
"fx": 851.4222,
"fy": -922.6333,
"fz":     61.3,
"origX":  0.13314,
"origY": -0.85358,
"origZ":  0.23065,
"seedArr": "notSeed",
"colorb": "#F03B20",
"colorw": "#F03B20" 
},
{
 "id": "M536.899T13.11",
"label": "M536.899T13.11",
"size":       24,
"opacity":     0.75,
"fx": 880.5333,
"fy": 959.4333,
"fz":   163.66,
"origX":  0.14624,
"origY":  0.27566,
"origZ":  0.28183,
"seedArr": "notSeed",
"colorb": "#F25D38",
"colorw": "#F25D38" 
},
{
 "id": "M664.853T17.893",
"label": "M664.853T17.893",
"size":       24,
"opacity":     0.57,
"fx": 109.1111,
"fy":  606.315,
"fz": -389.8638,
"origX":  -0.2009,
"origY": 0.063789,
"origZ": 0.0050681,
"seedArr": "notSeed",
"colorb": "#FDDB93",
"colorw": "#FDDB93" 
},
{
 "id": "M768.855T17.124",
"label": "M768.855T17.124",
"size":       24,
"opacity":     0.54,
"fx": 137.2889,
"fy":  400.405,
"fz": -506.872,
"origX": -0.18822,
"origY": -0.059757,
"origZ": -0.053436,
"seedArr": "notSeed",
"colorb": "#FEEDA2",
"colorw": "#FEEDA2" 
},
{
 "id": "M774.824T18.125",
"label": "M774.824T18.125",
"size":       24,
"opacity":     0.69,
"fx": -61.75556,
"fy": 539.0533,
"fz": -500.152,
"origX": -0.27779,
"origY": 0.023432,
"origZ": -0.050076,
"seedArr": "notSeed",
"colorb": "#F68B59",
"colorw": "#F68B59" 
},
{
 "id": "M830.837T11.111",
"label": "M830.837T11.111",
"size":       24,
"opacity":     0.48,
"fx":    915.8,
"fy": 601.2067,
"fz": -448.732,
"origX":  0.16211,
"origY": 0.060724,
"origZ": -0.024366,
"seedArr": "notSeed",
"colorb": "#FEEFB2",
"colorw": "#FEEFB2" 
},
{
 "id": "M831.338T16.12",
"label": "M831.338T16.12",
"size":       24,
"opacity":     0.45,
"fx": 283.2889,
"fy": 691.2333,
"fz": -326.886,
"origX": -0.12252,
"origY":  0.11474,
"origZ": 0.036557,
"seedArr": "notSeed",
"colorb": "#FDF0BA",
"colorw": "#FDF0BA" 
},
{
 "id": "M848.827T17.121",
"label": "M848.827T17.121",
"size":       24,
"opacity":     0.51,
"fx":      284,
"fy": 331.3333,
"fz": -597.738,
"origX":  -0.1222,
"origY":  -0.1012,
"origZ": -0.098869,
"seedArr": "notSeed",
"colorb": "#FEEEAA",
"colorw": "#FEEEAA" 
},
{
 "id": "M882.812T18.125",
"label": "M882.812T18.125",
"size":       24,
"opacity":     0.74,
"fx": -21.95556,
"fy": 669.9833,
"fz":    -9.12,
"origX": -0.25988,
"origY":  0.10199,
"origZ":  0.19544,
"seedArr": "notSeed",
"colorb": "#F36841",
"colorw": "#F36841" 
},
{
 "id": "M883.492T15.092",
"label": "M883.492T15.092",
"size":       24,
"opacity":     0.33,
"fx": 722.0089,
"fy":  423.825,
"fz": -398.8611,
"origX": 0.074904,
"origY": -0.045705,
"origZ": 0.00056947,
"seedArr": "notSeed",
"colorb": "#FCF3D6",
"colorw": "#FCF3D6" 
},
{
 "id": "M908.151T15.062",
"label": "M908.151T15.062",
"size":       24,
"opacity":      0.4,
"fx": 439.0111,
"fy": 265.4833,
"fz": -365.694,
"origX": -0.052445,
"origY": -0.14071,
"origZ": 0.017153,
"seedArr": "notSeed",
"colorb": "#FDF1C6",
"colorw": "#FDF1C6" 
},
{
 "id": "M970.794T18.128",
"label": "M970.794T18.128",
"size":       24,
"opacity":     0.56,
"fx": 128.0222,
"fy": 432.0317,
"fz": -512.842,
"origX": -0.19239,
"origY": -0.040781,
"origZ": -0.056421,
"seedArr": "notSeed",
"colorb": "#FEE79B",
"colorw": "#FEE79B" 
},
{
 "id": "M970.807T12.104",
"label": "M970.807T12.104",
"size":       24,
"opacity":     0.53,
"fx": 973.6222,
"fy":   549.21,
"fz": -528.816,
"origX":  0.18813,
"origY": 0.029526,
"origZ": -0.064408,
"seedArr": "notSeed",
"colorb": "#FEEDA6",
"colorw": "#FEEDA6" 
},
{
 "id": "M991.807T13.109",
"label": "M991.807T13.109",
"size":       24,
"opacity":     0.64,
"fx": 742.9178,
"fy": 259.6667,
"fz":  -730.58,
"origX": 0.084313,
"origY":  -0.1442,
"origZ": -0.16529,
"seedArr": "notSeed",
"colorb": "#F9AD72",
"colorw": "#F9AD72" 
},
{
 "id": "M996.798T17.124",
"label": "M996.798T17.124",
"size":       24,
"opacity":     0.38,
"fx": 364.7289,
"fy": 576.9883,
"fz":  -611.32,
"origX": -0.085872,
"origY": 0.046193,
"origZ": -0.10566,
"seedArr": "notSeed",
"colorb": "#FCF2CA",
"colorw": "#FCF2CA" 
},
{
 "id": "M1030.792T17.119",
"label": "M1030.792T17.119",
"size":       24,
"opacity":     0.62,
"fx": 171.4667,
"fy":   418.29,
"fz":  -671.32,
"origX": -0.17284,
"origY": -0.049026,
"origZ": -0.13566,
"seedArr": "notSeed",
"colorb": "#FAB97A",
"colorw": "#FAB97A" 
},
{
 "id": "M1053.787T16.896",
"label": "M1053.787T16.896",
"size":       24,
"opacity":     0.65,
"fx": 105.8444,
"fy": 335.3633,
"fz": -553.504,
"origX": -0.20237,
"origY": -0.098782,
"origZ": -0.076752,
"seedArr": "notSeed",
"colorb": "#F8A26A",
"colorw": "#F8A26A" 
},
{
 "id": "M1058.286T17.121",
"label": "M1058.286T17.121",
"size":       24,
"opacity":     0.67,
"fx": 435.1444,
"fy": 324.5333,
"fz":    85.66,
"origX": -0.054185,
"origY": -0.10528,
"origZ":  0.24283,
"seedArr": "notSeed",
"colorb": "#F79662",
"colorw": "#F79662" 
},
{
 "id": "M1094.782T12.105",
"label": "M1094.782T12.105",
"size":       24,
"opacity":     0.61,
"fx": 859.7111,
"fy": 380.9167,
"fz":   -87.42,
"origX":  0.13687,
"origY": -0.07145,
"origZ":  0.15629,
"seedArr": "notSeed",
"colorb": "#FBC483",
"colorw": "#FBC483" 
},
{
 "id": "M1107.445T13.643",
"label": "M1107.445T13.643",
"size":       24,
"opacity":     0.35,
"fx": 702.8422,
"fy":  418.515,
"fz": -308.338,
"origX": 0.066279,
"origY": -0.048891,
"origZ": 0.045831,
"seedArr": "notSeed",
"colorb": "#FCF3D2",
"colorw": "#FCF3D2" 
},
{
 "id": "M1116.775T17.12",
"label": "M1116.775T17.12",
"size":       24,
"opacity":     0.78,
"fx": -789.2222,
"fy": 446.1117,
"fz":   293.38,
"origX": -0.60515,
"origY": -0.032333,
"origZ":  0.34669,
"seedArr": "notSeed",
"colorb": "#F04628",
"colorw": "#F04628" 
},
{
 "id": "M1189.43T15.136",
"label": "M1189.43T15.136",
"size":       24,
"opacity":     0.77,
"fx": 652.1578,
"fy": 658.8167,
"fz":   801.68,
"origX": 0.043471,
"origY":  0.09529,
"origZ":  0.60084,
"seedArr": "notSeed",
"colorb": "#F15130",
"colorw": "#F15130" 
},
{
 "id": "M1220.262T13.111",
"label": "M1220.262T13.111",
"size":       24,
"opacity":      0.3,
"fx": 690.0978,
"fy": 517.3733,
"fz": -403.684,
"origX": 0.060544,
"origY": 0.010424,
"origZ": -0.001842,
"seedArr": "notSeed",
"colorb": "#FCF5DF",
"colorw": "#FCF5DF" 
},
{
 "id": "M1236.757T13.113",
"label": "M1236.757T13.113",
"size":       24,
"opacity":     0.46,
"fx": 256.6444,
"fy": 613.7967,
"fz": -567.684,
"origX": -0.13451,
"origY": 0.068278,
"origZ": -0.083842,
"seedArr": "notSeed",
"colorb": "#FDEFB6",
"colorw": "#FDEFB6" 
},
{
 "id": "M1239.758T16.118",
"label": "M1239.758T16.118",
"size":       24,
"opacity":      0.7,
"fx": 190.8667,
"fy": 174.4333,
"fz":  -673.74,
"origX": -0.16411,
"origY": -0.19534,
"origZ": -0.13687,
"seedArr": "notSeed",
"colorb": "#F57F51",
"colorw": "#F57F51" 
},
{
 "id": "M1244.755T16.127",
"label": "M1244.755T16.127",
"size":       24,
"opacity":     0.72,
"fx": 156.8444,
"fy":   301.55,
"fz":  -827.64,
"origX": -0.17942,
"origY": -0.11907,
"origZ": -0.21382,
"seedArr": "notSeed",
"colorb": "#F47449",
"colorw": "#F47449" 
},
{
 "id": "M1279.087T13.111",
"label": "M1279.087T13.111",
"size":       24,
"opacity":     0.43,
"fx": 369.4956,
"fy":   541.03,
"fz":   -660.8,
"origX": -0.083727,
"origY": 0.024618,
"origZ":  -0.1304,
"seedArr": "notSeed",
"colorb": "#FDF0BE",
"colorw": "#FDF0BE" 
},
{
 "id": "M1334.742T13.111",
"label": "M1334.742T13.111",
"size":       24,
"opacity":     0.41,
"fx": 380.5533,
"fy":  445.765,
"fz":  -662.56,
"origX": -0.078751,
"origY": -0.032541,
"origZ": -0.13128,
"seedArr": "notSeed",
"colorb": "#FDF1C2",
"colorw": "#FDF1C2" 
},
{
 "id": "M1472.714T13.108",
"label": "M1472.714T13.108",
"size":       24,
"opacity":     0.36,
"fx": 390.1933,
"fy": 493.6013,
"fz":  -623.44,
"origX": -0.074413,
"origY": -0.0038392,
"origZ": -0.11172,
"seedArr": "notSeed",
"colorb": "#FCF2CE",
"colorw": "#FCF2CE" 
},
{
 "id": "M1610.426T13.113",
"label": "M1610.426T13.113",
"size":       24,
"opacity":     0.32,
"fx": 456.8022,
"fy":  489.974,
"fz": -277.772,
"origX": -0.044439,
"origY": -0.0060156,
"origZ": 0.061114,
"seedArr": "notSeed",
"colorb": "#FCF4DA",
"colorw": "#FCF4DA" 
},
{
 "id": "M1671.991T13.111",
"label": "M1671.991T13.111",
"size":       24,
"opacity":     0.59,
"fx": 492.2622,
"fy": 479.6467,
"fz":  -829.08,
"origX": -0.028482,
"origY": -0.012212,
"origZ": -0.21454,
"seedArr": "notSeed",
"colorb": "#FCD08B",
"colorw": "#FCD08B" 
},
{
 "id": "M1786.658T13.109",
"label": "M1786.658T13.109",
"size":       24,
"opacity":     0.49,
"fx": 229.5333,
"fy": 415.8233,
"fz": -232.666,
"origX": -0.14671,
"origY": -0.050506,
"origZ": 0.083667,
"seedArr": "notSeed",
"colorb": "#FEEEAE",
"colorw": "#FEEEAE" 
} 
],
"misc": "",
"ticks": {
 "x": [     -0.6,     -0.5,     -0.4,     -0.3,     -0.2,     -0.1,        0,      0.1,      0.2,      0.3,      0.4,      0.5 ],
"y": [     -0.3,    -0.25,     -0.2,    -0.15,     -0.1,    -0.05,        0,     0.05,      0.1,     0.15,      0.2,     0.25 ],
"z": [     -0.3,    -0.25,     -0.2,    -0.15,     -0.1,    -0.05,        0,     0.05,      0.1,     0.15 ] 
},
"ticksLoading": {
 "x": [     -0.7,     -0.6,     -0.5,     -0.4,     -0.3,     -0.2,     -0.1,        0,      0.1,      0.2 ],
"y": [     -0.9,     -0.8,     -0.7,     -0.6,     -0.5,     -0.4,     -0.3,     -0.2,     -0.1,        0,      0.1,      0.2,      0.3 ],
"z": [     -0.3,     -0.2,     -0.1,        0,      0.1,      0.2,      0.3,      0.4,      0.5,      0.6,      0.7 ] 
},
"axis": [ "PC1 (62.2%)", "PC2 (15.4%)", "PC3 (8.1%)" ],
"axisLoading": [ "Loading 1", "Loading 2", "Loading 3" ],
"metaCol": {
 "label": [ "con_12", "foc_12" ],
"color": [ "#E6194B", "#3CB44B" ] 
} 
}