"","C12.1","C12.3","C12.4","D12.1","D12.2","D12.3","D12.4","F12.1","F12.2","F12.3","F12.4","BLANK.2","QC.1","QC.2","QC.3","X12.1","X12.2","X12.3"
"Label","Control","Control","Control","Drought","Drought","Drought","Drought","Fusarium","Fusarium","Fusarium","Fusarium","Other","Other","Other","Other","Xanthomonas","Xanthomonas","Xanthomonas"
"sodium_formate","3985225.417","3922751.054","3861917.098","4036645.716","3843867.149","3845185.216","4021607.908","4043455.006","3773975.074","3345590.809","3565069.568","3680698.477","4066641.635","3879395.65","4076296.312","3815932.471","3878102.735","3825451.14"
"M589.459T1372.544","22898.1671","83715.581","104461.691","226027.719","228000","126610.206","124000","177000","163865.837","14712.6626","117960.702","3998.0049","104409.0261","118000","84365.09","252427.935","160733.435","141000"
"M285.134T1052.907","10686.981","221176.579","269413.681","153462.067","292000","232329.913","151000","59500","95671.297","3603.0154","128288.515","2482.1616","160927.1464","191000","153403.204","212892.242","259981.006","304000"
"M569.292T994.771","1421.487","116906.609","125497.818","94825.907","120000","129907.456","91600","39900","59084.648","5226.939","66932.652","2515.551","102229.2876","111000","104590.73","112297.945","149970.546","178000"
"M637.414T1384.421","53442.2594","143299.106","151115.548","211600.274","195000","152124.445","175000","212000","170563.001","48200.3358","173888.749","41628.8069","139944.5964","160000","143226.42","235868.344","172879.439","177000"
"M867.584T1358.969","18354.2891","32761.048","35158.164","70727.559","74000","49353.927","32300","5040","21154.058","7990.8268","1008","6016.5501","32248.8127","20500","24506.329","32630.246","28642.034","24200"
"M593.485T1401.37","156741.0441","216680.445","263561.921","282573.673","306000","315815.576","279000","341000","333144.566","66489.44","359844.889","53538.4039","272104.2977","284000","261169.055","333378.112","233447.098","320000"
"M985.571T1146.934","1537.3531","178876.252","191828.13","145460.725","97400","149300.626","155000","111000","112383.819","15277.6498","92054.447","11917.3594","125480.2053","129000","128808.398","115500.518","145428.538","125000"
"M593.49T1490.213","171483.425","224110.018","270191.106","289759.181","325000","329718.667","291000","350000","353585.379","77789.3816","392041.697","61226.368","289607.0826","301000","267183.403","348797.998","243878.151","328000"
"M639.424T1291.55","13470.6348","114977.203","139862.171","136206.788","109000","101587.379","89700","121000","126508.987","10545.5781","119890.222","20888.2664","95363.5705","1e+05","92325.348","121164.455","118571.563","121000"
"M986.591T1195.638","6681.5984","148335.411","172198.193","88307.664","92900","123095.507","113000","78600","86026.052","1336.31968","86764.012","7312.2013","91905.4998","87000","101335.693","79847.172","107246.557","1e+05"
"M926.605T1358.969","8431.9458","11644.476","25191.321","21307.465","29900","47911.428","24300","26900","35548.104","5609.031","31699.993","2755.3582","17132.1935","8480","17400.043","22894.754","31885.377","36000"
"M593.49T1557.453","180130.219","227135.224","272513.5","299213.898","330000","336005.66","302000","361000","353179.638","77778.7776","399154.394","63930.3186","292353.5566","311000","276348.129","352067.14","250656.705","338000"
"M587.442T1269.605","13190.0309","76765.522","79488.415","63126.516","74100","52482.374","46900","52300","43834.814","8001.3613","44082.819","5165.6322","44571.1142","45100","37939.253","64047.741","36880.046","54100"
"M593.49T1539.529","168190.1966","225122.252","254580.076","292686.325","320000","336590.26","297000","339000","350202.442","77749.3774","390489.949","63948.6407","289508.9724","305000","264314.23","349482.045","244794.054","335000"
"M423.198T1506.423","593411.8484","738161.86","724434.323","637786.87","637000","717697.444","621000","672000","665182.277","524318.7379","682051.171","566826.0527","623271.4154","658000","659107.696","565841.49","587766.044","618000"
"M547.402T1437.709","200879.6187","230201.896","172493.958","351511.651","333000","251916.895","285000","402000","297278.502","222711.2835","303207.901","211829.8932","276375.4688","304000","300705.357","460601.302","278352.461","288000"
"M879.468T1338.726","3205.6913","44184.472","98451.371","69612.409","82200","90657.927","78900","176000","103215.973","7454.3585","134227.258","11896.5402","73566.5465","93800","70470.566","89877.39","90429.685","99400"
"M556.445T1212.039","3942.2917","31930.752","163353.676","18602.835","30800","33383.517","24400","11500","12657.841","2138.8598","10418.402","10398.1149","21989.7654","29200","19674.738","23814.668","17303.352","23500"
"M668.509T1456.373","46595.9331","71107.661","95899.971","116576.693","143000","96121.832","93800","148000","132930.815","37228.8252","136490.024","39634.4379","104592.5187","83100","94905.621","156682.416","97290.696","135000"
"M618.492T1624.789","50694.5957","70032.295","106798.057","128297.163","123000","151873.744","122000","163000","143552.872","43068.2222","214683.51","56998.3487","137223.9275","134000","129062.144","157368.423","121387.96","145000"
"M393.189T1440.567","146768.0189","169388.244","155747.588","157820.758","165000","174654.81","156000","175000","170158.796","163621.3769","179369.326","143534.668","157167.9668","168000","161297.751","179523.573","184871.039","196000"
"M629.464T1456.367","156744.2698","286333.224","305526.038","337661.667","341000","344133.568","290000","462000","363209.301","100140.6145","420063.859","90429.305","304003.377","325000","298773.943","399494.738","322401.825","361000"
"M555.454T1439.586","86625.4791","158662.419","198439.434","264694.247","223000","177272.735","193000","288000","232846.781","66422.4307","228223.782","63742.674","178568.0123","184000","171041.456","194350.883","203618.288","205000"
"M592.477T1439.652","53174.349","129919.406","189541.22","198719.125","218000","175740.263","185000","302000","235415.74","40815.9744","270650.17","36834.8188","167705.2697","182000","157507.234","297374.55","160320.885","199000"
"M889.305T842.452","5406.244","32551.846","61297.672","99537.774","74100","69766.621","83500","49200","65277.94","8757.1595","37932.111","19658.8328","54469.6513","62300","56081.294","68800.16","66555.649","65000"
"M513.307T1059.952","1824.67994","942716.402","928715.846","467060.357","793000","927941.227","483000","229000","315444.731","14535.6959","420868.065","9123.3997","484322.2754","867000","457639.024","693698.247","1131877.916","820000"
"M630.465T1474.173","58363.9243","95043.929","118291.147","131454.341","146000","121561.385","101000","193000","144984.421","45568.1669","154746.674","41543.0986","101020.2308","132000","106510.648","164246.443","120097.685","147000"
"M329.158T1625.781","115728.4351","94952.883","72574.306","117679.489","133000","102079.73","104000","133000","148447.812","130689.5033","122532.021","118875.9459","137886.0331","120000","129731.652","126411.515","139292.698","123000"
"M660.517T1423.005","44944.4427","59501.118","83916.64","123230.604","130000","81819.603","90700","194000","158401.178","33612.4398","123931.905","30557.3778","96138.782","99100","80796.786","162355.216","87432.444","89300"
"M670.538T1472.8","90766.6722","79878.439","110017.904","141942.002","135000","99916.286","119000","201000","158984.608","38953.4584","134731.479","41175.4122","100401.588","127000","102631.553","175005.285","114704.33","115000"
"M513.251T1355.541","22679.4349","226532.943","284481.147","173294.397","255000","196237.028","174000","220000","199376.318","34222.4394","225397.195","19934.4674","156313.2123","214000","169440.819","281037.698","237196.151","326000"
"M882.48T1339.403","2833.8675","41238.903","83587.362","50047.893","36600","62152.4","38500","93600","84624.714","2081.1607","90899.988","2217.1069","52645.1597","71400","50754.363","70084.716","59958.009","82100"
"M839.506T1306.415","21629.3499","123667.664","134406.402","100146.092","110000","147035.777","120000","159000","147184.836","35186.681","143205.077","19981.2021","103178.3335","117000","127185.333","128116.832","131972.399","152000"
"M575.477T1491.784","51828.3738","396062.429","474009.313","611083.55","575000","599231.77","478000","667000","635533.517","44426.6845","628600.599","10283.4097","488346.8245","393000","474320.773","704093.702","442494.57","563000"
"M564.206T918.312","355.35478","72246.027","159157.715","184154.155","216000","162588.284","193000","190000","207224.117","3573.035","179505.162","1776.7739","150000.642","139000","132469.064","197681.821","216958.784","183000"
"M564.208T942.149","698.97552","72261.713","154063.082","182264.911","205000","158378.459","183000","185000","206672.112","3494.8776","175518.853","698.97552","149868.5035","136000","128398.861","195224.054","216690.617","194000"
"M343.224T1621.712","92913.615","74256.778","76141.645","80808.974","82700","57266.216","65400","101000","101756.236","84635.8675","112674.128","71345.0996","97398.7144","79300","86661.91","88033.238","96225.8","98500"
"M609.455T1145.906","6740.1617","213102.146","159285.699","34086.016","23600","56132.184","39900","21700","27294.339","1348.03234","16178.189","11974.3082","29296.7987","32900","35900.426","31575.697","35059.624","20600"
"M771.504T1195.638","15659.5635","2245550.871","923252.551","298331.091","264000","520888.168","314000","233000","253350.645","5150.7721","290009.218","5031.3647","305789.3173","321000","319015.275","213308.063","388733.561","335000"
"M523.36T1271.932","5383.0818","90698.732","26915.409","171328.284","139000","167483.681","198000","114000","93568.47","5383.0818","55499.285","5383.0818","198384.6804","78200","205727.822","83096.014","76072.454","122000"
"M660.514T1439.78","53435.1168","64048.514","84776.995","125330.569","138000","85843.712","88300","195000","139082.376","39450.5652","123238.256","30183.3746","100335.561","103000","80661.677","168740.433","97882.839","1e+05"
"M351.253T1019.694","1520.0722","527161.428","557457.259","227626.276","429000","502151.661","257000","112000","191952.109","304.01444","237060","2448.5578","256953.3558","503000","222283.925","370944.738","654572.844","493000"
"M949.553T1173.004","6534.1658","287701.91","304004.312","176281.393","192000","236564.455","198000","142000","141496.239","2217.4747","181233.844","2113.1167","164930.2646","188000","176501.895","125718.91","236454.997","202000"
"M875.492T1306.216","8245.2166","155010.606","163775.175","103790.238","126000","151978.813","101000","134000","144519.086","7261.7666","163853.759","8491.7552","90397.9922","113000","108064.46","121505.496","137739.985","147000"
"M979.313T847.893","19186.6118","92208.476","141842.26","149586.982","168000","154039.91","161000","95100","121816.271","36576.6719","79708.723","44393.6405","126586.7449","140000","127857.602","155608.779","146807.147","116000"
"M349.196T1335.803","75647.5845","276402.411","325289.758","388023.08","313000","304952.73","285000","244000","252792.326","79357.0105","213177.098","88713.4531","235243.8086","259000","261358.784","283897.181","306317.557","257000"
"M691.436T1356.203","154783.5503","474924.558","498460.371","303062.323","328000","423289.766","334000","485000","395947.442","65129.2343","443493.31","86819.0775","379234.4117","383000","394081.954","416685.124","460855.97","420000"
"M575.479T1456.772","48282.7975","370685.513","418133.836","604087.932","556000","599343.168","466000","655000","613891.808","44420.2585","628544.722","10280.9155","474626.9531","394000","486647.617","701091.354","434828.828","563000"
"M919.292T824.161","18116.16","79143.518","98309.012","125706.736","124000","100252.272","109000","83400","101938.209","25439.9825","80671.3","20505.3414","93212.574","113000","95871.306","124151.225","129258.78","107000"
"M545.37T1372.761","64437.8885","302206.961","501401.305","135805.933","108000","91537.25","118000","133000","97473.122","32301.4517","126419.267","61524.2045","100815.4162","90200","103419.773","139966.701","112248.603","104000"
"M1085.421T973.898","2067.7404","16936.01","42844.698","39370.151","59800","43807.161","46000","52500","85924.806","3957.2852","57430.33","1964.0316","63343.8351","60800","55622.957","71519.151","68305.752","62300"
"M1114.854T834.347","1632.2042","18760.064","39563.037","51423.471","38500","38679.597","32400","21700","23021.589","5239.2299","10167.475","16697.9195","28041.9727","33900","30195.053","34730.724","45129.218","30700"
"M987.579T1163.004","3790.8404","262791.614","292594.352","175855.759","138000","219407.718","149000","147000","179227.086","11778.7768","145291.469","2884.6405","164060.4205","167000","176429.36","113984.482","199217.9","179000"
"M441.224T1179.269","21410.8204","204453.412","236661.998","71925.386","67900","101269.672","89600","98500","90716.888","19551.3025","75087.616","15295.1596","83939.4958","92200","91236.93","82182.654","91593.239","82400"
"M899.349T990.311","9439.3442","36165.836","46198.488","80806.453","59500","55254.179","95800","63700","70914.6","6700.3149","70731.452","7022.509","63950.9175","64900","65914.277","55894.897","68165.655","62900"
"M659.418T1406.262","20041.8402","41430.614","45006.678","62706.236","79700","63426.708","48300","98800","86844.916","24062.352","45771.089","25324.895","63719.4718","73700","67784.269","96218.587","75766.659","92100"
"M841.471T1389.363","11133.0174","49892.71","48079.15","60880.243","50200","52988.957","63100","79800","67697.389","4701.369","98147.197","12351.9222","62567.3732","72800","69035.571","75696.56","60264.215","78100"
"M655.418T1389.36","15634.8247","135264.745","132831.438","147693.546","143000","128895.229","129000","185000","153174.454","20453.2298","145605.827","22387.8042","122554.1057","140000","128792.795","202295.446","159099.94","135000"
"M575.479T1473.048","53767.9902","330893.103","375060.77","616729.292","582000","604621.6","483000","673000","619324.84","49585.9596","644739.478","10280.1445","493930.3513","394000","480147.216","709622.62","446816.53","563000"
"M575.481T1540.694","55946.6022","330893.103","375060.77","616845.483","589000","604896.897","483000","676000","619595.562","49567.2153","643868.214","10281.0416","493930.3513","397000","480239.923","709890.255","447113.369","571000"
"M684.476T1302.601","13097.9795","73296.677","89611.488","85455.616","84700","74305.472","63500","70200","63881.172","6989.1055","54439.822","11649.7717","58708.3981","59000","65792.225","77628.578","72040.012","71800"
"M331.187T1104.601","23353.744","294471.293","357966.739","354493.088","326000","401204.188","343000","171000","230103.078","26853.907","170578.066","22405.6023","401873.1447","279000","423320.611","262856.22","328619.036","290000"
"M549.424T1386.472","81933.5463","177754.677","268521.32","339992.926","284000","228902.476","276000","485000","370673.474","94674.485","336726.319","82403.0942","259504.9943","255000","241989.791","430165.555","274975.311","226000"
"M423.211T1338.363","122076.2597","310222.07","269250.678","189278.809","189000","263841.304","187000","191000","179991.11","94977.372","215295.112","114683.9707","211481.4517","172000","220211.816","180229.806","146713.112","192000"
"M886.353T1006.792","9396.4631","35386.349","54429.982","87661.627","53600","62524.275","84600","73200","74981.799","7985.6678","82175.224","12367.085","64002.6781","55500","57012.543","57339.016","60500.361","62000"
"M585.283T918.479","4197.5368","57708.363","67834.892","46107.503","70100","57735.618","45500","27600","29533.315","4625.1565","25711.265","4650.5535","25439.9773","56200","34259.819","30407.499","51174.449","49500"
"M956.379T959.199","14181.0908","48687.792","84594.569","134121.394","105000","91598.976","130000","92900","115383.971","7025.1252","111144.508","13239.1722","80937.1736","96400","97436.087","85661.455","80593.021","99200"
"M329.157T1608.526","122997.5359","94952.883","85513.005","123320.676","141000","102079.73","118000","123000","148481.04","128071.1241","160809.376","131589.0839","145660.0344","122000","141941.88","126411.515","152113.222","137000"
"M549.19T901.604","295.71664","102832.656","274541.633","157256.999","273000","135376.525","164000","315000","318256.923","3281.8508","426018.396","1478.5832","164716.2175","188000","152543.545","295983.379","214992.341","422000"
"M822.526T1212.039","20208.255","210598.901","205964.119","118934.355","112000","158530.027","124000","151000","102818.522","16834.8815","172864.45","10029.2057","121785.99","131000","142755.676","127573.452","125301.597","148000"
"M351.108T857.905","21445.2347","289118.119","176069.92","255208.657","236000","214382.285","193000","109000","128616.234","16492.6358","153354.746","13940.7375","148098.7458","132000","144541.355","113495.353","148254.396","156000"
"M640.557T1608.472","52851.229","54887.321","61274.378","78178.298","82600","99667.144","81100","91400","95379.421","45035.0672","115510.812","58549.35","80158.4933","67700","71857.501","94407.514","69764.604","71500"
"M423.212T1319.031","126128.3267","320811.701","278610.073","194131.083","189000","263685.58","197000","165000","179869.195","100973.0051","182964.435","120480.4626","211316.6492","172000","220024.692","151524.935","138495.594","192000"
"M541.474T1573.977","5777.828","52112.167","58834.071","124532.059","169000","226777.296","1e+05","227000","261700.702","9605.7539","174759.356","7623.7215","124988.6426","150000","99261.45","179022.931","144732.186","145000"
"M519.225T1025.439","2596.0179","34676.039","129507.647","448614.275","190000","191944.522","388000","116000","237803.141","8510.0997","163429.823","6390.1904","267834.7441","143000","264379.61","103614.575","153872.438","163000"
"M817.32T1025.439","4833.8009","10536.783","41665.759","95930.257","54000","46374.544","84900","48900","86247.989","4066.658","73676.076","813.3316","75782.5518","74600","77431.419","52476.337","58008.278","51000"
"M629.459T1473.698","154737.2125","288053.576","279524.287","315554.708","317000","212653.253","226000","432000","338296.082","97407.3634","400797.367","88275.6055","285452.661","301000","258083.082","377048.767","296942.408","344000"
"M847.517T1163.004","2174.9207","874899.681","875194.389","279290.478","192000","224740.629","348000","117000","102017.624","6572.7834","174655.045","6238.8333","328151.5409","157000","423660.328","109854.253","162387.237","307000"
"M898.349T936.403","9190.3884","48918.711","69643.952","102085.497","78500","75940.387","112000","80100","103903.108","8246.6208","112179.365","10802.243","91227.812","96800","95952.429","87182.225","81659.572","88300"
"M652.416T1356.524","28020.5514","162743.201","209119.406","179345.927","174000","193038.666","187000","233000","253448.438","17937.724","246905.74","38683.3068","201532.9432","164000","230921.226","176182.552","222380.918","237000"
"M449.365T1540.699","155479.3609","174479.126","204876.936","208962.22","225000","163592.969","196000","341000","277249.221","156073.219","317794.473","177806.3072","185330.088","231000","204355.953","205463.853","208933.328","232000"
"M537.533T1295.888","8050.1714","68647.361","58469.949","9693.615","38800","16166.711","13300","7970","8347.275","9502.7629","1281.699","10747.8212","18270.7546","17700","9084.323","6408.495","13261.754","9820"
"M561.396T1195.638","17371.921","85726.851","778915.499","71730.84","48900","68542.446","51500","57000","41886.214","34395.2096","37385.455","24687.1412","51353.1282","51000","63529.138","62164.298","48253.015","54300"
"M530.218T901.604","1903.1543","39487.65","108556.667","116481.239","147000","92985.446","105000","137000","180134.215","1509.4282","181839.103","301.88564","108216.9492","131000","94612.667","132686.191","123697.391","142000"
"M812.538T1253.346","24249.117","81771.399","99545.275","41197.952","68700","59027.318","61400","41800","37960.585","11133.278","39303.614","16771.6336","55497.2738","69600","67563.564","54445.107","57125.786","46800"
"M495.298T1036.333","3108.3069","141614.109","135255.078","77717.034","102000","58880.389","87900","28300","41769.5","621.66138","69761.11","621.66138","80532.315","63100","70780.1","52455.281","61529.43","33600"
"M367.15T410.425","23149.3148","39264.813","73062.191","150378.66","202000","51157.363","188000","26100","67136.915","21682.0108","28918.809","14097.3879","145910.3187","165000","177967.835","53419.755","86948.198","43400"
"M589.228T896.878","2019.5915","24321.582","49432.362","69535.283","59500","55760.024","62300","52800","83163.393","3383.002","102191.767","403.9183","45681.1605","49000","57040.066","63849.123","64742.988","96400"
"M617.489T1624.961","89331.7896","117002.527","178159.556","230807.574","247000","336486.533","262000","325000","322768.168","71725.8192","467331.438","137437.2228","246421.2727","365000","236456.361","280149.602","228825.193","276000"
"M535.409T1440.116","109958.9858","99747.134","110307.357","168446.347","147000","117830.612","156000","215000","273711.83","52800.0806","218933.963","48198.5045","131365.0613","166000","171975.474","191143.505","203617.327","165000"
"M673.432T1355.711","13628.2601","163104.37","174641.862","161917.57","159000","170442.84","157000","174000","150591.258","19517.9384","194914.761","31389.8695","145661.5323","119000","173137.062","195017.335","186224.144","202000"
"M817.317T940.819","14439.3851","44197.551","97452.08","157911.83","152000","153473.812","239000","160000","200632.057","30482.1778","149283.049","31295.8318","155674.9852","181000","183947.371","195643.671","217119.934","154000"
"M438.146T926.75","3205.8092","50703.909","69619.004","145821.692","97200","98395.849","134000","93700","104474.432","2844.2707","110000.288","6159.4053","87106.5401","82200","87350.213","69568.122","76117.177","109000"
"M535.375T1490.352","127001.4741","120584.546","172386.853","194845.03","176000","137076.318","177000","247000","231613.795","79513.8467","263495.049","67239.6344","156692.304","188000","205164.368","220938.216","227138.556","197000"
"M808.52T1220.972","8213.0399","120697.147","159858.192","50551.562","52500","63695.341","45200","30800","45389.747","10077.1133","46258.9","15597.0669","47163.1337","37200","46740.931","28625.011","58426.197","59300"
"M577.49T1591.335","135842.0042","152439.223","164729.178","216002.902","216000","279259.416","190000","270000","254996.071","102007.6504","309666.434","106120.8037","231100.4514","228000","226531.979","243198.698","211319.359","254000"
"M1059.419T884.787","810.8953","71001.183","205845.58","137583.518","223000","73948.295","98000","233000","251100.083","1271.8575","351432.379","2780.896","107488.4434","130000","89554.033","235989.816","181580.021","315000"
"M813.332T1056.081","3272.8688","11942.724","42455.745","85113.502","70900","44266.014","88200","67200","87189.783","503.12378","54107.162","2515.6189","55681.0671","90400","53796.629","50424.292","56288.423","60500"
"M869.334T919.017","13744.4729","53492.947","107737.704","165720.877","156000","108493.753","162000","152000","139916.306","12469.3783","117993.47","14597.4355","113498.765","132000","125126.982","116718.456","105782.951","117000"
"M449.347T1490.033","113243.658","110810.716","125642.701","149596.968","158000","113759.953","136000","253000","214091.118","104197.3027","244854.871","121515.8769","131822.7661","163000","133005.351","178415.271","123539.49","168000"
"M374.303T1319.161","67083.7649","103723.931","112107.063","48331.565","55600","55980.849","76000","37300","46823.164","27078.3991","17076.367","40727.625","56551.2584","48500","71007.28","28558.011","57545.575","27200"
"M504.265T1099.137","8042.4331","280340.786","278250.498","118054.691","86800","145850.339","91200","115000","101751.407","12353.5359","99608.191","3387.6853","114212.4009","125000","111202.276","95723.916","159371.254","95400"
"M479.188T913.185","760.3332","29252.107","50165.806","431684.869","134000","287562.593","375000","197000","303139.477","3816.3356","198149.805","1322.6863","303354.9733","296000","318825.538","252249.473","413214.6","189000"
"M291.195T1053.001","3826.4803","285157.375","352887.774","442613.04","247000","368403.096","366000","114000","183139.386","9053.3052","194649.973","14287.068","425410.4427","210000","415387.682","185197.346","252647.289","231000"
"M821.505T1179.269","664.13572","262457.535","244059.415","145096.405","143000","202588.397","159000","163000","159894.235","664.13572","191155.507","3320.6786","162897.8392","159000","176001.657","123427.283","154987.791","182000"
"M820.327T1006.792","1367.9568","22036.529","48770.183","125801.709","74100","70964.707","108000","79800","92224.196","1709.2317","64943.838","273.59136","55443.153","72200","72674.783","65417.338","63100.907","52600"
"M764.518T1295.888","66300.1355","170012.442","262870.922","115943.171","146000","106402.624","140000","142000","157640.652","16302.922","256218.372","26886.1738","145936.5132","111000","128460.303","111316.063","114860.009","112000"
"M471.313T1295.888","21542.8486","299762.258","166034.244","147749.417","136000","134672.789","106000","140000","115348.914","35012.7303","95587.757","42536.7744","103692.3171","95300","113762.252","148654.726","121606.998","99800"
"M534.402T1422.678","65285.8828","92021.557","143253.735","154960.032","140000","93524.218","132000","195000","188992.166","50417.317","248373.138","68297.3919","116439.2733","152000","126749.958","222648.424","141997.851","160000"
"M765.518T1313.696","53331.2503","177554.745","185700.313","132439.83","126000","151163.635","125000","132000","131971.857","33497.9305","137101.674","60358.0469","147989.4663","139000","111790.571","116151.872","129826.493","129000"
"M1003.558T1223.957","2525.8699","144753.656","157369.376","103945.046","122000","147201.719","92100","157000","137683.264","2150.9941","173934.925","7185.5128","108165.9555","127000","100683.004","141501.428","150990.355","143000"
"M415.326T1295.888","71958.1766","148196.442","159772.345","180245.778","122000","144091.106","181000","101000","124953.624","66840.9955","88474.092","90118.4999","160861.6963","98400","194067.8","92720.78","94998.275","79400"
"M653.413T1286.062","25271.1283","157173.717","167730.592","181515.971","167000","141001.252","160000","198000","151322.052","22145.2373","160333.854","27169.0832","148538.7358","149000","145942.111","181305.482","174786.799","169000"
"M1102.351T817.469","12334.977","50863.077","69708.58","78703.363","66300","59550.559","82800","38800","53149.746","13546.5985","42336.295","14036.0322","55500.4531","61400","54356.964","65042.586","76466.076","56800"
"M549.424T1473.203","92484.1327","106916.649","147552.381","277157.343","186000","156161.062","224000","267000","320723.932","96277.1994","291152.486","87631.5591","227203.6331","211000","216884.295","242720.256","170376.335","187000"
"M787.545T1575.098","35366.2348","55158.77","23378.149","97073.496","79900","78335.827","90500","83900","63978.407","23373.3521","108466.074","10677.7506","121841.6792","80400","87517.104","85098.074","89961.554","234000"
"M567.43T1421.35","168212.9707","71620.73","81850.383","88830.092","98100","68037.971","74500","120000","91435.257","35101.1883","124535.242","35505.7125","101591.0896","101000","93035.788","94654.253","98641.594","97200"
"M798.839T1023.188","1645.3419","10807.334","35321.432","70931.888","71200","28014.41","78900","63900","71667.855","4390.8707","119034.899","6205.1757","67887.5964","80800","52928.517","36850.514","49920.319","60600"
"M764.517T1325.086","66349.916","225187.785","260891.895","153436.609","141000","132726.69","189000","173000","180994.3","38676.9239","283217.163","69756.3985","215420.063","148000","160848.221","128335.262","145316.216","141000"
"M677.438T1339.916","10473.4191","99987.334","129116.181","295698.899","260000","160332.039","298000","242000","177280.703","4938.6162","180539.475","15242.5163","164956.9918","162000","278476.342","316712.483","191646.995","266000"
"M832.307T992.353","4371.5082","25767.383","75470.659","246891.814","140000","82943.155","215000","84300","151845.349","2710.1738","93960.953","7681.9787","167830.2626","90600","154878.663","81588.381","71789.03","79800"
"M455.315T1295.888","76561.8221","363482.892","285738.052","234281.334","241000","200179.372","242000","205000","212516.818","51062.5881","210972.281","100429.2939","202242.3598","187000","222588.733","220287.449","210050.417","195000"
"M297.239T1626.197","146574","118088.086","93969.488","138049.368","133000","104980.909","108000","139000","139724.491","128714.0523","145069.031","123567.6635","143638.237","119000","137679.752","149707.595","127632.631","138000"
"M471.314T1308.231","49886.6001","398392.899","264998.934","267955.708","173000","180197.744","203000","219000","194088.799","78045.7873","156426.684","82504.9773","201023.9374","149000","202129.666","237721.598","171108.583","155000"
"M455.313T1308.231","88010.9163","403000.098","307984.046","315931.602","272000","244282.928","304000","302000","299855.531","75720.8829","272068.497","127520.2274","262257.4906","251000","278755.432","329174.637","279693.573","263000"
"M392.284T1436.378","121283.2694","342323.099","257792.304","154919.199","142000","142158.075","152000","127000","124648.618","96782.6622","98501.067","119570.133","153390.5138","139000","154954.959","123894.04","127606.084","107000"
"M399.308T1262.042","64986.7223","2172556.166","632565.324","132589.419","214000","135846.553","141000","128000","117667.682","72558.2042","91878.445","100576.9347","122073.0509","151000","158872.979","102347.387","110044.556","96100"
"M549.428T1523.962","60481.7533","69344.604","85810.02","106404.593","120000","65794.911","103000","161000","135569.581","63593.8205","140501.978","46480.2344","116249.2284","99400","99281.886","142936.033","112454.871","119000"
"M807.348T918.929","4041.1379","253963.057","691204.147","11604876.95","1200000","2373636.177","11300000","891000","320161.972","12989.1786","1231520.939","1847.9355","4863569.698","1290000","5306926.053","480118.833","2051316.747","722000"
"M542.478T1573.977","9044","29286.757","15302.819","60094.731","55400","99626.698","60200","108000","109751.451","671.82714","79386.131","3359.1357","56845.2864","64400","46201.986","69384.993","68707.273","73800"
"M522.261T1109.944","5867.8096","154053.761","181417.946","76183.448","113000","87559.793","74200","75300","73667.373","19380.7157","75303.924","18615.3622","90833.0683","71300","77331.426","58708.411","90665.459","121000"
"M653.412T1258.482","19085.3778","135177.639","149758.372","160775.707","138000","127405.776","146000","185000","143856.105","19291.7287","147664.815","23195.1037","143660.6152","138000","140074.725","163223.819","157346.258","154000"
"M475.412T1607.605","33636.3167","29122.145","12141.735","42608.113","50700","55928.277","33300","52900","54371.933","36194.638","66108.413","25983.5593","58074.3031","39800","40194.546","43617.621","53087.707","60000"
"M653.413T1377.63","35834.4817","124807.531","135234.216","161604.022","125000","101088.931","140000","174000","144679.772","30026.8467","142662.19","30567.0668","138299.4139","133000","125614.856","210781.897","163588.229","156000"
"M330.263T1492.022","146481.4689","176199.229","177938.484","135283.934","121000","128550.539","140000","125000","132584.786","143946.0237","126797.13","135806.3923","157056.408","128000","144902.555","140695.51","135165.686","131000"
"M447.35T1507.107","76515.0103","116777.742","199474.338","69949.354","85000","81049.611","78700","86300","94581.533","68236.5698","75445.921","69448.0106","68686.5427","84300","64065.731","120724.187","57278.375","80000"
"M722.259T892.9","10426.6994","540138.794","6109886.122","93337.556","66400","57704.086","82800","63100","82529.257","8841.8462","71557.1","11995.7253","68042.5539","58100","67617.77","71196.574","70023.067","82300"
"M523.599T1382.768","218080.0938","317868.564","315921.916","208311.899","235000","209973.236","234000","189000","187901.643","136725.8644","211283.462","210897.2758","264040.2347","206000","195436.671","148600.122","189794.41","216000"
"M549.431T1507.08","99370.8879","96042.493","103299.308","168451.468","149000","118372.837","134000","198000","166259.475","89217.532","184426.032","79866.9456","145549.236","147000","130258.336","185634.636","145343.016","154000"
"M330.262T1456.934","110351.8984","137110.335","140737.016","102728.976","107000","109555.22","103000","109000","113688.708","109616.6357","104960.973","114084.608","123821.9636","97300","122322.8","119751.591","113404.789","94500"
"M435.346T1540.43","74630","62488.279","56945.862","75207.081","79900","75514.832","75100","75600","87098.201","80222.4129","89019.633","66094.4827","87745.3609","80700","76505.045","83865.094","66405.033","92100"
"M576.484T1557.453","43791.0566","64461.487","67670.811","126762.876","131000","122421.81","134000","161000","168693.101","32816.8324","168850.105","25245.283","119350.2081","274000","98509.224","172602.877","101121.043","152000"
"M467.383T1523.593","52699.2113","57843.559","69790.605","155396.475","94000","124758.187","103000","178000","150611.838","41926.7419","101095.872","73786.5943","78910.7123","109000","106786.202","150212.898","86896.931","82800"
"M951.603T1424.253","56709.9076","69557.287","92135.708","142506.451","511000","335187.966","97900","395000","291989.228","11904.0538","538493.035","2991.372","148407.7854","375000","92338.403","557435.338","383538.853","595000"
"M477.403T1542.988","68754.7701","72109.807","93786.975","70969.575","94100","77218.281","85400","128000","94716.514","53846.9849","111848.974","56109.5131","58914.8385","78900","80611.062","120210.907","92936.348","97600"
"M477.407T1590.788","83304.4861","82232.177","104177.767","93016.962","107000","87247.953","107000","137000","115987.442","72678.4973","123815.635","68590.9235","77279.8996","87800","93883.793","135185.524","112824.299","109000"
"M549.426T1489.95","92561.8468","100676.424","133273.353","193435.432","126000","117594.929","166000","234000","189085.359","93543.9258","220140.569","81157.4442","179581.4385","172000","166601.017","241057.649","162981.319","174000"
"M471.336T1557.26","75170.5993","74425.386","96848.858","130067.098","108000","80275.754","113000","151000","152414.519","86749.9269","141845.353","83888.4283","134566.7156","122000","144790.973","162500.226","115305.119","108000"
"M330.263T1439.913","113723.4082","142481.663","144695.624","108400.102","107000","112890.062","106000","112000","116439.588","113143.7459","104941.687","114060.2786","120764.4175","111000","119620.828","119679.325","116487.621","98000"
"M629.529T1601.79","132953.3609","136004.841","102248.094","246765.089","239000","164330.099","149000","359000","258398.43","99408.1433","363855.34","63886.8421","212935.6676","222000","162267.555","304905.987","188421.4","271000"
"M505.27T1240.129","36869.3834","496398.964","487628.523","338101.753","304000","316976.845","466000","365000","401896.939","65216.201","281110.983","178912.5361","322269.6976","219000","234407.643","317315.658","481984.987","260000"
"M576.533T1641.124","28320.6636","22442.071","14288.021","56505.779","55200","58843.445","63900","85100","70381.221","26382.3995","71076.644","17797.8111","54376.0282","149000","48273.916","81091.533","61469.199","73900"
"M619.438T1245.233","12008.9388","387624.432","451165.77","104462.331","105000","103155.111","96100","79900","81726.498","22931.4815","63128.596","64598.9192","88823.6815","93200","102750.241","110680.498","67480.761","81600"
"M313.161T1621.4","61415.9419","68126.836","53976.472","65577.015","65400","60961.809","75400","80600","62762.731","86826.8179","51501.376","63797.5098","72393.5838","65000","69814.076","90550.332","81216.187","81400"
"M505.253T1269.605","14742.2336","348384.973","275499.654","199025.692","193000","209952.555","318000","202000","296611.507","59251.7678","205886.039","93218.0304","157923.9017","154000","162920.961","197391.146","287364.501","214000"
"M494.565T1319.161","188625.3734","417460.715","297804.155","170665.03","216000","148350.007","192000","237000","181237.479","325727.6019","241284.985","181959.6172","233923.5235","194000","183296.61","293896.667","181891.41","254000"
"M535.447T1540.43","63646.6289","65862.823","65775.467","86982.884","92400","65632.346","77100","153000","150770.061","62284.7386","141824.758","62173.2235","86278.9036","88500","92215.672","104541.856","73961.272","92000"
"M477.398T1574.327","75046.8231","72226.53","93786.975","79089.542","99800","77171.896","90100","128000","113245.367","65287.2167","116774.079","63482.4869","69188.0151","84700","87163.759","120210.907","92936.348","97600"
"M691.433T1253.346","112036.4451","461054.068","487173.897","255155.928","295000","323104.094","239000","423000","299154.633","25347.4399","334288.159","32157.0411","283373.5272","315000","258046.071","345790.688","343169.594","348000"
"M341.283T1305.932","94925.3883","710584.568","226058.778","98908.37","112000","94421.857","152000","99000","99290.489","98014.9341","90301.759","102105.6752","119120.7285","90400","117029.894","94122.998","94227.35","82000"
"M330.261T1473.013","105049.7819","129928.674","132830.97","102728.976","107000","105959.531","103000","109000","110712.569","104715.9323","104960.973","114084.608","114707.6804","105000","122322.8","119751.591","113404.789","92400"
"M339.172T1490.329","44191.5894","27250.668","21719.252","39829.137","37300","34150.477","31900","41500","24189.409","55847.73","40215.54","37688.7671","41072.9414","48600","41165.102","41205.431","55429.678","45400"
"M477.343T1423.013","48754.9512","56632","58826.353","54302.075","56600","50316.099","52100","60700","65143.335","38625.1666","59394.568","36096.3154","43198.3125","53800","48512.315","53518.854","57553.721","50600"
"M332.328T1440.13","115359.5825","142796.475","167103.206","118710.287","113000","125971.397","121000","122000","114870.313","129346.2146","107630.86","118662.2812","115954.1101","121000","124275.19","111378.278","130734.828","105000"
"M494.563T1509.9","304154.6608","234099.816","171452.201","274363.253","322000","291615.877","303000","359000","314190.655","489330.3933","396602.79","321096.2535","350573.4375","350000","309628.402","442772.659","298333.334","394000"
"M481.362T1591.564","33792.0262","45292.622","33077.863","44825.319","41600","34704.152","65600","95200","85785.75","42591.8727","51280.622","46768.8111","47650.3954","51600","60754.966","60368.219","54566.008","46100"
"M443.333T1262.042","40654.5627","2291206.757","726799.035","189027.685","179000","167800.688","171000","125000","123040.332","81901.0392","90706.526","129068.699","119173.7738","135000","170192.512","118782.977","113333.931","93500"
"M510.367T1523.593","139590.3329","86069.976","86114.553","89218.123","84500","81016.558","96100","133000","113300.223","79412.1113","253461.846","83273.7186","93472.3433","99300","89226.494","103007.907","92108.115","97300"
"M545.456T1607.833","108912.1658","73195.075","68086.862","104034.303","93600","82007.949","91500","115000","109342.913","106818.1635","143797.685","108125.3894","133002.0623","109000","96305.374","91129.673","86335.237","145000"
"M669.539T1543.447","121295.6002","80496.051","105264.368","98310.4","145000","70367.84","88300","150000","158046.374","64128.0678","224496.822","72368.8783","129836.0651","118000","94692.887","114652.56","108839.517","117000"
"M669.531T1507.08","111179.8598","65231.819","86689.232","92604.528","131000","61504.121","73700","135000","152131.341","60730.7014","210952.262","65684.4322","121139.8689","118000","88537.921","110019.144","89638.834","113000"
"M383.284T1439.726","125217.2578","251315.529","205205.782","154353.278","180000","165413.507","152000","149000","160963.186","148961.4287","142025.401","141114.1729","130752.7509","176000","161584.933","146863.405","150923.835","145000"
"M589.501T1621.712","261732","73577.312","55522.835","56077.757","70000","47558.667","39700","216000","67764.741","8998.775","326276.896","24637.5779","48466.1092","81200","53215.549","85230.062","92011.256","159000"
"M534.444T1557.26","85462.7331","77456.066","71460.738","111317.126","1e+05","59693.29","110000","132000","146223.226","62296.0866","178976.951","65764.097","115738.0799","148000","104581.114","133144.723","105068.925","121000"
"M494.565T1422.678","263375.7243","463612.2","367002.545","254955.065","293000","249733.748","274000","336000","271628.714","439102.2024","360053.818","273742.5189","325184.7454","3e+05","268767.01","409578.048","275449.132","358000"
"M609.518T1624.418","60609.9359","55474.255","35151.344","60977.184","62300","53759.67","53900","98700","72865.323","37909.5555","73531.533","54735.6979","62616.9089","59900","56540.859","61880.592","53509.726","63200"
"M465.265T1237.073","42836.1105","242014.038","261681.816","201901.283","236000","203943.557","230000","234000","262652.716","81968.7926","235810.566","107135.9163","146463.6862","159000","158988.966","207875.858","178654.975","180000"
"M605.432T1239.559","77368.5134","396644.254","322817.741","185347.275","231000","151869.449","147000","237000","155309.795","487181.7122","323848.024","125434.2664","106029.4818","174000","144454.389","431058.217","204528.534","219000"
