{
 "omicstype": "",
"nodes": [
 {
 "id": "C9.1",
"label": "C9.1",
"size":       18,
"meta": "con_9",
"fx": -398.4923,
"fy": 31.31125,
"fz": -395.2615,
"origX":  -104.51,
"origY":   2.5049,
"origZ":   -5.346,
"colorb": "#E6194B" 
},
{
 "id": "C9.2",
"label": "C9.2",
"size":       18,
"meta": "con_9",
"fx":  -282.24,
"fy": -23.8175,
"fz": 728.6154,
"origX":  -66.728,
"origY":  -1.9054,
"origZ":    31.18,
"colorb": "#E6194B" 
},
{
 "id": "C9.3",
"label": "C9.3",
"size":       18,
"meta": "con_9",
"fx": -259.2123,
"fy": -295.325,
"fz": 31.89846,
"origX":  -59.244,
"origY":  -23.626,
"origZ":   8.5367,
"colorb": "#E6194B" 
},
{
 "id": "C9.4",
"label": "C9.4",
"size":       18,
"meta": "con_9",
"fx": 136.9415,
"fy": 126.9125,
"fz":   -37.92,
"origX":   69.506,
"origY":   10.153,
"origZ":   6.2676,
"colorb": "#E6194B" 
},
{
 "id": "D9.1",
"label": "D9.1",
"size":       18,
"meta": "dro_9",
"fx": -75.23994,
"fy": 387.6125,
"fz": -679.9077,
"origX":  0.54702,
"origY":   31.009,
"origZ":  -14.597,
"colorb": "#3CB44B" 
},
{
 "id": "D9.2",
"label": "D9.2",
"size":       18,
"meta": "dro_9",
"fx": -285.1354,
"fy": -117.1612,
"fz": -436.5908,
"origX":  -67.669,
"origY":  -9.3729,
"origZ":  -6.6892,
"colorb": "#3CB44B" 
},
{
 "id": "D9.3",
"label": "D9.3",
"size":       18,
"meta": "dro_9",
"fx": 535.1385,
"fy":  664.475,
"fz": -288.0708,
"origX":   198.92,
"origY":   53.158,
"origZ":  -1.8623,
"colorb": "#3CB44B" 
},
{
 "id": "D9.4",
"label": "D9.4",
"size":       18,
"meta": "dro_9",
"fx": -328.3538,
"fy":  117.095,
"fz":  -499.88,
"origX":  -81.715,
"origY":   9.3676,
"origZ":  -8.7461,
"colorb": "#3CB44B" 
},
{
 "id": "F9.1",
"label": "F9.1",
"size":       18,
"meta": "foc_9",
"fx": -267.0462,
"fy": -179.7625,
"fz": -278.4615,
"origX":   -61.79,
"origY":  -14.381,
"origZ":    -1.55,
"colorb": "#4363D8" 
},
{
 "id": "F9.2",
"label": "F9.2",
"size":       18,
"meta": "foc_9",
"fx":   -381.2,
"fy": -113.0213,
"fz": -27.07385,
"origX":   -98.89,
"origY":  -9.0417,
"origZ":   6.6201,
"colorb": "#4363D8" 
},
{
 "id": "F9.3",
"label": "F9.3",
"size":       18,
"meta": "foc_9",
"fx": -734.2769,
"fy":    349.5,
"fz": -718.1231,
"origX":  -213.64,
"origY":    27.96,
"origZ":  -15.839,
"colorb": "#4363D8" 
},
{
 "id": "X9.1",
"label": "X9.1",
"size":       18,
"meta": "xvm_9",
"fx": 628.3077,
"fy":   378.45,
"fz": 142.0923,
"origX":    229.2,
"origY":   30.276,
"origZ":   12.118,
"colorb": "#42D4F4" 
},
{
 "id": "X9.2",
"label": "X9.2",
"size":       18,
"meta": "xvm_9",
"fx": -117.9231,
"fy":   -466.2,
"fz": -86.59692,
"origX":  -13.325,
"origY":  -37.296,
"origZ":   4.6856,
"colorb": "#42D4F4" 
},
{
 "id": "X9.3",
"label": "X9.3",
"size":       18,
"meta": "xvm_9",
"fx": -47.80585,
"fy":  -110.06,
"fz": -120.6338,
"origX":   9.4631,
"origY":  -8.8048,
"origZ":   3.5794,
"colorb": "#42D4F4" 
},
{
 "id": "X9.4",
"label": "X9.4",
"size":       18,
"meta": "xvm_9",
"fx": 722.7077,
"fy": -750.0125,
"fz": -795.6308,
"origX":   259.88,
"origY":  -60.001,
"origZ":  -18.358,
"colorb": "#42D4F4" 
} 
],
"meta": [ "con_9", "con_9", "con_9", "con_9", "dro_9", "dro_9", "dro_9", "dro_9", "foc_9", "foc_9", "foc_9", "xvm_9", "xvm_9", "xvm_9", "xvm_9" ],
"loading": [
 {
 "id": "M354.284T1595.998",
"label": "M354.284T1595.998",
"size":       24,
"opacity":     0.77,
"fx": -816.5267,
"fy": 425.9385,
"fz": -970.4909,
"origX": -0.017437,
"origY":  0.22686,
"origZ": -0.68377,
"seedArr": "notSeed",
"colorb": "#F1502F",
"colorw": "#F1502F" 
},
{
 "id": "M573.464T1458.338",
"label": "M573.464T1458.338",
"size":       24,
"opacity":     0.71,
"fx": -364.8889,
"fy": -12.93231,
"fz": -371.9818,
"origX":   0.1858,
"origY": -0.058406,
"origZ": -0.35459,
"seedArr": "notSeed",
"colorb": "#F57B4E",
"colorw": "#F57B4E" 
},
{
 "id": "M575.48T1424.867",
"label": "M575.48T1424.867",
"size":       24,
"opacity":     0.75,
"fx": -377.2222,
"fy": -297.6769,
"fz": -327.8364,
"origX":  0.18025,
"origY": -0.24349,
"origZ": -0.33031,
"seedArr": "notSeed",
"colorb": "#F25B37",
"colorw": "#F25B37" 
},
{
 "id": "M632.472T1474.795",
"label": "M632.472T1474.795",
"size":       24,
"opacity":     0.69,
"fx": -439.7556,
"fy": -191.9692,
"fz": -273.8909,
"origX":  0.15211,
"origY": -0.17478,
"origZ": -0.30064,
"seedArr": "notSeed",
"colorb": "#F68656",
"colorw": "#F68656" 
},
{
 "id": "M633.474T1424.866",
"label": "M633.474T1424.866",
"size":       24,
"opacity":     0.78,
"fx": 306.5111,
"fy": -859.3385,
"fz":    525.2,
"origX":  0.48793,
"origY": -0.60857,
"origZ":  0.13886,
"seedArr": "notSeed",
"colorb": "#F04527",
"colorw": "#F04527" 
},
{
 "id": "M634.485T1424.862",
"label": "M634.485T1424.862",
"size":       24,
"opacity":     0.72,
"fx": -327.5556,
"fy": -465.7231,
"fz": 208.0364,
"origX":   0.2026,
"origY": -0.35272,
"origZ": -0.03558,
"seedArr": "notSeed",
"colorb": "#F47046",
"colorw": "#F47046" 
},
{
 "id": "M648.465T1441.075",
"label": "M648.465T1441.075",
"size":       24,
"opacity":     0.68,
"fx": -419.5333,
"fy": 63.80446,
"fz":   -223.6,
"origX":  0.16121,
"origY": -0.0085271,
"origZ": -0.27298,
"seedArr": "notSeed",
"colorb": "#F7915E",
"colorw": "#F7915E" 
},
{
 "id": "M649.479T1424.057",
"label": "M649.479T1424.057",
"size":       24,
"opacity":      0.8,
"fx": 837.0889,
"fy": 990.3077,
"fz": 411.2255,
"origX":  0.72669,
"origY":   0.5937,
"origZ": 0.076174,
"seedArr": "notSeed",
"colorb": "#F03B20",
"colorw": "#F03B20" 
},
{
 "id": "M650.482T1423.88",
"label": "M650.482T1423.88",
"size":       24,
"opacity":     0.74,
"fx": -163.8667,
"fy": 208.7585,
"fz": 847.2909,
"origX":  0.27626,
"origY": 0.085693,
"origZ":  0.31601,
"seedArr": "notSeed",
"colorb": "#F3663F",
"colorw": "#F3663F" 
},
{
 "id": "M767.839T17.122",
"label": "M767.839T17.122",
"size":       24,
"opacity":     0.54,
"fx": -777.1698,
"fy": 80.75277,
"fz": 300.2527,
"origX": 0.00027357,
"origY": 0.0024893,
"origZ": 0.015139,
"seedArr": "notSeed",
"colorb": "#FEEDA1",
"colorw": "#FEEDA1" 
},
{
 "id": "M871.491T17.124",
"label": "M871.491T17.124",
"size":       24,
"opacity":     0.45,
"fx": -777.421,
"fy": 72.78585,
"fz": 284.3258,
"origX": 0.00016057,
"origY": -0.0026892,
"origZ": 0.0063792,
"seedArr": "notSeed",
"colorb": "#FDF0B8",
"colorw": "#FDF0B8" 
},
{
 "id": "M882.812T18.125",
"label": "M882.812T18.125",
"size":       24,
"opacity":     0.38,
"fx": -780.646,
"fy": 70.44477,
"fz": 272.9828,
"origX": -0.0012907,
"origY": -0.0042109,
"origZ": 0.00014053,
"seedArr": "notSeed",
"colorb": "#FCF2CB",
"colorw": "#FCF2CB" 
},
{
 "id": "M912.805T18.125",
"label": "M912.805T18.125",
"size":       24,
"opacity":     0.59,
"fx": -777.8857,
"fy": 77.45975,
"fz": 303.2018,
"origX": -4.8557e-05,
"origY": 0.00034884,
"origZ": 0.016761,
"seedArr": "notSeed",
"colorb": "#FCD28C",
"colorw": "#FCD28C" 
},
{
 "id": "M972.813T17.121",
"label": "M972.813T17.121",
"size":       24,
"opacity":     0.62,
"fx":   -773.5,
"fy": 58.57692,
"fz": 311.6982,
"origX": 0.001925,
"origY": -0.011925,
"origZ": 0.021434,
"seedArr": "notSeed",
"colorb": "#FABC7D",
"colorw": "#FABC7D" 
},
{
 "id": "M990.789T18.143",
"label": "M990.789T18.143",
"size":       24,
"opacity":     0.56,
"fx": -777.5968,
"fy": 68.01092,
"fz": 299.2127,
"origX": 8.144e-05,
"origY": -0.0057929,
"origZ": 0.014567,
"seedArr": "notSeed",
"colorb": "#FEE79C",
"colorw": "#FEE79C" 
},
{
 "id": "M1059.46T14.114",
"label": "M1059.46T14.114",
"size":       24,
"opacity":     0.53,
"fx": -773.1729,
"fy": 69.60769,
"fz": 296.8545,
"origX": 0.0020722,
"origY": -0.004755,
"origZ":  0.01327,
"seedArr": "notSeed",
"colorb": "#FEEDA5",
"colorw": "#FEEDA5" 
},
{
 "id": "M1067.787T17.122",
"label": "M1067.787T17.122",
"size":       24,
"opacity":     0.63,
"fx": -781.4533,
"fy": 77.51075,
"fz": 317.4964,
"origX": -0.001654,
"origY": 0.00038199,
"origZ": 0.024623,
"seedArr": "notSeed",
"colorb": "#FAB175",
"colorw": "#FAB175" 
},
{
 "id": "M1087.458T13.111",
"label": "M1087.458T13.111",
"size":       24,
"opacity":     0.65,
"fx": -777.9539,
"fy": 81.76631,
"fz": 227.5164,
"origX": -7.9245e-05,
"origY": 0.0031481,
"origZ": -0.024866,
"seedArr": "notSeed",
"colorb": "#F9A66D",
"colorw": "#F9A66D" 
},
{
 "id": "M1154.769T17.115",
"label": "M1154.769T17.115",
"size":       24,
"opacity":      0.6,
"fx": -779.3869,
"fy": 59.14769,
"fz": 300.7618,
"origX": -0.00072411,
"origY": -0.011554,
"origZ": 0.015419,
"seedArr": "notSeed",
"colorb": "#FBC784",
"colorw": "#FBC784" 
},
{
 "id": "M1170.77T17.127",
"label": "M1170.77T17.127",
"size":       24,
"opacity":     0.66,
"fx": -778.4143,
"fy":   63.336,
"fz": 368.7164,
"origX": -0.00028644,
"origY": -0.0088316,
"origZ": 0.052794,
"seedArr": "notSeed",
"colorb": "#F89C65",
"colorw": "#F89C65" 
},
{
 "id": "M1187.772T13.11",
"label": "M1187.772T13.11",
"size":       24,
"opacity":     0.42,
"fx": -773.7233,
"fy": 68.57908,
"fz":   275.31,
"origX": 0.0018245,
"origY": -0.0054236,
"origZ": 0.0014205,
"seedArr": "notSeed",
"colorb": "#FDF1C0",
"colorw": "#FDF1C0" 
},
{
 "id": "M1222.764T12.168",
"label": "M1222.764T12.168",
"size":       24,
"opacity":      0.5,
"fx": -776.7902,
"fy": 65.61431,
"fz": 292.1618,
"origX": 0.00044441,
"origY": -0.0073507,
"origZ": 0.010689,
"seedArr": "notSeed",
"colorb": "#FEEEAD",
"colorw": "#FEEEAD" 
},
{
 "id": "M1239.758T16.118",
"label": "M1239.758T16.118",
"size":       24,
"opacity":     0.35,
"fx": -778.8058,
"fy": 77.21448,
"fz": 280.0451,
"origX": -0.00046262,
"origY": 0.00018941,
"origZ": 0.0040248,
"seedArr": "notSeed",
"colorb": "#FCF3D3",
"colorw": "#FCF3D3" 
},
{
 "id": "M1252.751T12.611",
"label": "M1252.751T12.611",
"size":       24,
"opacity":     0.39,
"fx": -780.312,
"fy": 83.72692,
"fz": 268.5802,
"origX": -0.0011404,
"origY": 0.0044225,
"origZ": -0.0022809,
"seedArr": "notSeed",
"colorb": "#FDF2C8",
"colorw": "#FDF2C8" 
},
{
 "id": "M1279.087T13.111",
"label": "M1279.087T13.111",
"size":       24,
"opacity":     0.33,
"fx": -778.0422,
"fy": 76.42018,
"fz": 279.5302,
"origX": -0.00011898,
"origY": -0.00032688,
"origZ": 0.0037416,
"seedArr": "notSeed",
"colorb": "#FCF4D7",
"colorw": "#FCF4D7" 
},
{
 "id": "M1287.747T14.113",
"label": "M1287.747T14.113",
"size":       24,
"opacity":     0.51,
"fx": -774.2547,
"fy": 67.74046,
"fz": 293.8964,
"origX": 0.0015854,
"origY": -0.0059687,
"origZ": 0.011643,
"seedArr": "notSeed",
"colorb": "#FEEEA9",
"colorw": "#FEEEA9" 
},
{
 "id": "M1356.732T13.109",
"label": "M1356.732T13.109",
"size":       24,
"opacity":     0.47,
"fx": -771.2607,
"fy":   72.772,
"fz": 289.8442,
"origX": 0.0029327,
"origY": -0.0026982,
"origZ": 0.0094143,
"seedArr": "notSeed",
"colorb": "#FEEFB4",
"colorw": "#FEEFB4" 
},
{
 "id": "M1414.729T13.11",
"label": "M1414.729T13.11",
"size":       24,
"opacity":     0.57,
"fx": -777.7176,
"fy": 76.92419,
"fz": 301.9891,
"origX": 2.7071e-05,
"origY": 7.214e-07,
"origZ": 0.016094,
"seedArr": "notSeed",
"colorb": "#FDDC94",
"colorw": "#FDDC94" 
},
{
 "id": "M1419.724T14.619",
"label": "M1419.724T14.619",
"size":       24,
"opacity":     0.48,
"fx": -781.806,
"fy": 82.31215,
"fz": 293.9673,
"origX": -0.0018127,
"origY": 0.0035029,
"origZ": 0.011682,
"seedArr": "notSeed",
"colorb": "#FEEFB1",
"colorw": "#FEEFB1" 
},
{
 "id": "M1447.213T13.111",
"label": "M1447.213T13.111",
"size":       24,
"opacity":     0.36,
"fx": -778.3584,
"fy": 72.78631,
"fz":  267.118,
"origX": -0.0002613,
"origY": -0.0026889,
"origZ": -0.0030851,
"seedArr": "notSeed",
"colorb": "#FCF3CF",
"colorw": "#FCF3CF" 
},
{
 "id": "M1522.706T13.16",
"label": "M1522.706T13.16",
"size":       24,
"opacity":     0.32,
"fx": -778.9931,
"fy": 74.21338,
"fz":  278.668,
"origX": -0.0005469,
"origY": -0.0017613,
"origZ": 0.0032674,
"seedArr": "notSeed",
"colorb": "#FCF4DB",
"colorw": "#FCF4DB" 
},
{
 "id": "M1576.695T13.11",
"label": "M1576.695T13.11",
"size":       24,
"opacity":      0.3,
"fx": -779.3341,
"fy": 72.85523,
"fz": 273.2133,
"origX": -0.00070033,
"origY": -0.0026441,
"origZ": 0.0002673,
"seedArr": "notSeed",
"colorb": "#FCF5DF",
"colorw": "#FCF5DF" 
},
{
 "id": "M1593.442T13.11",
"label": "M1593.442T13.11",
"size":       24,
"opacity":     0.44,
"fx": -779.1401,
"fy": 77.37543,
"fz": 284.2464,
"origX": -0.00061305,
"origY": 0.00029403,
"origZ": 0.0063355,
"seedArr": "notSeed",
"colorb": "#FDF0BC",
"colorw": "#FDF0BC" 
},
{
 "id": "M1610.691T13.111",
"label": "M1610.691T13.111",
"size":       24,
"opacity":     0.41,
"fx": -777.5092,
"fy": 78.73231,
"fz": 263.0425,
"origX": 0.00012088,
"origY": 0.001176,
"origZ": -0.0053266,
"seedArr": "notSeed",
"colorb": "#FDF1C4",
"colorw": "#FDF1C4" 
} 
],
"misc": "",
"ticks": {
 "x": [     -300,     -250,     -200,     -150,     -100,      -50,        0,       50,      100,      150,      200,      250,      300,      350 ],
"y": [      -80,      -70,      -60,      -50,      -40,      -30,      -20,      -10,        0,       10,       20,       30,       40,       50,       60,       70 ],
"z": [      -25,      -20,      -15,      -10,       -5,        0,        5,       10,       15,       20,       25,       30,       35,       40 ] 
},
"ticksLoading": {
 "x": [     -0.1,        0,      0.1,      0.2,      0.3,      0.4,      0.5,      0.6,      0.7,      0.8 ],
"y": [     -0.7,     -0.6,     -0.5,     -0.4,     -0.3,     -0.2,     -0.1,        0,      0.1,      0.2,      0.3,      0.4,      0.5,      0.6 ],
"z": [     -0.7,     -0.6,     -0.5,     -0.4,     -0.3,     -0.2,     -0.1,        0,      0.1,      0.2,      0.3,      0.4 ] 
},
"axis": [ "PC1 (94.2%)", "PC2 (4.3%)", "PC3 (0.8%)" ],
"axisLoading": [ "Loading 1", "Loading 2", "Loading 3" ],
"metaCol": {
 "label": [ "con_9", "dro_9", "foc_9", "xvm_9" ],
"color": [ "#E6194B", "#3CB44B", "#4363D8", "#42D4F4" ] 
} 
}