"","Comp. 1","Comp. 2","Comp. 3","Comp. 4","Comp. 5","Comp. 6"
"M279.139T1150.344",1.9256,1.8404,1.8304,1.8279,1.8278,1.8278
"M469.036T876.272",1.8489,2.2322,2.2243,2.2214,2.2214,2.2214
"M433.039T456.919",1.8214,2.2874,2.2728,2.2713,2.2713,2.2713
"M293.118T1042.937",1.7868,1.7109,1.7009,1.7012,1.7012,1.7012
"M365.528T823.98",1.7235,1.8602,1.8506,1.8479,1.8479,1.8479
"M449.004T832.738",1.7229,1.9197,1.9147,1.912,1.9119,1.9119
"M387.034T831.689",1.7187,1.7616,1.7539,1.7514,1.7514,1.7514
"M531.009T876.272",1.7084,1.724,1.7145,1.713,1.713,1.713
"M410.078T615.621",1.6907,1.8003,1.7896,1.7896,1.7896,1.7896
"M365.052T459.24",1.6731,1.6853,1.6751,1.6729,1.6729,1.6729
"M455.021T825.04",1.6268,1.7273,1.7193,1.7171,1.717,1.717
"M516.992T825.04",1.6244,2.7912,2.7717,2.7693,2.7692,2.7692
"M463.02T875.074",1.6146,1.6069,1.5956,1.5934,1.5934,1.5934
"M204.085T413.719",1.6077,1.5129,1.5092,1.5071,1.5071,1.5071
"M413.179T861.909",1.5817,1.6539,1.6817,1.6794,1.6794,1.6794
"M380.071T778.258",1.5671,1.6498,1.638,1.6356,1.6356,1.6356
"M433.038T831.69",1.5419,1.7623,1.7629,1.7604,1.7604,1.7604
"M319.076T917.392",1.5419,1.4503,1.4464,1.4444,1.4444,1.4444
"M1611.697T937.933",1.5183,1.4127,1.4068,1.4049,1.4049,1.4049
"M379.067T781.128",1.5023,1.62,1.6088,1.6066,1.6066,1.6066
"M975.202T831.412",1.4936,1.8984,1.887,1.8857,1.8857,1.8857
"M964.359T921.966",1.4775,1.3789,1.3886,1.3867,1.3867,1.3867
"M857.325T1034.658",1.4735,1.3686,1.3689,1.3696,1.3696,1.3696
"M1613.665T937.741",1.4702,1.3648,1.3586,1.3576,1.3576,1.3576
"M401.05T875.074",1.4651,1.47,1.4612,1.4607,1.4606,1.4606
"M430.136T769.014",1.4619,1.3917,1.3846,1.3834,1.3834,1.3834
"M379.565T877.71",1.4388,1.3724,1.3682,1.3672,1.3672,1.3672
"M402.053T876.272",1.4242,1.4733,1.4629,1.4614,1.4613,1.4613
"M447.05T875.673",1.4145,1.3515,1.3441,1.3421,1.3421,1.3421
"M471.117T721.976",1.4071,1.4634,1.4695,1.4693,1.4693,1.4693
"M957.274T935.63",1.402,1.3268,1.356,1.3606,1.3606,1.3606
"M895.29T938.858",1.399,1.3011,1.2984,1.2968,1.2968,1.2968
"M759.145T875.232",1.3924,1.3459,1.3439,1.3432,1.3432,1.3432
"M967.36T964.868",1.3893,1.4807,1.4702,1.4833,1.4833,1.4833
"M365.143T832.741",1.3789,1.5152,1.516,1.5249,1.5249,1.5249
"M333.062T954.304",1.3677,1.4999,1.4893,1.4913,1.4912,1.4912
"M1014.419T974.744",1.3664,1.3277,1.3252,1.3248,1.3248,1.3248
"M1462.085T939.347",1.3437,1.3555,1.3937,1.3931,1.3931,1.3931
"M237.04T858.99",1.3369,1.2529,1.2486,1.2501,1.2502,1.2502
"M1176.528T983.06",1.3347,1.2621,1.2701,1.2727,1.2727,1.2727
"M341.535T617.585",1.3219,1.2514,1.243,1.2429,1.2429,1.2429
"M483.129T913.248",1.3122,1.2179,1.2105,1.2093,1.2093,1.2093
"M923.402T931.508",1.3005,1.2211,1.2192,1.2178,1.2177,1.2177
"M481.183T769.795",1.2965,1.4009,1.3951,1.3945,1.3945,1.3945
"M661.142T919.275",1.2878,1.2122,1.2047,1.203,1.203,1.203
"M821.606T900.199",1.2852,1.2264,1.218,1.2165,1.2165,1.2165
"M451.174T880.577",1.2718,1.1828,1.1803,1.1806,1.1805,1.1805
"M180.067T785.272",1.2651,1.2116,1.2037,1.202,1.202,1.202
"M951.397T1014.118",1.2598,1.1692,1.1722,1.1737,1.1737,1.1737
"M990.329T838.789",1.2595,1.1797,1.18,1.179,1.179,1.179
"M775.338T1039.594",1.2554,1.1898,1.196,1.203,1.203,1.203
"M950.337T882.881",1.2499,1.163,1.1735,1.1722,1.1722,1.1722
"M341.31T626.276",1.2392,1.1571,1.1492,1.148,1.148,1.148
"M942.309T937.647",1.2382,1.1954,1.1997,1.1982,1.1982,1.1982
"M1130.437T924.326",1.2339,1.1665,1.1654,1.1637,1.1637,1.1637
"M341.465T625.973",1.2338,1.1469,1.1397,1.1386,1.1386,1.1386
"M893.38T934.735",1.2317,1.1533,1.1588,1.159,1.159,1.159
"M461.037T823.98",1.2316,1.1696,1.1848,1.1835,1.1835,1.1835
"M848.315T857.496",1.2311,1.1426,1.1495,1.1492,1.1492,1.1492
"M688.263T861.089",1.2286,1.1405,1.1389,1.1386,1.1386,1.1386
"M804.318T962.853",1.2253,1.1394,1.1511,1.1497,1.1497,1.1497
"M806.921T938.616",1.2242,1.1495,1.1474,1.1457,1.1457,1.1457
"M968.4T974.568",1.2179,1.1347,1.1535,1.1529,1.1529,1.1529
"M365.136T768.138",1.2161,1.2873,1.2795,1.2779,1.2779,1.2779
"M1095.84T892.791",1.216,1.3048,1.3233,1.3227,1.3227,1.3227
"M489.058T766.222",1.2146,1.1284,1.1205,1.1197,1.1197,1.1197
"M644.248T900.496",1.2141,1.1268,1.1251,1.1242,1.1242,1.1242
"M409.075T617.585",1.2132,1.1266,1.1185,1.1238,1.1238,1.1238
"M895.304T938.238",1.2113,1.1291,1.1257,1.1245,1.1244,1.1244
"M843.287T936.679",1.2083,1.1215,1.1164,1.1159,1.1158,1.1158
"M238.069T801.926",1.2068,1.2438,1.2365,1.235,1.235,1.235
"M385.113T835.894",1.2058,1.1321,1.1376,1.1366,1.1366,1.1366
"M911.26T1004.032",1.2055,1.1519,1.1559,1.1556,1.1556,1.1556
"M942.303T939.917",1.2047,1.1699,1.186,1.1843,1.1843,1.1843
"M851.276T990.376",1.2044,1.1453,1.1523,1.1512,1.1512,1.1512
"M1463.523T939.044",1.2038,1.2062,1.255,1.2553,1.2553,1.2553
"M822.313T886.782",1.2033,1.1223,1.1212,1.12,1.12,1.12
"M982.374T904.236",1.201,1.1275,1.1198,1.1185,1.1185,1.1185
"M475.187T823.258",1.2005,1.1232,1.1158,1.1235,1.1235,1.1235
"M505.029T765.672",1.1998,1.2094,1.206,1.2044,1.2044,1.2044
"M698.26T899.18",1.1979,1.1154,1.1256,1.1249,1.1249,1.1249
"M341.259T618.637",1.1974,1.1154,1.1075,1.1068,1.1068,1.1068
"M921.374T936.829",1.1973,1.1196,1.1167,1.1151,1.1151,1.1151
"M1044.425T908.907",1.1947,1.1136,1.1062,1.1056,1.1056,1.1056
"M333.109T769.719",1.1934,1.1752,1.1702,1.1686,1.1687,1.1687
"M593.934T851.064",1.1875,1.1048,1.0985,1.1007,1.1007,1.1007
"M732.379T69.273",1.1873,1.1271,1.123,1.1235,1.1235,1.1235
"M1143.426T942.716",1.1871,1.106,1.1107,1.11,1.1099,1.1099
"M1197.439T886.215",1.186,1.1434,1.1381,1.1365,1.1365,1.1365
"M684.191T618.708",1.1854,1.3812,1.3744,1.3759,1.376,1.376
"M937.334T882.127",1.1846,1.1321,1.1266,1.1254,1.1254,1.1254
"M824.341T916.725",1.1825,1.773,1.7651,1.7626,1.7626,1.7626
"M728.88T67.591",1.1815,1.2098,1.2146,1.2145,1.2144,1.2144
"M941.317T938.576",1.1794,1.1223,1.1185,1.117,1.117,1.117
"M732.876T67.374",1.1751,1.1889,1.1914,1.1914,1.1914,1.1914
"M909.388T926.435",1.1715,1.1667,1.1762,1.1754,1.1754,1.1754
"M823.337T914.416",1.1714,1.1024,1.1065,1.1049,1.1049,1.1049
"M781.183T974.609",1.1694,1.1252,1.1172,1.1181,1.1181,1.1181
"M807.007T938.915",1.1691,1.1186,1.1148,1.1138,1.1138,1.1138
"M1144.448T942.538",1.1686,1.0906,1.0956,1.0944,1.0943,1.0943
"M728.269T963.544",1.1673,1.1226,1.1551,1.1538,1.1538,1.1538
"M711.218T782.65",1.1665,1.0829,1.0811,1.0836,1.0836,1.0836
"M941.306T938.915",1.1651,1.1318,1.1298,1.1283,1.1283,1.1283
"M361.323T326.759",1.1629,1.0978,1.0941,1.0931,1.0931,1.0931
"M950.342T882.081",1.1625,1.0792,1.0917,1.0905,1.0905,1.0905
"M1143.444T941.11",1.1609,1.0836,1.0824,1.0814,1.0814,1.0814
"M395.28T1470.273",1.1608,1.1592,1.1523,1.1514,1.1514,1.1514
"M421.069T767.549",1.1551,1.0874,1.0835,1.082,1.082,1.082
"M1243.514T983.057",1.1539,1.169,1.1608,1.1592,1.1592,1.1592
"M889.313T902.886",1.1534,1.078,1.078,1.0766,1.0765,1.0765
"M712.22T783.012",1.1526,1.0885,1.0827,1.097,1.097,1.097
"M428.2T856.891",1.1516,1.0711,1.0634,1.0629,1.0629,1.0629
"M685.228T857.881",1.15,1.0777,1.0789,1.0779,1.0779,1.0779
"M645.252T899.393",1.1488,1.1904,1.1833,1.1822,1.1821,1.1821
"M333.06T88.804",1.148,1.089,1.0889,1.0901,1.0901,1.0901
"M852.339T915.443",1.1466,1.0955,1.0883,1.0869,1.0869,1.0869
"M884.8T66.979",1.1461,1.1876,1.191,1.1924,1.1924,1.1924
"M969.4T973.77",1.1455,1.1268,1.1423,1.1408,1.1408,1.1408
"M702.255T837.404",1.1445,1.1152,1.1084,1.107,1.107,1.107
"M533.169T900.984",1.1431,1.1432,1.1365,1.1355,1.1355,1.1355
"M714.253T913.384",1.1414,1.0629,1.0596,1.0586,1.0586,1.0586
"M483.183T857.732",1.1408,1.092,1.0865,1.0851,1.0851,1.0851
"M313.119T883.187",1.1394,1.0702,1.095,1.0971,1.0971,1.0971
"M1432.595T1048.493",1.139,1.0654,1.0625,1.0707,1.0706,1.0706
"M610.849T834.902",1.1364,1.0596,1.0647,1.0732,1.0732,1.0732
"M708.241T861.396",1.1359,1.0613,1.0559,1.0549,1.0548,1.0548
"M1461.92T936.679",1.1358,1.0738,1.0676,1.0663,1.0663,1.0663
"M1397.968T984.092",1.1356,1.0883,1.1273,1.1273,1.1273,1.1273
"M349.057T865.046",1.1322,1.0516,1.0451,1.0439,1.0439,1.0439
"M967.407T978.889",1.1318,1.1419,1.1632,1.1616,1.1616,1.1616
"M650.407T1378.088",1.1304,1.0596,1.0521,1.0506,1.0506,1.0506
"M808.342T938.944",1.1303,1.1103,1.1072,1.1056,1.1056,1.1056
"M1015.483T980.936",1.1303,1.1378,1.1541,1.1577,1.1577,1.1577
"M1035.397T978.889",1.1296,1.1187,1.1333,1.1325,1.1325,1.1325
"M924.351T839.79",1.1273,1.1197,1.1187,1.1171,1.1171,1.1171
"M383.058T256.181",1.1256,1.125,1.117,1.1154,1.1154,1.1154
"M807.113T936.925",1.125,1.0477,1.0404,1.04,1.04,1.04
"M455.193T892.238",1.125,1.0475,1.0405,1.0406,1.0406,1.0406
"M548.179T817.387",1.1247,1.1022,1.0992,1.098,1.098,1.098
"M1063.398T908.83",1.1244,1.0436,1.0365,1.0351,1.0351,1.0351
"M503.143T589.731",1.1236,1.0502,1.0582,1.0588,1.0588,1.0588
"M391.157T830.263",1.1225,1.0903,1.1418,1.1432,1.1432,1.1432
"M1130.433T884.599",1.1216,1.055,1.0491,1.0481,1.0481,1.0481
"M1035.367T890.845",1.1213,1.0409,1.0354,1.034,1.034,1.034
"M469.208T948.545",1.1199,1.0624,1.0552,1.0538,1.0538,1.0538
"M873.638T939.705",1.1197,1.1381,1.1524,1.1522,1.1522,1.1522
"M833.365T968.818",1.1192,1.1266,1.1232,1.1218,1.1218,1.1218
"M203.083T418.775",1.1191,1.0391,1.0438,1.0499,1.0499,1.0499
"M1039.403T917.165",1.1174,1.0937,1.1124,1.1111,1.1111,1.1111
"M418.896T66.885",1.1167,1.2198,1.2144,1.2162,1.2162,1.2162
"M1008.375T923.099",1.1148,1.0901,1.0941,1.093,1.093,1.093
"M705.205T926.435",1.1135,1.0337,1.035,1.035,1.035,1.035
"M806.978T940.468",1.1101,1.0766,1.0913,1.09,1.09,1.09
"M627.229T851.009",1.1095,1.0308,1.0297,1.0284,1.0284,1.0284
"M696.3T853.355",1.1093,1.0982,1.0931,1.0917,1.0917,1.0917
"M1036.399T977.849",1.1092,1.053,1.0755,1.0739,1.0739,1.0739
"M703.247T844.715",1.1088,1.0456,1.0381,1.0379,1.0379,1.0379
"M1117.54T932.512",1.1086,1.0392,1.0335,1.032,1.032,1.032
"M709.31T874.193",1.1085,1.038,1.0305,1.0291,1.0291,1.0291
"M593.686T850.456",1.1084,1.0341,1.0454,1.0439,1.0439,1.0439
"M433.777T806.208",1.1058,1.0498,1.0425,1.0413,1.0413,1.0413
"M289.12T769.482",1.1038,1.156,1.1491,1.1477,1.1476,1.1476
"M807.744T937.741",1.1019,1.0486,1.0432,1.0417,1.0417,1.0417
"M1071.439T878.893",1.0987,1.0362,1.0424,1.0435,1.0435,1.0435
"M951.343T881.927",1.0979,1.114,1.1197,1.1183,1.1183,1.1183
"M399.065T319.722",1.0968,1.1537,1.1603,1.1654,1.1655,1.1655
"M621.037T758.225",1.0963,1.0983,1.0955,1.094,1.094,1.094
"M367.103T818.837",1.096,1.0175,1.0107,1.0105,1.0105,1.0105
"M356.995T88.504",1.0953,1.04,1.0435,1.0452,1.0452,1.0452
"M729.273T847.264",1.0949,1.0328,1.0254,1.0245,1.0245,1.0245
"M617.247T870.852",1.094,1.0267,1.0206,1.0192,1.0192,1.0192
"M331.068T223.104",1.0937,1.1051,1.0971,1.0963,1.0963,1.0963
"M549.258T834.983",1.0937,1.0174,1.0543,1.0529,1.0529,1.0529
"M868.801T68.637",1.0935,1.2791,1.274,1.2724,1.2723,1.2723
"M1095.906T894.31",1.0931,1.0206,1.0157,1.0142,1.0142,1.0142
"M621.125T857.148",1.0927,1.0339,1.0269,1.0277,1.0277,1.0277
"M753.298T903.043",1.0924,1.0166,1.0094,1.0108,1.0108,1.0108
"M919.334T939.971",1.0923,1.033,1.0271,1.0272,1.0272,1.0272
"M968.386T889.852",1.0921,1.0207,1.0162,1.0167,1.0167,1.0167
"M1031.347T966.014",1.0901,1.0117,1.0061,1.0052,1.0052,1.0052
"M1057.411T880.24",1.0873,1.0228,1.0342,1.0329,1.0329,1.0329
"M1396.865T985.147",1.0868,1.1566,1.1571,1.1554,1.1554,1.1554
"M647.193T836.421",1.0849,1.0538,1.0468,1.0455,1.0455,1.0455
"M457.136T788.61",1.0831,1.0117,1.0086,1.0085,1.0085,1.0085
"M1097.037T893.528",1.0828,1.0373,1.0629,1.0614,1.0614,1.0614
"M354.093T469.671",1.0823,1.0183,1.0115,1.0104,1.0104,1.0104
"M437.041T470.729",1.0822,1.0111,1.0045,1.0033,1.0033,1.0033
"M806.073T940.272",1.082,1.0303,1.0341,1.0331,1.0331,1.0331
"M806.159T933.966",1.0807,1.1319,1.1413,1.142,1.1419,1.1419
"M643.245T933.361",1.0803,1.0167,1.0116,1.0115,1.0114,1.0114
"M310.974T92.682",1.0803,1.0273,1.0211,1.0198,1.0198,1.0198
"M481.183T807.444",1.0798,1.033,1.0317,1.0309,1.0309,1.0309
"M830.24T316.247",1.0791,1.0609,1.055,1.054,1.0539,1.0539
"M487.212T857.117",1.0787,1.0103,1.0031,1.0036,1.0036,1.0036
"M429.141T889.195",1.0771,1.0125,1.0094,1.008,1.008,1.008
"M473.173T881.847",1.0768,0.99944,0.99263,0.99121,0.9912,0.9912
"M349.056T728.324",1.0759,1.0018,0.99603,0.99552,0.9955,0.99551
"M869.171T823.716",1.0753,1.0656,1.0786,1.0817,1.0817,1.0817
"M1614.109T935.709",1.075,1.1077,1.104,1.1028,1.1028,1.1028
"M497.083T319.72",1.0743,1.0353,1.0714,1.0699,1.0699,1.0699
"M1095.872T896.96",1.073,1.0106,1.0181,1.0174,1.0173,1.0173
"M915.823T68.606",1.0717,1.3763,1.3697,1.37,1.37,1.37
"M851.338T916.834",1.0706,1.051,1.0474,1.0459,1.0459,1.0459
"M357.108T784.337",1.0685,0.99238,0.98559,0.98536,0.98536,0.98536
"M561.217T921.818",1.0679,1.1026,1.095,1.0936,1.0937,1.0937
"M475.366T1425.395",1.0678,1.0374,1.0327,1.0318,1.0318,1.0318
"M375.07T470.729",1.0669,1.012,1.0052,1.0041,1.0041,1.0041
"M665.182T815.828",1.0668,1.0493,1.049,1.0476,1.0476,1.0476
"M1167.557T907.179",1.0652,1.0495,1.0477,1.0467,1.0468,1.0468
"M1130.454T886.215",1.0648,1.0162,1.0107,1.0093,1.0093,1.0093
"M494.168T786.301",1.064,0.98904,1.0061,1.0065,1.0065,1.0065
"M695.298T853.355",1.0631,1.0209,1.0137,1.0125,1.0125,1.0125
"M795.198T1006.041",1.0616,1.5312,1.5501,1.5618,1.5617,1.5617
"M471.152T726.342",1.0611,0.98748,0.99517,0.99407,0.99406,0.99406
"M867.206T809.129",1.0592,1.1486,1.1496,1.151,1.151,1.151
"M769.419T945.253",1.0592,1.0394,1.032,1.0307,1.0307,1.0307
"M1106.454T890.453",1.059,0.98314,0.97688,0.97567,0.97566,0.97566
"M559.276T958.275",1.0587,1.0354,1.029,1.0275,1.0275,1.0275
"M1087.412T876.684",1.0579,1.0056,0.99872,0.99797,0.99796,0.99796
"M1323.606T888.291",1.0579,0.98743,0.99443,0.99385,0.99384,0.99384
"M359.123T830.487",1.0572,0.98142,0.9916,0.99052,0.99051,0.99051
"M1125.418T877.844",1.0567,0.99397,1.01,1.0102,1.0102,1.0102
"M491.208T833.798",1.0567,0.98729,1.0201,1.0228,1.0228,1.0228
"M1363.57T899.951",1.056,0.98692,0.99609,0.99475,0.99474,0.99474
"M1005.392T917.562",1.0556,0.98033,0.97383,0.97282,0.97281,0.97281
"M871.351T913.248",1.0555,0.97992,0.97292,0.97158,0.97157,0.97157
"M937.388T970.431",1.0554,0.98964,0.98312,0.98263,0.98263,0.98263
"M799.191T949.166",1.0545,0.98049,0.98409,0.98312,0.98311,0.98311
"M437.044T765.875",1.0544,0.98772,0.98208,0.98136,0.98134,0.98134
"M225.002T107.866",1.0543,0.97948,0.97938,0.9796,0.97959,0.97959
"M609.153T789.212",1.0529,0.9793,0.97233,0.97094,0.97093,0.97093
"M487.146T735.656",1.0528,0.99015,0.98969,0.98846,0.98846,0.98846
"M339.058T415.891",1.0527,0.98973,1.0263,1.0256,1.0256,1.0256
"M353.181T807.324",1.0525,1.0025,1.0023,1.001,1.001,1.001
"M630.879T67.545",1.0519,1.0353,1.041,1.042,1.042,1.042
"M507.209T930.4",1.0505,1.022,1.0199,1.0191,1.0191,1.0191
"M501.195T803.697",1.0498,1.0013,1.0034,1.0037,1.0037,1.0037
"M1007.373T920.82",1.0496,1.0141,1.0085,1.0071,1.0071,1.0071
"M811.459T986.188",1.0493,1.0629,1.0815,1.0805,1.0804,1.0804
"M615.195T761.983",1.0487,1.0885,1.0807,1.0791,1.0791,1.0791
"M664.226T813.714",1.047,0.97314,0.96622,0.96843,0.96843,0.96843
"M1103.384T928.554",1.0467,0.97678,0.9777,0.9769,0.97689,0.97689
"M549.174T847.493",1.0463,0.97997,0.97294,0.97244,0.97243,0.97243
"M395.189T761.387",1.0455,0.97059,0.9655,0.96446,0.96445,0.96445
"M723.538T832.745",1.0449,0.97551,0.96905,0.98081,0.9808,0.9808
"M507.151T845.473",1.0435,0.97211,0.96787,0.96651,0.96649,0.96649
"M547.234T852.079",1.041,0.97114,0.96918,0.9678,0.96779,0.96779
"M521.224T935.29",1.0408,1.0758,1.0737,1.0723,1.0723,1.0723
"M495.025T292.616",1.0406,0.96915,0.9643,0.96298,0.96297,0.96297
"M863.373T951.624",1.0401,0.9889,0.99641,0.99649,0.99648,0.99648
"M445.207T780.093",1.0399,0.96816,0.96341,0.96214,0.96214,0.96214
"M398.263T1317.762",1.0398,1.0851,1.0857,1.0843,1.0842,1.0842
"M809.324T904.082",1.0397,0.97435,0.97794,0.97727,0.9773,0.9773
"M456.197T892.811",1.0381,0.96503,0.95814,0.95678,0.95677,0.95677
"M890.319T900.562",1.0375,0.98192,0.98114,0.98001,0.98003,0.98003
"M241.108T881.116",1.0366,0.99106,0.99925,0.99856,0.9986,0.9986
"M851.819T1425.446",1.0342,0.96096,0.9548,0.95355,0.9536,0.9536
"M367.058T823.98",1.0341,1.0057,1.0311,1.0332,1.0332,1.0332
"M968.365T965.957",1.0337,1.0129,1.0364,1.0351,1.0351,1.0351
"M947.485T901.595",1.0335,0.99987,0.9944,0.99299,0.99298,0.99298
"M447.959T106.92",1.0331,1.0052,0.99821,0.99769,0.99771,0.99771
"M691.153T854.793",1.0322,0.95802,0.95794,0.95659,0.95658,0.95658
"M661.226T856.483",1.0317,1.0069,1.0028,1.0053,1.0053,1.0053
"M373.167T930.605",1.0309,1.0379,1.0371,1.0362,1.0362,1.0362
"M451.218T291.531",1.0308,0.97203,0.96532,0.96466,0.96465,0.96465
"M401.049T776.54",1.0304,0.96,0.95332,0.9529,0.95291,0.9529
"M399.275T1363.391",1.0285,0.95582,0.95057,0.9504,0.95039,0.95039
"M665.267T889.419",1.0284,0.95483,0.94852,0.94721,0.9472,0.9472
"M970.813T317.253",1.0284,1.1471,1.1396,1.1385,1.1385,1.1385
"M699.004T983.059",1.0275,0.95833,0.9639,0.96263,0.96263,0.96263
"M447.151T677.76",1.0271,1.0263,1.0196,1.0181,1.0181,1.0181
"M333.041T419.397",1.0269,1.0346,1.0323,1.0406,1.0406,1.0406
"M345.082T140.774",1.0266,0.95283,0.94673,0.94544,0.94543,0.94543
"M969.939T315.438",1.0266,1.4005,1.3922,1.3904,1.3904,1.3904
"M585.15T892.945",1.0265,0.95332,0.94689,0.94555,0.94554,0.94554
"M642.242T817.768",1.0259,1.0875,1.0808,1.0836,1.0835,1.0835
"M1129.441T885.407",1.0257,0.95326,0.94643,0.94649,0.94648,0.94648
"M927.368T972.44",1.0256,0.95336,0.94912,0.95427,0.95426,0.95426
"M245.094T862.962",1.0249,1.0358,1.0349,1.0335,1.0335,1.0335
"M353.052T831.694",1.0247,0.96527,0.98858,0.9883,0.9883,0.9883
"M549.147T750.744",1.0245,0.95215,0.94923,0.94804,0.94804,0.94804
"M461.152T871.999",1.0232,0.97072,0.96427,0.96299,0.96299,0.96299
"M989.364T928.413",1.0229,0.98653,1.0127,1.0117,1.0117,1.0117
"M467.051T320.771",1.0226,0.95723,0.95036,0.95102,0.95101,0.95101
"M812.842T69.273",1.0225,0.96014,0.9602,0.96636,0.96636,0.96636
"M451.125T735.96",1.022,0.95619,0.94978,0.94845,0.94845,0.94845
"M799.852T67.938",1.0217,1.2619,1.2546,1.2529,1.2529,1.2529
"M295.104T156.471",1.0206,0.94784,0.94881,0.94779,0.94778,0.94778
"M653.913T316.046",1.0206,0.95241,0.94849,0.94762,0.94762,0.94762
"M335.137T198.47",1.0199,0.95238,0.9456,0.94437,0.94436,0.94436
"M421.636T753.774",1.0194,0.94623,0.96753,0.96838,0.96839,0.96839
"M238.892T97.993",1.0186,0.94893,0.94231,0.94105,0.94105,0.94105
"M776.814T66.22",1.0183,1.1261,1.1186,1.1171,1.1171,1.1171
"M577.137T781.037",1.0182,0.95628,0.98962,0.98948,0.98954,0.98954
"M409.172T733.287",1.0171,1.0203,1.0167,1.0158,1.0158,1.0158
"M309.119T137.634",1.0168,0.9812,0.98115,0.98027,0.98026,0.98026
"M551.272T837.928",1.0164,0.96627,0.96152,0.96168,0.96167,0.96167
"M473.196T813.174",1.0162,0.94316,0.93772,0.9365,0.93653,0.93653
"M963.275T732.778",1.0152,0.96438,0.95819,0.95803,0.95802,0.95802
"M745.161T766.586",1.0149,0.95925,0.95236,0.95197,0.95196,0.95196
"M272.073T418.674",1.0135,0.95008,0.97213,0.98517,0.98528,0.98528
"M765.729T983.05",1.0124,0.97238,1.0001,0.99884,0.99883,0.99883
"M449.205T834.832",1.0122,0.94942,0.97436,0.97807,0.97805,0.97805
"M988.804T68.066",1.0109,0.94088,0.93484,0.93376,0.93375,0.93375
"M509.218T928.864",1.0108,0.94444,0.9385,0.93716,0.93714,0.93714
"M293.177T1149.195",1.0101,0.94747,0.94071,0.94791,0.94793,0.94793
"M401.144T790.222",1.0099,0.97169,0.96484,0.96382,0.96381,0.96381
"M1103.415T879.391",1.0094,0.982,0.99749,0.99609,0.99608,0.99608
"M683.129T316.242",1.0092,0.97072,0.96871,0.96732,0.96733,0.96733
"M721.31T972.44",1.0089,0.96659,0.96327,0.96209,0.9621,0.9621
"M425.103T1191.927",1.0083,0.93587,0.93449,0.93325,0.93324,0.93324
"M269.103T792.774",1.0066,0.94261,0.93642,0.93515,0.93515,0.93515
"M549.205T845.853",1.0051,0.96379,0.95974,0.96075,0.96074,0.96074
"M693.278T872.306",1.0047,0.94833,0.94261,0.94131,0.9413,0.9413
"M631.833T319.717",1.0027,1.13,1.134,1.1333,1.1333,1.1333
"M439.083T756.683",1.0026,0.93053,0.92413,0.92668,0.92667,0.92667
"M433.351T780.04",1.0026,0.97686,0.96998,0.97209,0.97209,0.97209
"M576.128T818.314",1.0025,0.93872,0.96935,0.96798,0.96804,0.96804
"M676.835T65.732",1.0023,1.5584,1.5505,1.5492,1.5492,1.5492
"M328.886T98.013",0.99917,1.0745,1.084,1.0829,1.0829,1.0829
"M173.008T106.871",0.99778,0.92678,0.9216,0.92103,0.92103,0.92103
"M402.187T763.436",0.99677,0.92813,0.93059,0.93111,0.9311,0.9311
"M405.167T106.416",0.99664,0.95108,0.95515,0.96294,0.96293,0.96293
"M715.392T322.783",0.99661,0.9266,0.92313,0.92477,0.92487,0.92487
"M265.148T1629.604",0.99659,0.92517,0.93945,0.93825,0.93832,0.93832
"M399.165T851.906",0.99653,0.93655,0.9306,0.92979,0.92978,0.92978
"M847.188T757.14",0.99539,1.1873,1.1829,1.1826,1.1826,1.1826
"M587.201T848.147",0.99528,0.96775,0.96141,0.96036,0.96036,0.96036
"M967.394T924.933",0.99446,0.93495,0.95018,0.94886,0.94885,0.94885
"M438.263T1164.917",0.99414,1.3443,1.3369,1.3377,1.3377,1.3377
"M375.104T216.821",0.99294,0.95092,0.94409,0.94274,0.94274,0.94274
"M697.905T994.286",0.99215,0.96613,0.96779,0.96744,0.96744,0.96744
"M433.122T384.02",0.99182,1.1878,1.1807,1.1942,1.1942,1.1942
"M885.489T1408.277",0.99179,0.95987,0.9534,0.9521,0.95209,0.95209
"M518.153T824.178",0.99056,0.92347,0.9191,0.91823,0.91821,0.91821
"M632.847T316.374",0.98958,0.95996,0.95379,0.96003,0.96003,0.96003
"M277.129T811.716",0.98868,0.92038,0.92191,0.9208,0.92079,0.92079
"M768.448T1315.096",0.98849,0.92825,0.92336,0.92355,0.92354,0.92354
"M309.118T727.508",0.98781,0.95096,0.94805,0.94707,0.94708,0.94708
"M435.959T107.38",0.98768,0.98354,0.98658,0.98556,0.98557,0.98557
"M317.087T121.975",0.98743,0.92959,0.92489,0.92394,0.92393,0.92393
"M293.177T1099.499",0.98632,0.91899,0.91612,0.91485,0.9149,0.9149
"M901.161T984.095",0.98517,0.91741,0.9585,0.95824,0.95828,0.95828
"M1105.431T888.552",0.98473,0.92406,0.91904,0.91775,0.91774,0.91774
"M861.166T878.352",0.98383,0.94885,0.94539,0.94534,0.94534,0.94534
"M581.283T805.632",0.98367,0.91907,0.91751,0.9163,0.91632,0.91632
"M491.126T414.484",0.9829,0.91322,0.92451,0.9234,0.92341,0.92341
"M316.427T318.614",0.98263,0.95959,0.96759,0.9702,0.9702,0.9702
"M1354.628T902.5",0.98244,0.94269,0.94187,0.94086,0.94092,0.94092
"M333.083T110.42",0.98194,0.91467,0.90818,0.90744,0.90744,0.90744
"M362.298T315.255",0.98138,0.9147,0.91025,0.909,0.90899,0.90899
"M367.08T114.463",0.98137,0.91361,0.90706,0.90656,0.90655,0.90655
"M351.13T801.057",0.98109,0.91678,0.91087,0.9096,0.9096,0.9096
"M1071.559T892.477",0.98074,0.91024,0.92104,0.91978,0.91977,0.91977
"M418.218T902.438",0.97979,1.0108,1.0096,1.0085,1.0085,1.0085
"M701.195T940.853",0.97913,0.92653,0.9276,0.9263,0.9263,0.9263
"M429.504T310.912",0.97895,0.93086,0.92863,0.92785,0.92785,0.92785
"M427.038T293.27",0.97873,0.93664,0.93145,0.93016,0.93015,0.93015
"M503.126T874.193",0.97862,0.92466,0.92721,0.92589,0.92588,0.92588
"M1045.593T1289.364",0.9786,0.90852,0.90212,0.90128,0.90128,0.90128
"M508.215T930.69",0.97801,0.95401,0.94782,0.94709,0.94708,0.94708
"M497.109T889.816",0.97772,0.95408,0.96727,0.97107,0.97106,0.97106
"M529.154T821.794",0.97732,0.90765,0.9048,0.90536,0.90538,0.90538
"M983.568T1252.43",0.97707,0.91712,0.92303,0.92598,0.92597,0.92597
"M408.822T1801.685",0.97695,0.927,0.92035,0.91952,0.91951,0.91951
"M657.063T941.851",0.97677,1.0022,1.0256,1.0245,1.0245,1.0245
"M447.259T942.596",0.97655,0.92178,0.91852,0.91727,0.91726,0.91726
"M653.891T318.024",0.97644,0.90641,0.90163,0.90034,0.90033,0.90033
"M643.245T813.714",0.97457,0.90708,0.90534,0.90424,0.90423,0.90423
"M317.064T416.942",0.97413,0.99437,1.0033,1.003,1.003,1.003
"M443.191T791.98",0.97369,0.90367,0.8981,0.8972,0.89719,0.89719
"M429.25T1071.941",0.97131,0.90157,0.90353,0.90297,0.90296,0.90296
"M297.119T136.686",0.97029,0.9277,0.92105,0.91978,0.91977,0.91977
"M1323.575T889.628",0.96981,0.90022,0.89861,0.89738,0.89739,0.89739
"M407.045T415.442",0.96944,0.90616,0.90267,0.90139,0.90139,0.90139
"M467.156T971.498",0.96883,0.89948,0.89422,0.89486,0.8949,0.8949
"M255.115T921.266",0.96814,0.95221,0.95002,0.94956,0.94955,0.94955
"M1069.501T1402.821",0.96733,0.93606,0.94,0.93885,0.93885,0.93885
"M460.969T105.772",0.96701,0.90835,0.91481,0.9135,0.9135,0.9135
"M723.346T899.128",0.96678,0.90214,0.89751,0.89652,0.89651,0.89651
"M502.995T105.736",0.96645,1.0582,1.0531,1.0519,1.0519,1.0519
"M609.054T106.871",0.96553,0.89889,0.89897,0.89773,0.89772,0.89772
"M795.27T865.806",0.96449,0.90496,0.89879,0.89802,0.89803,0.89803
"M919.493T1102.884",0.96382,0.94252,0.95238,0.95158,0.95162,0.95162
"M397.259T1311.545",0.96317,0.90147,0.89574,0.89478,0.89479,0.89479
"M311.186T1077.614",0.96286,0.89572,0.88975,0.89527,0.89528,0.89528
"M409.045T138.763",0.96232,0.89534,0.89118,0.89282,0.89281,0.89281
"M579.151T798.32",0.96213,0.8986,0.89755,0.89634,0.89646,0.89646
"M593.763T756.056",0.96194,0.89626,0.92192,0.92112,0.92111,0.92111
"M315.108T761.986",0.96191,0.99052,0.99007,0.98954,0.98954,0.98954
"M621.052T106.9",0.96172,0.89257,0.88949,0.88827,0.88826,0.88826
"M751.173T317.266",0.9617,0.90991,0.90427,0.90298,0.90297,0.90297
"M323.187T1016.246",0.96121,0.91912,0.92069,0.91939,0.91939,0.91939
"M438.049T766.588",0.96098,0.90887,0.90274,0.9073,0.90729,0.90729
"M221.066T891.624",0.96068,0.96296,0.96035,0.96095,0.96094,0.96094
"M333.926T91.902",0.95996,0.91966,0.9168,0.91573,0.91574,0.91574
"M1053.272T316.465",0.95898,0.91352,0.90707,0.90617,0.90618,0.90618
"M405.177T839.252",0.95891,0.89023,0.88403,0.88501,0.885,0.885
"M344.099T126.621",0.95888,0.90842,0.90273,0.90229,0.90228,0.90228
"M999.268T316.316",0.95844,0.95754,0.95079,0.94959,0.94959,0.94959
"M419.115T799.29",0.95748,0.91672,0.92561,0.92544,0.92543,0.92543
"M1094.293T897.844",0.95736,0.94064,0.94143,0.94071,0.9407,0.94071
"M281.07T709.104",0.95683,0.90613,0.90173,0.90238,0.90237,0.90237
"M483.178T941.182",0.95608,0.88952,0.88947,0.88836,0.88842,0.88842
"M821.506T1329.663",0.95277,0.91032,0.90641,0.90875,0.90874,0.90874
"M445.095T115.802",0.95193,0.88367,0.87845,0.87748,0.87747,0.87747
"M1048.557T894.929",0.9494,0.89176,0.9,0.89891,0.8989,0.8989
"M1007.203T89.251",0.94876,1.1497,1.1475,1.146,1.146,1.146
"M567.333T903.822",0.94831,0.8846,0.88075,0.87951,0.87952,0.87952
"M429.646T308.971",0.94788,0.88861,0.88227,0.88116,0.88116,0.88116
"M1255.613T888.434",0.94689,0.88149,0.88039,0.87977,0.87979,0.87979
"M487.016T806.181",0.94683,0.89636,0.89006,0.89167,0.89166,0.89166
"M863.184T809.21",0.94656,0.97378,0.98178,0.98144,0.98145,0.98145
"M415.086T168.579",0.94647,0.89096,0.88874,0.88749,0.88748,0.88748
"M417.177T763.775",0.94603,0.89271,0.88857,0.88764,0.88765,0.88765
"M695.12T755.765",0.94593,0.88538,0.90772,0.90656,0.90655,0.90655
"M864.188T806.912",0.94577,0.87924,0.88505,0.88379,0.88378,0.88378
"M524.183T892.811",0.94559,0.88222,0.87634,0.8754,0.87539,0.87539
"M470.098T771.956",0.94527,0.88977,0.88421,0.88793,0.88792,0.88792
"M497.261T974.778",0.94483,0.96576,0.95923,0.95791,0.9579,0.9579
"M340.859T1719.351",0.94478,0.89944,0.89317,0.89249,0.89249,0.89249
"M1323.386T316.247",0.94467,0.96528,0.96306,0.96276,0.96275,0.96275
"M601.172T845.875",0.94406,0.89121,0.88492,0.8841,0.88409,0.88409
"M377.181T797.379",0.94394,0.87609,0.8698,0.86859,0.86859,0.86859
"M559.066T758.189",0.9427,0.91799,0.91142,0.91288,0.91288,0.91288
"M455.081T744.378",0.94235,0.89801,0.89159,0.89885,0.89884,0.89884
"M1132.537T923.907",0.94229,0.88405,0.87796,0.87712,0.87712,0.87712
"M501.206T823.684",0.94228,1.0943,1.1285,1.1269,1.1269,1.1269
"M998.861T1404.179",0.94187,0.89964,0.92387,0.92312,0.9231,0.9231
"M627.173T806.181",0.94185,0.87575,0.87469,0.8738,0.87379,0.87379
"M591.465T1235.608",0.94181,1.0617,1.0638,1.0671,1.0671,1.0671
"M595.261T805.416",0.94143,1.1926,1.2024,1.2033,1.2033,1.2033
"M654.008T318.692",0.9406,0.88001,0.87405,0.87537,0.87537,0.87537
"M266.946T113.686",0.94016,0.8775,0.87383,0.87286,0.87285,0.87285
"M397.074T474.916",0.94007,0.877,0.87088,0.86975,0.86974,0.86974
"M548.979T106.308",0.93998,0.89642,0.89029,0.88944,0.88945,0.88945
"M343.103T489.112",0.93987,0.96023,0.97431,0.97379,0.9738,0.9738
"M673.289T892.945",0.93984,0.92491,0.9186,0.91729,0.91728,0.91728
"M305.082T1122.457",0.93935,0.87428,0.86833,0.8826,0.88259,0.88259
"M469.095T760.602",0.9392,0.90335,0.89688,0.89568,0.89568,0.89568
"M423.224T921.021",0.93886,1.0042,0.99893,0.99751,0.99751,0.99751
"M485.178T783.442",0.9388,0.87323,0.87588,0.87479,0.87479,0.87479
"M435.217T805.716",0.93834,0.94111,0.944,0.94273,0.94273,0.94273
"M767.194T317.413",0.9382,0.87088,0.86565,0.86441,0.86441,0.86441
"M483.209T897.853",0.93768,0.90549,0.89934,0.89814,0.89813,0.89813
"M418.894T1736.453",0.93736,0.95815,0.95172,0.95279,0.95278,0.95278
"M385.188T793.619",0.93723,0.87194,0.86909,0.86871,0.8687,0.8687
"M1201.918T909.936",0.93654,0.87811,0.872,0.87075,0.87076,0.87076
"M393.176T847.594",0.93649,0.89165,0.88564,0.88468,0.88467,0.88467
"M511.24T944.134",0.93602,0.887,0.88172,0.88213,0.88212,0.88212
"M655.873T943.419",0.93514,0.95011,0.94699,0.94605,0.94605,0.94605
"M407.173T414.983",0.93503,0.98477,0.9791,0.98126,0.98127,0.98127
"M1013.86T1346.532",0.93443,0.87607,0.87413,0.87551,0.8755,0.8755
"M341.088T439.204",0.93353,0.88037,0.87414,0.87291,0.8729,0.8729
"M576.861T67.042",0.93281,0.895,0.88905,0.88907,0.88909,0.88909
"M631.863T318.629",0.93253,0.90175,0.8971,0.89761,0.8976,0.8976
"M359.061T194.361",0.9324,0.89906,0.89677,0.89549,0.89549,0.89549
"M274.971T109.977",0.93179,0.95212,0.94701,0.94632,0.94632,0.94632
"M354.957T108.842",0.93168,0.8866,0.88139,0.88035,0.88034,0.88034
"M331.103T255.151",0.93136,0.87846,0.87468,0.8735,0.87349,0.87349
"M567.171T792.05",0.9295,0.86362,0.85806,0.85714,0.85716,0.85716
"M333.191T983.058",0.92928,0.87038,0.89709,0.89703,0.89709,0.89709
"M337.092T724.593",0.92893,0.96793,0.96778,0.96723,0.96724,0.96724
"M653.935T315.929",0.92847,0.86366,0.85807,0.85833,0.85832,0.85832
"M881.515T1351.787",0.92842,0.87062,0.87357,0.87233,0.87232,0.87232
"M289.084T863.831",0.92807,0.94797,0.94116,0.94089,0.94088,0.94088
"M431.759T791.911",0.92759,0.86787,0.87052,0.87118,0.87125,0.87125
"M537.08T758.19",0.92607,0.866,0.86278,0.86171,0.86172,0.86172
"M967.561T1349.704",0.92602,0.91684,0.91047,0.90924,0.90923,0.90923
"M1031.288T315.245",0.92487,0.88287,0.87884,0.87823,0.87822,0.87822
"M819.254T316.358",0.92164,0.90361,0.89832,0.89749,0.89749,0.89749
"M329.088T425.59",0.92159,0.88351,0.87725,0.87647,0.87646,0.87646
"M465.141T849.089",0.92054,0.87376,0.86925,0.87126,0.87126,0.87126
"M559.04T89.345",0.91942,0.85886,0.85289,0.85181,0.85182,0.85182
"M351.085T316.423",0.91925,0.85923,0.85328,0.85215,0.85214,0.85214
"M359.098T671.316",0.91913,0.86984,0.86698,0.86958,0.86961,0.86961
"M265.426T1576.148",0.91905,1.157,1.1487,1.1479,1.1479,1.1479
"M447.222T1194.448",0.91851,0.96333,0.97464,0.97343,0.97346,0.97346
"M1085.513T1348.399",0.91839,0.88,0.8737,0.87248,0.87248,0.87248
"M1037.324T316.098",0.91837,0.85236,0.84664,0.84577,0.84576,0.84576
"M653.861T317.501",0.91739,0.85223,0.84613,0.84516,0.84516,0.84516
"M457.19T799.683",0.91728,0.86049,0.85468,0.8553,0.8553,0.8553
"M998.841T1404.514",0.91727,0.8575,0.87264,0.87146,0.87145,0.87145
"M455.081T704.884",0.91562,0.84992,0.84388,0.84524,0.84523,0.84523
"M1096.195T893.605",0.91544,0.8534,0.85076,0.84989,0.85006,0.85006
"M397.075T138.684",0.91539,0.88199,0.87733,0.87738,0.87737,0.87737
"M420.95T86.132",0.91399,0.93852,0.94659,0.94587,0.94588,0.94588
"M265.093T134.502",0.91389,0.8511,0.84682,0.84778,0.84777,0.84777
"M263.13T940.795",0.9138,0.86809,0.86191,0.86141,0.86141,0.86141
"M272.963T113.946",0.91311,0.85999,0.85956,0.85834,0.85833,0.85833
"M485.168T916.74",0.91273,0.92251,0.9159,0.91477,0.91477,0.91477
"M593.947T757.746",0.91218,0.87952,0.92884,0.92764,0.92763,0.92763
"M699.093T985.159",0.91217,0.85006,0.87225,0.87134,0.87134,0.87134
"M310.969T105.491",0.91195,0.92714,0.92055,0.92077,0.92076,0.92076
"M180.971T1182.798",0.91138,0.85172,0.84562,0.84603,0.84603,0.84603
"M366.994T111.318",0.91128,0.87022,0.86638,0.86547,0.86547,0.86547
"M626.212T761.224",0.91113,0.87414,0.8684,0.86809,0.86808,0.86808
"M970.001T316.098",0.91066,1.2731,1.265,1.2632,1.2632,1.2632
"M415.744T872.34",0.91024,0.8842,0.87814,0.87864,0.87864,0.87864
"M836.522T1479.692",0.91009,0.86567,0.8683,0.86713,0.86713,0.86713
"M357.576T759.445",0.90979,0.8449,0.83944,0.83874,0.83874,0.83874
"M459.149T771.729",0.90956,0.91471,0.90815,0.90726,0.90725,0.90725
"M702.25T942.066",0.90923,0.90092,0.89661,0.89678,0.89677,0.89677
"M434.871T1737.903",0.90881,0.8871,0.88304,0.88273,0.88272,0.88272
"M645.124T781.203",0.90862,0.91078,0.92025,0.91916,0.9192,0.9192
"M289.886T1868.955",0.90861,0.91977,0.9138,0.91354,0.91353,0.91353
"M1053.286T316.584",0.90804,0.84408,0.83918,0.8383,0.83829,0.83829
"M329.088T474.939",0.9079,0.85118,0.84626,0.84515,0.84514,0.84514
"M784.154T761.471",0.90692,0.89702,0.89063,0.88985,0.88984,0.88984
"M1014.585T1348.471",0.90679,0.87699,0.87084,0.86987,0.86987,0.86987
"M655.655T928.688",0.90609,0.84427,0.85164,0.85104,0.85104,0.85104
"M1000.263T316.358",0.90604,0.85262,0.8465,0.84538,0.84538,0.84538
"M489.187T785.097",0.90568,0.9202,0.91373,0.91884,0.91886,0.91886
"M997.575T1403.78",0.90547,0.8404,0.83791,0.83674,0.83674,0.83674
"M661.253T876.035",0.90526,0.89508,0.88984,0.89145,0.89144,0.89144
"M139.002T112.479",0.90484,0.85677,0.85203,0.85139,0.85138,0.85138
"M1014.782T1351.411",0.90472,0.97009,0.9665,0.96659,0.96658,0.96658
"M991.316T318.206",0.90396,0.85186,0.84579,0.84664,0.84663,0.84663
"M289.086T1163.856",0.9036,0.91701,0.91757,0.91683,0.91682,0.91682
"M306.936T1813.234",0.90324,0.85188,0.85088,0.84967,0.84966,0.84966
"M454.975T107.571",0.90311,0.89597,0.89372,0.89426,0.89424,0.89424
"M1015.586T1347.819",0.90265,0.86208,0.85601,0.85508,0.85508,0.85508
"M669.182T316.584",0.9024,0.84098,0.8357,0.83478,0.83479,0.83479
"M313.093T320.692",0.90212,0.83728,0.83302,0.83215,0.83214,0.83214
"M413.081T316.361",0.90211,0.85452,0.8498,0.84869,0.84868,0.84868
"M246.886T1784.096",0.90059,0.84201,0.83861,0.83743,0.83742,0.83742
"M715.427T310.719",0.9001,0.8461,0.84869,0.84895,0.84895,0.84895
"M311.138T170.155",0.89937,0.93101,0.92447,0.92613,0.92612,0.92612
"M969.321T316.442",0.89927,0.92729,0.92779,0.92665,0.92665,0.92665
"M433.784T801.352",0.89893,0.89758,0.89606,0.89631,0.8963,0.8963
"M285.909T1803.837",0.89879,0.84583,0.84378,0.843,0.84299,0.84299
"M359.022T90.408",0.8987,0.95157,0.94609,0.94477,0.94477,0.94477
"M264T169.106",0.89841,0.83596,0.8304,0.82922,0.82922,0.82922
"M419.228T901.259",0.8981,0.86545,0.88453,0.8849,0.88489,0.88489
"M372.9T1734.569",0.89801,0.83439,0.83023,0.82974,0.82973,0.82973
"M429.074T115.482",0.89776,0.84146,0.83546,0.83431,0.8343,0.8343
"M649.302T900.549",0.8976,0.88134,0.8752,0.87399,0.87398,0.87398
"M1097.514T1402.931",0.89713,0.85077,0.8457,0.84483,0.84482,0.84482
"M625.024T106.841",0.897,0.91695,0.91516,0.91443,0.91442,0.91442
"M413.108T298.268",0.89653,0.89187,0.88556,0.88788,0.88793,0.88793
"M383.555T317.319",0.8963,0.84367,0.8412,0.84,0.83999,0.83999
"M289.026T88.643",0.89608,0.8466,0.84891,0.84782,0.84792,0.84792
"M384.097T310.658",0.89541,0.85344,0.8477,0.84667,0.84667,0.84667
"M630.654T314.128",0.89492,0.839,0.833,0.8327,0.8327,0.8327
"M731.208T950.406",0.89443,0.86262,0.8577,0.85764,0.85764,0.85764
"M581.318T900.123",0.89423,0.86087,0.8547,0.85369,0.85368,0.85368
"M1013.583T1347.533",0.8942,0.85674,0.85078,0.84981,0.8498,0.8498
"M409.075T744.412",0.89339,0.87378,0.86927,0.87003,0.87001,0.87001
"M449.202T630.506",0.89302,0.83031,0.82476,0.82361,0.82361,0.82361
"M383.609T322.831",0.89243,0.83597,0.83949,0.83842,0.83841,0.83841
"M433.661T789.942",0.89239,0.8485,0.84291,0.84207,0.84206,0.84206
"M613.774T885.363",0.89227,0.86221,0.86113,0.85997,0.85996,0.85996
"M401.18T764.21",0.89218,0.86368,0.88012,0.8803,0.8803,0.8803
"M361.589T316.501",0.89211,0.83091,0.82519,0.82419,0.82419,0.82419
"M593.857T757.673",0.89205,0.85542,0.90397,0.90659,0.90658,0.90658
"M988.312T316.465",0.89173,0.86596,0.8599,0.86005,0.86004,0.86004
"M427.197T838.449",0.89148,0.94782,0.94102,0.94331,0.9433,0.9433
"M377.162T1630.7",0.89067,0.88659,0.88322,0.88223,0.88224,0.88224
"M619.26T816.529",0.89003,0.8509,0.85824,0.86544,0.86546,0.86546
"M1014.811T1344.847",0.88999,1.0202,1.0172,1.0183,1.0183,1.0183
"M530.968T106.005",0.88959,0.87869,0.87321,0.87213,0.87212,0.87212
"M970.768T318.573",0.8888,0.83782,0.83223,0.83141,0.83141,0.83141
"M615.152T88.13",0.88788,0.83528,0.83032,0.83037,0.83038,0.83038
"M280.987T110.997",0.88757,0.85973,0.85935,0.85878,0.85878,0.85878
"M809.433T1339.33",0.88754,0.83855,0.83878,0.83802,0.83801,0.83801
"M311.065T863.883",0.88736,0.845,0.84014,0.84128,0.84127,0.84127
"M1204.518T908.598",0.88675,0.82425,0.83845,0.83729,0.83729,0.83729
"M969.317T316.321",0.88429,0.89957,0.89704,0.89705,0.89705,0.89705
"M417.764T850.924",0.88423,0.96042,0.9552,0.95445,0.95444,0.95444
"M413.104T602.912",0.88339,0.82901,0.82379,0.82299,0.82299,0.82299
"M727.283T864.823",0.88269,0.84238,0.83645,0.83604,0.83603,0.83603
"M409.002T109.878",0.88219,0.82845,0.82736,0.82642,0.82642,0.82642
"M448.965T106.062",0.88031,0.9026,0.90285,0.90168,0.90173,0.90173
"M621.221T884.304",0.87928,0.93238,0.92717,0.92603,0.92602,0.92602
"M723.577T942.094",0.87864,0.84002,0.87307,0.87405,0.87404,0.87404
"M515.105T113.414",0.87802,0.8159,0.81175,0.81126,0.81125,0.81125
"M367.102T765.544",0.87784,0.98888,0.9818,0.98097,0.98096,0.98096
"M1162.051T893.06",0.87756,0.90059,0.90448,0.9032,0.90319,0.90319
"M387.02T108.554",0.87744,0.81986,0.81411,0.81313,0.81313,0.81313
"M633.753T316.098",0.87723,0.81964,0.81483,0.81574,0.81574,0.81574
"M349.072T1165.294",0.87696,0.92473,0.91824,0.91883,0.91882,0.91882
"M371.09T764.993",0.87597,0.81885,0.81712,0.81616,0.81615,0.81615
"M625.178T776.712",0.87539,0.81616,0.83954,0.83836,0.83838,0.83838
"M553.051T758.396",0.8753,0.85622,0.85026,0.84907,0.84906,0.84906
"M289.056T250.757",0.87505,0.9949,0.99076,0.99014,0.99017,0.99017
"M377.049T427.197",0.87475,0.8615,0.85547,0.85426,0.85425,0.85425
"M735.437T1351.512",0.87463,0.82122,0.82881,0.8289,0.8289,0.8289
"M836.743T1479.398",0.87317,0.82309,0.81796,0.81712,0.81711,0.81711
"M399.092T115.22",0.87278,0.82687,0.82257,0.82198,0.82199,0.82199
"M544.284T936.329",0.87239,0.88557,0.88155,0.88191,0.8819,0.8819
"M316.385T321.843",0.8721,0.81018,0.82229,0.82417,0.82416,0.82416
"M432.997T107.064",0.87159,0.91883,0.91757,0.91783,0.91783,0.91783
"M427.009T107.872",0.87156,0.87752,0.87586,0.87463,0.87464,0.87464
"M1136.99T908.053",0.87152,0.82331,0.82299,0.82195,0.82195,0.82195
"M651.317T893.83",0.87097,0.82391,0.81808,0.81745,0.81744,0.81744
"M279.164T1571.945",0.87083,0.84989,0.85234,0.85191,0.85191,0.85191
"M653.783T316.318",0.86913,0.85312,0.847,0.84579,0.84578,0.84578
"M1297.451T316.098",0.86858,0.9013,0.90921,0.91072,0.91071,0.91071
"M379.101T757.973",0.86716,0.80494,0.79933,0.79826,0.79826,0.79826
"M565.23T844.341",0.86581,0.81376,0.8091,0.80902,0.80902,0.80902
"M1331.507T909.803",0.86564,0.86898,0.86441,0.86422,0.86421,0.86421
"M369.388T763.979",0.86493,0.8233,0.82089,0.82027,0.82026,0.82026
"M1095.063T894.34",0.86452,0.87204,0.88091,0.87965,0.87964,0.87964
"M441.162T763.637",0.86388,0.89403,0.88802,0.89004,0.89004,0.89004
"M707.828T66.684",0.86385,0.80341,0.8159,0.82679,0.82686,0.82686
"M519.896T67.425",0.86348,0.86476,0.87627,0.87736,0.87737,0.87737
"M361.512T316.902",0.86346,0.96359,0.96698,0.96595,0.96594,0.96594
"M323.019T128.103",0.86293,0.86053,0.85564,0.85547,0.85547,0.85547
"M590.015T907.684",0.86291,0.81404,0.82771,0.82688,0.82687,0.82687
"M728.286T863.521",0.86271,0.92179,0.92233,0.92401,0.92402,0.92402
"M1031.84T1213.333",0.86262,0.83774,0.84072,0.84058,0.8406,0.8406
"M403.064T798.991",0.86247,0.80441,0.85372,0.85292,0.85293,0.85293
"M1162.522T896.44",0.86181,0.80472,0.80177,0.80068,0.80068,0.80068
"M603.083T90.379",0.86136,1.063,1.0586,1.0572,1.0572,1.0572
"M632.663T319.55",0.86116,0.8157,0.81366,0.81249,0.8125,0.8125
"M485.063T759.194",0.8607,0.81838,0.81477,0.81376,0.81376,0.81376
"M415.161T821.344",0.86066,0.84154,0.84658,0.8495,0.84949,0.84949
"M869.849T1307.413",0.86003,0.82638,0.82627,0.82925,0.82927,0.82927
"M392.068T765.784",0.85827,0.81225,0.80704,0.80985,0.80985,0.80985
"M850.805T68.208",0.85826,1.0396,1.0396,1.0396,1.0396,1.0396
"M437.065T776.272",0.85601,0.81023,0.80813,0.80739,0.80739,0.80739
"M281.069T746.743",0.85581,0.86753,0.86131,0.86237,0.86236,0.86236
"M569.273T895.199",0.85529,0.88626,0.88886,0.88793,0.88793,0.88793
"M657.266T958.998",0.85521,0.80108,0.79667,0.80368,0.80368,0.80368
"M273.314T67.476",0.85521,1.0905,1.1288,1.1274,1.1274,1.1274
"M375.129T729.569",0.85513,0.8043,0.80575,0.80497,0.80496,0.80496
"M329.089T195.942",0.85349,0.80196,0.80144,0.80042,0.80043,0.80043
"M334.932T113.331",0.85303,0.82611,0.82475,0.8236,0.82359,0.82359
"M653.752T320.843",0.85244,0.82348,0.82195,0.82286,0.82285,0.82285
"M293.179T1541.097",0.85225,0.85527,0.85788,0.8567,0.8567,0.8567
"M851.154T319.552",0.8512,0.81989,0.81884,0.81773,0.81772,0.81772
"M287.076T110.312",0.85061,0.82418,0.82082,0.82012,0.82013,0.82013
"M575.708T1045.732",0.85005,0.82128,0.83893,0.83777,0.83777,0.83777
"M289.065T88.687",0.84942,0.82056,0.81663,0.81677,0.81676,0.81676
"M632.783T316.499",0.84906,0.88595,0.88785,0.89886,0.89886,0.89886
"M545.298T995.647",0.84906,0.79838,0.80062,0.80228,0.80228,0.80228
"M1209.581T888.373",0.8483,0.85834,0.85422,0.85435,0.85435,0.85435
"M633.053T106.254",0.84781,0.78812,0.78344,0.78269,0.78268,0.78268
"M445.037T424.564",0.84779,0.79367,0.79391,0.79321,0.79321,0.79321
"M553.164T782.325",0.84777,0.92304,0.91657,0.91538,0.91537,0.91537
"M981.364T901.259",0.84773,1.0278,1.0217,1.0219,1.0219,1.0219
"M569.35T895.921",0.84731,0.88528,0.89116,0.89039,0.89038,0.89038
"M323.042T818.446",0.84543,1.0112,1.0042,1.003,1.0031,1.0031
"M564.929T1201.416",0.8454,0.81321,0.80889,0.80962,0.80961,0.80961
"M476.876T67.016",0.84434,0.78363,0.77851,0.77968,0.77969,0.77969
"M521.022T764.729",0.8432,0.81641,0.8225,0.82132,0.82131,0.82131
"M313.275T1417.53",0.84299,0.78267,0.78419,0.78541,0.78541,0.78541
"M757.441T1176.453",0.84287,0.85625,0.88926,0.8895,0.88956,0.88956
"M316.508T323.984",0.84215,0.7866,0.78616,0.78504,0.78503,0.78503
"M443.058T752.856",0.84201,0.89835,0.89203,0.89201,0.892,0.892
"M1093.54T895.081",0.84201,0.91015,0.91254,0.91136,0.91135,0.91135
"M279.164T1614.563",0.84073,0.84709,0.84695,0.84719,0.84718,0.84718
"M1094.047T894.516",0.84072,0.91699,0.92422,0.92325,0.92324,0.92324
"M383.433T314.152",0.8404,0.79931,0.80099,0.80011,0.8001,0.8001
"M1161.526T895.081",0.84021,0.88082,0.88742,0.88631,0.8863,0.8863
"M522.878T65.745",0.83588,0.78759,0.78792,0.79668,0.79667,0.79667
"M321.216T1624.59",0.8353,0.86097,0.86057,0.85954,0.85953,0.85953
"M405.08T802.267",0.83473,0.85175,0.84856,0.84768,0.84767,0.84767
"M311.104T1075.82",0.8341,0.77458,0.76913,0.78352,0.78352,0.78352
"M397.002T110.368",0.83401,0.87092,0.86467,0.86708,0.86707,0.86707
"M1014.89T1344.191",0.83395,0.89237,0.8862,0.8868,0.88679,0.88679
"M385.113T791.317",0.83392,0.81328,0.80796,0.80743,0.80743,0.80743
"M942.469T1308.469",0.83363,0.86742,0.86654,0.86535,0.86534,0.86534
"M619.189T858.982",0.83328,0.99682,0.994,0.99707,0.99706,0.99706
"M477.088T1628.76",0.83323,0.8176,0.81335,0.81608,0.81607,0.81607
"M569.775T895.343",0.83272,0.91783,0.91855,0.91733,0.91733,0.91733
"M937.515T1306.76",0.83231,0.88723,0.88199,0.88299,0.88298,0.88298
"M471.897T67.543",0.83049,0.89236,0.88969,0.88848,0.88848,0.88848
"M613.854T887.38",0.8299,0.77499,0.78358,0.78289,0.78289,0.78289
"M413.167T733.785",0.82949,0.81311,0.80777,0.80665,0.80665,0.80665
"M941.508T1318.851",0.82908,0.80983,0.81535,0.81447,0.81447,0.81447
"M451.007T107.467",0.8287,0.81318,0.8082,0.80706,0.80706,0.80706
"M240.933T64.89",0.82761,0.89712,0.89658,0.89538,0.89537,0.89537
"M505.3T1291.082",0.8251,0.79136,0.80575,0.8046,0.8046,0.8046
"M463.182T861.112",0.82369,0.78575,0.81455,0.81908,0.81907,0.81907
"M1161.521T895.466",0.82357,0.87543,0.88464,0.88338,0.88337,0.88337
"M637.025T106.841",0.82335,0.85199,0.84597,0.84476,0.84475,0.84475
"M429.414T851.13",0.82251,0.84319,0.84006,0.85146,0.85148,0.85148
"M613.564T887.981",0.82145,0.7862,0.78765,0.78653,0.78652,0.78652
"M971.627T318.415",0.82145,0.76901,0.7635,0.76317,0.76316,0.76317
"M643.188T893.85",0.821,0.7908,0.78695,0.79144,0.79145,0.79145
"M206.988T126.118",0.82095,0.79239,0.7937,0.79317,0.79317,0.79317
"M431.769T791.594",0.82079,0.86654,0.87854,0.87818,0.87818,0.87818
"M204.975T113.721",0.82048,0.85433,0.84942,0.84851,0.8485,0.8485
"M269.15T1584.952",0.8198,0.80872,0.80582,0.80627,0.80626,0.80626
"M425.165T761.881",0.81969,0.8255,0.83506,0.83542,0.83541,0.83541
"M997.975T1403.846",0.81966,0.83785,0.83995,0.83909,0.83911,0.83911
"M389.182T799.355",0.81945,0.78544,0.79529,0.79443,0.79448,0.79448
"M1096.548T894.929",0.81867,0.90134,0.90475,0.90352,0.90351,0.90351
"M426.882T91.046",0.81814,0.75983,0.75449,0.75394,0.75393,0.75393
"M645.848T67.545",0.81761,1.1221,1.1236,1.123,1.123,1.123
"M1009.607T1323.757",0.8168,0.84124,0.83725,0.83667,0.83666,0.83666
"M1099.581T1224.487",0.81652,0.82852,0.82275,0.82198,0.82198,0.82198
"M286.972T107.919",0.81627,0.82614,0.82424,0.8231,0.8231,0.8231
"M865.491T1326.551",0.81445,0.88312,0.8822,0.88255,0.88254,0.88254
"M941.462T1306.809",0.81351,0.8784,0.87521,0.87412,0.87411,0.87411
"M727.414T1292.189",0.81155,0.76288,0.76355,0.7631,0.76309,0.76309
"M265.261T1518.666",0.81141,0.92533,0.926,0.92476,0.92475,0.92475
"M859.153T942.886",0.81039,0.76088,0.77452,0.77362,0.77361,0.77361
"M481.224T887.168",0.80883,0.78299,0.77897,0.77804,0.77804,0.77804
"M1033.603T1229.397",0.80786,0.76192,0.75667,0.7558,0.75579,0.75579
"M1095.01T894.541",0.80765,0.78611,0.78126,0.78546,0.78553,0.78553
"M1308.415T315.705",0.80324,1.1441,1.1379,1.1413,1.1413,1.1413
"M309.465T1630.61",0.80309,0.74611,0.75404,0.75639,0.7564,0.7564
"M429.486T320.767",0.80243,0.80276,0.80985,0.81076,0.81076,0.81076
"M524.981T106.871",0.80203,0.99763,0.99061,0.98922,0.98921,0.98921
"M479.19T902.518",0.80084,0.81245,0.80728,0.81046,0.81045,0.81045
"M361.481T320.767",0.8005,0.89492,0.88863,0.88818,0.88817,0.88817
"M287.077T663.979",0.79905,0.74873,0.74835,0.75123,0.75123,0.75123
"M805.362T924.937",0.79854,0.8763,0.87207,0.87124,0.87127,0.87127
"M387.346T67.938",0.79671,0.81413,0.80929,0.80844,0.80843,0.80843
"M1097.561T894.34",0.79627,0.76634,0.79942,0.79832,0.79839,0.79839
"M676.309T1245.665",0.79575,0.74581,0.741,0.74628,0.74628,0.74628
"M313.094T115.286",0.79099,0.73413,0.73206,0.73107,0.73107,0.73107
"M444.872T67.426",0.79049,0.73917,0.73844,0.73771,0.73771,0.73771
"M466.978T106.664",0.78919,0.80628,0.80071,0.79982,0.79981,0.79981
"M355.067T660.488",0.78784,0.79149,0.78727,0.7864,0.7864,0.7864
"M1059.606T1053.565",0.78766,0.93024,0.92669,0.93838,0.93838,0.93838
"M369.569T765.536",0.78353,0.76041,0.75985,0.75889,0.75888,0.75888
"M271.021T88.704",0.78336,1.0246,1.0173,1.0173,1.0173,1.0173
"M539.134T89.251",0.78237,0.92431,0.91812,0.91689,0.91693,0.91693
"M338.162T1582.434",0.78103,0.7821,0.79073,0.78967,0.78966,0.78966
"M492.868T66.13",0.7808,0.72486,0.7204,0.72094,0.72095,0.72095
"M1100.582T1225.322",0.78008,0.90143,0.89496,0.89369,0.89368,0.89368
"M999.727T1404.686",0.78003,0.73145,0.74754,0.75314,0.75315,0.75315
"M1390.547T1005.094",0.77987,0.9942,0.99523,1.0075,1.0075,1.0075
"M1030.642T1193.369",0.77947,0.89266,0.88707,0.88724,0.88723,0.88723
"M453.035T765.753",0.77855,0.8858,0.87959,0.87987,0.87986,0.87986
"M309.478T1627.463",0.77732,0.83363,0.82774,0.82737,0.82736,0.82736
"M384.092T841.195",0.77701,0.91683,0.91673,0.91699,0.91698,0.91698
"M559.667T1200.71",0.77579,0.95034,0.94407,0.94298,0.94298,0.94298
"M343.102T681.368",0.77519,0.85288,0.85593,0.85585,0.85585,0.85585
"M1263.489T907.902",0.77461,0.78922,0.78964,0.78895,0.78895,0.78895
"M545.846T78.22",0.77354,0.75348,0.76204,0.76119,0.76122,0.76122
"M1009.554T1308.282",0.7711,0.79909,0.80007,0.79909,0.79909,0.79909
"M570.518T894.146",0.77092,0.97857,0.97571,0.97854,0.97853,0.97853
"M527.309T1189.176",0.76956,0.71486,0.71019,0.71052,0.71057,0.71057
"M577.255T863.306",0.76915,0.85214,0.8613,0.86443,0.86442,0.86442
"M799.289T814.54",0.76549,0.93888,0.93284,0.93169,0.93168,0.93168
"M540.867T1245.744",0.76409,1.1191,1.116,1.1179,1.1179,1.1179
"M325.2T1323.486",0.76399,0.71742,0.71267,0.71362,0.71362,0.71363
"M865.489T1291.829",0.76385,0.79734,0.80067,0.79959,0.79958,0.79958
"M985.574T1225.672",0.76231,0.7526,0.7553,0.75455,0.75454,0.75454
"M847.495T1389.03",0.76197,0.88751,0.89458,0.8935,0.8935,0.8935
"M475.877T67.555",0.76082,0.71429,0.72037,0.73439,0.73439,0.73439
"M389.108T489.956",0.76067,0.78149,0.8274,0.82646,0.82657,0.82657
"M267.196T1364.412",0.75981,0.70562,0.70148,0.70603,0.70603,0.70603
"M779.158T89.251",0.75916,0.86677,0.86306,0.86269,0.86272,0.86272
"M651.363T1268.695",0.75814,0.87893,0.89169,0.89287,0.89286,0.89286
"M655.999T943.196",0.7575,0.8835,0.88794,0.88675,0.88674,0.88674
"M266.366T1577.236",0.75486,0.83566,0.83216,0.83111,0.8311,0.8311
"M517.099T802.454",0.75278,0.92216,0.92,0.91879,0.91882,0.91882
"M597.052T106.853",0.7515,0.9832,0.97848,0.97709,0.97709,0.97709
"M559.053T88.871",0.74935,0.84705,0.84769,0.84735,0.84735,0.84735
"M861.451T1062.153",0.74818,0.74353,0.78229,0.78454,0.78453,0.78453
"M420.999T106.905",0.74506,1.2754,1.2663,1.2646,1.2646,1.2646
"M1204.491T868.846",0.7435,0.70943,0.70618,0.71117,0.71116,0.71116
"M579.301T894.416",0.74319,0.7741,0.77242,0.77155,0.77155,0.77155
"M653.828T318.352",0.7387,0.77482,0.78016,0.78379,0.78378,0.78378
"M232.059T185.959",0.73812,0.87344,0.87573,0.87519,0.87519,0.87519
"M773.211T817.036",0.73284,0.73885,0.74683,0.74593,0.74592,0.74592
"M1162.945T896.606",0.73187,1.0875,1.0798,1.0782,1.0782,1.0782
"M268.959T125.12",0.72858,0.92294,0.91675,0.91549,0.91548,0.91548
"M1192.04T901.764",0.72515,0.72032,0.71517,0.72034,0.72039,0.72039
"M385.077T649.201",0.72417,0.75607,0.75986,0.75902,0.75902,0.75902
"M1030.586T1195.906",0.72167,0.77856,0.77519,0.77457,0.77457,0.77457
"M798.851T67.54",0.71982,0.78696,0.80719,0.82761,0.82761,0.82761
"M1162.717T895.445",0.71723,0.99956,0.99475,0.99879,0.99878,0.99878
"M252.965T98.618",0.7151,1.0429,1.0384,1.039,1.039,1.039
"M1031.899T1225.646",0.70858,0.74929,0.7471,0.74742,0.74743,0.74743
"M289.446T802.654",0.70549,0.69896,0.75348,0.75541,0.75547,0.75547
"M557.187T899.436",0.70529,0.67123,0.66784,0.66696,0.66696,0.66696
"M285.243T1390.408",0.70485,0.70714,0.70951,0.70868,0.7087,0.7087
"M564.68T1183.74",0.70296,0.70267,0.70745,0.70652,0.70651,0.70651
"M638.078T817.768",0.69851,0.6491,0.66465,0.66739,0.66739,0.66739
"M589.773T907.878",0.69772,0.70562,0.70959,0.71049,0.71048,0.71048
"M408.906T66.13",0.6964,0.93424,0.93228,0.93173,0.93173,0.93173
"M562.892T1151.046",0.69317,0.644,0.63938,0.6454,0.6454,0.6454
"M596.277T932.512",0.68947,1.142,1.1346,1.1386,1.1386,1.1386
"M1269.507T907.7",0.68832,0.7728,0.78589,0.78494,0.78493,0.78493
"M1029.931T1194.947",0.68768,0.69923,0.69445,0.69498,0.69504,0.69504
"M567.276T907.878",0.68732,0.85932,0.86323,0.86236,0.86235,0.86235
"M391.065T766.545",0.67987,0.7791,0.77385,0.77275,0.77275,0.77275
"M1136.545T907.7",0.67802,0.83118,0.8359,0.83489,0.83489,0.83489
"M209.025T89.634",0.6723,0.78789,0.80649,0.8071,0.80709,0.80709
"M693.424T1336.51",0.6717,0.75626,0.75371,0.75806,0.75806,0.75806
"M567.778T908.116",0.66883,0.8592,0.85783,0.85679,0.85678,0.85678
"M653.717T312.26",0.666,0.61818,0.61508,0.61788,0.61796,0.61796
"M297.244T1278.646",0.6475,0.81012,0.81248,0.81238,0.81238,0.81238
"M385.077T746.611",0.64738,0.77867,0.77431,0.77453,0.77454,0.77454
"M565.054T1199.484",0.63819,0.60926,0.63089,0.62999,0.62998,0.62998
"M526.316T1188.04",0.63765,0.81662,0.82553,0.8332,0.83326,0.83326
"M590.274T907.848",0.6143,0.71638,0.73398,0.73326,0.73327,0.73327
"M560.841T1187.938",0.59712,0.55568,0.5536,0.55463,0.55472,0.55472
"M610.83T67.188",0.58198,0.72329,0.72019,0.72352,0.7236,0.7236
"M589.271T908.408",0.57819,0.71503,0.72473,0.72443,0.72442,0.72442
"M590.775T907.789",0.54886,0.89959,0.90382,0.90263,0.90267,0.90267
"M1163.56T905.015",0.53071,0.73654,0.73178,0.73446,0.73471,0.73471
"M1193.041T904.79",0.51519,0.66963,0.67493,0.67719,0.67723,0.67723
"M1163.085T907.707",0.44584,0.70842,0.72913,0.7358,0.7358,0.7358
"M333.135T1582.426",0.42488,0.75896,0.7547,0.75382,0.75381,0.75381
"M565.05T98.887",0.36777,0.40809,0.40517,0.40587,0.40657,0.40657
"M206.082T164.917",0.29855,0.96619,0.95946,0.96638,0.96645,0.96645
"M1134.038T907.684",0.29506,0.28362,0.29462,0.29543,0.29543,0.29543
"M324.072T215.478",0.13763,0.23844,0.30124,0.34119,0.34119,0.34119
"M1094.946T896.052",0.13089,1.3381,1.3288,1.3269,1.3269,1.3269
