"",F.stat,p.value,-log10(p),FDR
M996.14T12.55,11.984,0.00010765,3.968,0.085912
M922.81T11.54,11.295,0.00015112,3.8207,0.085912
M1322.48T13.55,8.0522,0.00093405,3.0296,0.27025
M1183.77T11.73,8.0241,0.00095073,3.0219,0.27025
M1199.75T17.56,6.8224,0.0021046,2.6768,0.40469
M694.85T18.56,6.6232,0.0024194,2.6163,0.40469
M1296.07T17.56,6.4175,0.0028008,2.5527,0.40469
M1036.13T12.55,6.2779,0.0030981,2.5089,0.40469
M1394.72T17.56,6.0791,0.0035844,2.4456,0.40469
M1031.79T17.56,6.003,0.0037925,2.4211,0.40469
M1121.45T12.55,5.7571,0.0045638,2.3407,0.40469
M1289.74T12.55,5.7256,0.0046749,2.3302,0.40469
M990.29T17.56,5.6374,0.0050016,2.3009,0.40469
M680.86T11.54,5.5058,0.0055382,2.2566,0.40469
M1343.06T12.55,5.4978,0.0055725,2.254,0.40469
M1889.14T13.55,5.29,0.0065625,2.1829,0.40469
M1206.44T13.04,5.257,0.0067371,2.1715,0.40469
M1199.76T12.55,5.248,0.0067854,2.1684,0.40469
M854.18T12.55,5.1937,0.0070867,2.1496,0.40469
M906.16T14.49,5.1617,0.0072712,2.1384,0.40469
M1265.76T12.55,5.0838,0.0077431,2.1111,0.40469
M1031.8T12.47,4.9613,0.0085556,2.0678,0.40469
M1137.11T17.55,4.9472,0.0086552,2.0627,0.40469
M1282.25T13.55,4.8437,0.0094257,2.0257,0.40469
M1108.78T17.55,4.8349,0.0094945,2.0225,0.40469
M917.15T16.56,4.7818,0.009923,2.0034,0.40469
M1041.47T12.55,4.7647,0.010066,1.9971,0.40469
M953.15T13.55,4.7491,0.010198,1.9915,0.40469
M1334.74T12.55,4.7098,0.01054,1.9772,0.40469
M1520.03T13.55,4.6943,0.010678,1.9715,0.40469
M1141.78T12.55,4.6171,0.011396,1.9433,0.4119
M1212.43T14.57,4.5969,0.011593,1.9358,0.4119
M1398.72T17.56,4.4736,0.012879,1.8901,0.44376
M903.48T13.45,4.4197,0.013491,1.8699,0.44761
M802.84T12.55,4.3953,0.013779,1.8608,0.44761
M1028.47T13.54,4.353,0.014294,1.8449,0.45144
M1207.09T13.54,4.2811,0.015219,1.8176,0.4541
M1083.29T13.55,4.2529,0.0156,1.8069,0.4541
M943.31T17.56,4.2349,0.015848,1.8,0.4541
M1090.11T16.95,4.2258,0.015975,1.7966,0.4541
M1146.77T17.56,4.1507,0.017071,1.7677,0.46837
M896.82T11.73,4.1304,0.017381,1.7599,0.46837
M1045.29T17.55,4.0713,0.018322,1.737,0.46837
M989.8T12.54,4.0305,0.019004,1.7212,0.46837
M1024.13T17.48,4.0298,0.019016,1.7209,0.46837
M834.82T18.56,3.9942,0.019634,1.707,0.46837
M392.9T19.57,3.9933,0.019649,1.7067,0.46837
M1361.41T13.55,3.9863,0.019773,1.7039,0.46837
M1177.1T13.54,3.9631,0.020191,1.6948,0.46852
M702.37T13.55,3.8942,0.021494,1.6677,0.47949
M1442.72T13.1,3.8807,0.021759,1.6624,0.47949
M1312.74T17.56,3.8624,0.022125,1.6551,0.47949
M1068.29T16.56,3.8316,0.022757,1.6429,0.47949
M938.31T16.56,3.8308,0.022772,1.6426,0.47949
M1206.09T17.56,3.7742,0.023988,1.62,0.4959
M1458.71T13.55,3.6869,0.026004,1.585,0.51031
M1034.29T16.62,3.6828,0.026105,1.5833,0.51031
M1344.23T13.55,3.6775,0.026233,1.5811,0.51031
M1429.4T13.55,3.6674,0.026481,1.5771,0.51031
M1084.11T17.55,3.614,0.027833,1.5554,0.52744
M1034.8T17.55,3.5738,0.028904,1.539,0.53872
M536.9T12.55,3.5565,0.029376,1.532,0.53872
M1424.72T12.6,3.5288,0.030153,1.5207,0.53934
M842.82T11.54,3.5216,0.030359,1.5177,0.53934
M989.8T17.56,3.4811,0.031544,1.5011,0.5433
M1510.46T13.05,3.4717,0.031828,1.4972,0.5433
M780.84T11.73,3.4594,0.032202,1.4921,0.5433
M1446.44T13.6,3.4054,0.033903,1.4698,0.5433
M1008.13T17.48,3.3985,0.034126,1.4669,0.5433
M1814.39T13.55,3.3888,0.034445,1.4629,0.5433
M673.87T17.56,3.386,0.034538,1.4617,0.5433
M1125.78T12.55,3.3751,0.0349,1.4572,0.5433
M360.93T17.56,3.3616,0.035354,1.4516,0.5433
M1087.79T12.55,3.3579,0.03548,1.45,0.5433
M1429.22T13.55,3.3422,0.036021,1.4434,0.5433
M831.83T17.56,3.3336,0.036319,1.4399,0.5433
M936.81T11.55,3.3039,0.037373,1.4274,0.5433
M1002.47T16.93,3.2771,0.038354,1.4162,0.5433
M854.82T11.54,3.2715,0.038565,1.4138,0.5433
M956.3T17.56,3.2704,0.038603,1.4134,0.5433
M1295.25T13.55,3.2677,0.038705,1.4122,0.5433
M1048.79T12.55,3.2374,0.03986,1.3995,0.55269
M177.03T19.56,3.199,0.041379,1.3832,0.55586
M1207.43T13.55,3.1966,0.041478,1.3822,0.55586
M1434.47T13.55,3.1561,0.043151,1.365,0.55586
M631.86T17.56,3.1559,0.043161,1.3649,0.55586
M1463.45T13.55,3.152,0.043325,1.3633,0.55586
M1274.07T17.56,3.1439,0.043671,1.3598,0.55586
M380.92T18.56,3.1417,0.043766,1.3589,0.55586
M745.85T17.56,3.1363,0.043999,1.3566,0.55586
M1363.73T17.55,3.1128,0.045026,1.3465,0.55747
M1136.78T16.56,3.111,0.045107,1.3458,0.55747
M1481.21T13.55,3.0752,0.046726,1.3304,0.56278
M733.85T17.56,3.0476,0.04802,1.3186,0.56278
M1033.8T17.55,3.0432,0.048231,1.3167,0.56278
M1092.78T17.56,3.0424,0.048268,1.3163,0.56278
M1159.77T17.56,3.0372,0.048518,1.3141,0.56278
M1837.64T13.55,3.0354,0.048607,1.3133,0.56278
M1074.28T13.55,3.0272,0.049002,1.3098,0.56278
M1610.96T13.55,3.015,0.049597,1.3045,0.56392
M1094.04T13.55,3.002,0.050247,1.2989,0.56565
M1185.52T13.55,2.99,0.050851,1.2937,0.56684
M1364.73T12.54,2.9658,0.052093,1.2832,0.57434
M1208.09T12.61,2.9528,0.052774,1.2776,0.57434
M1440.47T13.55,2.9426,0.053313,1.2732,0.57434
M1537.7T13.55,2.9134,0.0549,1.2604,0.57434
M1034.8T12.55,2.9119,0.054981,1.2598,0.57434
M1004.8T12.55,2.9037,0.055434,1.2562,0.57434
M1318.74T12.55,2.8927,0.05605,1.2514,0.57434
M1107.44T17.56,2.8899,0.056212,1.2502,0.57434
M1024.79T17.56,2.8839,0.056554,1.2475,0.57434
M1025.8T13.55,2.8835,0.056575,1.2474,0.57434
M666.48T1403.51,2.8736,0.05714,1.2431,0.57494
M1026.79T12.54,2.8516,0.058423,1.2334,0.58269
M957.8T18.56,2.8385,0.059204,1.2277,0.58534
M816.51T13.55,2.8224,0.060176,1.2206,0.58862
M1427.4T13.43,2.8159,0.060571,1.2177,0.58862
M243.89T1588.97,2.78,0.062824,1.2019,0.5976
M1497.42T13.54,2.7777,0.062967,1.2009,0.5976
M940.15T17.55,2.7738,0.063217,1.1992,0.5976
M1101.78T16.56,2.7547,0.064463,1.1907,0.5976
M1190.77T11.72,2.7433,0.065215,1.1857,0.5976
M1058.13T12.55,2.742,0.065303,1.1851,0.5976
M1431.72T17.4,2.7356,0.065728,1.1823,0.5976
M1113.1T17.55,2.7287,0.066198,1.1792,0.5976
M772.84T17.56,2.7236,0.066539,1.1769,0.5976
M309.13T18.56,2.7131,0.067259,1.1723,0.5976
M1611.69T13.54,2.7129,0.067276,1.1721,0.5976
M1189.76T17.56,2.7046,0.067849,1.1685,0.59802
M1848.4T13.55,2.6953,0.068502,1.1643,0.59913
M1616.44T13.55,2.6845,0.069265,1.1595,0.60118
M1091.45T17.56,2.6741,0.07001,1.1548,0.60304
M1912.63T13.54,2.6636,0.070763,1.1502,0.60481
M593.89T12.55,2.65,0.071763,1.1441,0.60481
M1587.38T13.99,2.6407,0.072454,1.1399,0.60481
M1627.95T13.58,2.6401,0.072498,1.1397,0.60481
M888.82T18.56,2.6351,0.072875,1.1374,0.60481
M1141.03T13.55,2.6221,0.073862,1.1316,0.60856
M633.48T1420.61,2.5984,0.075689,1.121,0.61561
M633.48T1454.22,2.5755,0.077513,1.1106,0.61561
M947.81T17.56,2.5728,0.077731,1.1094,0.61561
M1147.77T17.56,2.5485,0.079718,1.0984,0.61561
M1077.44T17.56,2.5475,0.079802,1.098,0.61561
M969.48T16.46,2.5351,0.080835,1.0924,0.61561
M777.86T13.55,2.5319,0.081103,1.091,0.61561
M1375.73T17.55,2.5314,0.081149,1.0907,0.61561
M1310.08T13.55,2.5272,0.081502,1.0888,0.61561
M1064.79T12.55,2.5259,0.081618,1.0882,0.61561
M1446.21T13.55,2.52,0.082121,1.0855,0.61561
M1108.27T13.55,2.5092,0.083046,1.0807,0.61561
M1250.76T12.55,2.5067,0.083262,1.0796,0.61561
M1012.81T12.55,2.505,0.083412,1.0788,0.61561
M1797.41T13.55,2.5021,0.083667,1.0774,0.61561
M947.82T12.55,2.4901,0.084719,1.072,0.61561
M875.82T12.55,2.4863,0.085059,1.0703,0.61561
M1137.78T17.56,2.4834,0.085316,1.069,0.61561
M1687.68T13.55,2.4785,0.085759,1.0667,0.61561
M326.38T1622.84,2.4678,0.086721,1.0619,0.61561
M946.82T16.55,2.4641,0.087058,1.0602,0.61561
M1041.29T12.55,2.4518,0.088189,1.0546,0.61561
M667.87T17.56,2.4442,0.088902,1.0511,0.61561
M1240.27T13.49,2.4402,0.089274,1.0493,0.61561
M1235.09T12.55,2.4399,0.089301,1.0491,0.61561
M1423.46T13.55,2.4359,0.089677,1.0473,0.61561
M868.82T11.54,2.4358,0.089683,1.0473,0.61561
M634.48T1420.61,2.4338,0.089878,1.0463,0.61561
M337.06T22.56,2.4099,0.092166,1.0354,0.6275
M222.96T20.57,2.4012,0.093013,1.0315,0.6295
M788.84T18.56,2.391,0.094017,1.0268,0.63253
M1162.76T17.56,2.3705,0.096083,1.0174,0.63585
M1492.71T13.55,2.3692,0.096208,1.0168,0.63585
M1126.78T12.54,2.3662,0.096515,1.0154,0.63585
M882.81T18.56,2.3639,0.096748,1.0144,0.63585
M773.34T12.55,2.3403,0.099203,1.0035,0.64225
M1367.73T12.55,2.3401,0.099226,1.0034,0.64225
M955.81T17.56,2.3317,0.10011,0.99952,0.64225
M1094.78T12.55,2.3285,0.10045,0.99806,0.64225
M1007.47T16.56,2.3255,0.10077,0.99665,0.64225
M1001.81T17.56,2.3113,0.10231,0.9901,0.64225
M1973.62T13.55,2.2921,0.10442,0.98124,0.64225
M1311.44T14.55,2.2839,0.10533,0.97743,0.64225
M950.31T12.55,2.2783,0.10596,0.97486,0.64225
M1251.42T17.4,2.2745,0.1064,0.97308,0.64225
M1498.21T13.55,2.2725,0.10662,0.97218,0.64225
M780.84T18.56,2.27,0.10691,0.971,0.64225
M536.9T17.56,2.2693,0.10699,0.97068,0.64225
M1447.46T13.54,2.265,0.10748,0.96868,0.64225
M1702.42T13.55,2.2595,0.10811,0.96614,0.64225
M976.47T17.54,2.2592,0.10814,0.966,0.64225
M1470.71T12.55,2.2579,0.10829,0.9654,0.64225
M1281.49T13.55,2.254,0.10874,0.9636,0.64225
M1611.18T13.55,2.2501,0.1092,0.96176,0.64225
M1206.76T17.55,2.2483,0.10941,0.96095,0.64225
M1093.44T17.56,2.2446,0.10984,0.95922,0.64225
M1580.69T13.55,2.2402,0.11036,0.95717,0.64225
M1452.22T13.55,2.2372,0.11071,0.9558,0.64225
M1592.69T13.55,2.2215,0.11259,0.94849,0.64312
M1036.3T17.55,2.2202,0.11275,0.9479,0.64312
M1712.92T13.55,2.2122,0.11372,0.94415,0.64312
M1298.24T13.55,2.2095,0.11406,0.94288,0.64312
M665.47T1386.55,2.2083,0.11421,0.94231,0.64312
M1712.17T13.55,2.2078,0.11426,0.94212,0.64312
M1170.77T16.68,2.1977,0.1155,0.9374,0.64693
M937.81T12.55,2.1883,0.11668,0.933,0.64992
M1229.42T12.55,2.1815,0.11753,0.92984,0.64992
M1210.26T12.61,2.1798,0.11775,0.92903,0.64992
M800.83T18.56,2.1474,0.12193,0.9139,0.65747
M1073.29T13.55,2.1469,0.12199,0.91367,0.65747
M963.81T12.29,2.1435,0.12244,0.91207,0.65747
M1148.78T12.54,2.1417,0.12268,0.91121,0.65747
M1146.78T12.55,2.1391,0.12303,0.91,0.65747
M902.16T16.56,2.1358,0.12347,0.90845,0.65747
M1504.04T13.55,2.1318,0.124,0.90658,0.65747
M1662.18T13.6,2.1304,0.12418,0.90595,0.65747
M1167.27T17.54,2.1108,0.12684,0.89675,0.65747
M1201.1T13.6,2.109,0.12709,0.8959,0.65747
M826.83T18.56,2.1049,0.12765,0.89398,0.65747
M1092.12T17.56,2.0953,0.12899,0.88944,0.65747
M1668.68T13.55,2.0902,0.12971,0.88703,0.65747
M712.86T11.54,2.0891,0.12986,0.88652,0.65747
M1001.14T16.56,2.0844,0.13052,0.88432,0.65747
M637.36T17.55,2.0832,0.13069,0.88376,0.65747
M665.47T1403.68,2.0712,0.13241,0.87808,0.65747
M1618.69T13.55,2.0688,0.13274,0.87699,0.65747
M670.37T13.55,2.0675,0.13294,0.87635,0.65747
M1725.67T15.5,2.0629,0.1336,0.87421,0.65747
M565.89T17.56,2.0628,0.13361,0.87416,0.65747
M1255.09T13.55,2.054,0.13489,0.87001,0.65747
M1594.19T13.55,2.0529,0.13506,0.86948,0.65747
M1121.44T17.55,2.0522,0.13516,0.86915,0.65747
M1075.45T16.55,2.0508,0.13537,0.86847,0.65747
M1170.09T14.07,2.0445,0.1363,0.86552,0.65747
M1154.77T17.56,2.0438,0.13641,0.86516,0.65747
M1269.09T13.54,2.036,0.13756,0.86151,0.65747
M1167.77T12.54,2.0283,0.13873,0.85784,0.65747
M1785.65T13.55,2.0251,0.1392,0.85636,0.65747
M1363.4T16.56,2.0173,0.14039,0.85267,0.65747
M899.49T17.56,2.0149,0.14076,0.85151,0.65747
M1295.41T16.56,2.0143,0.14085,0.85124,0.65747
M579.89T13.55,2.0129,0.14107,0.85058,0.65747
M1363.74T12.55,2.0121,0.1412,0.85018,0.65747
M1100.79T13.54,2.0117,0.14126,0.85,0.65747
M986.8T18.55,2.0112,0.14134,0.84975,0.65747
M977.8T12.55,2.0057,0.14218,0.84716,0.65747
M1234.42T16.56,2.0044,0.14238,0.84655,0.65747
M1298.49T13.55,2.0027,0.14265,0.84573,0.65747
M1204.77T16.56,2.0015,0.14283,0.84519,0.65747
M1075.29T13.42,1.9973,0.1435,0.84316,0.65789
M468.91T17.56,1.9834,0.14569,0.83658,0.66409
M1340.74T16.56,1.9798,0.14626,0.83487,0.66409
M1507.7T16.55,1.9758,0.1469,0.83298,0.66409
M990.79T18.35,1.9685,0.14808,0.82952,0.66409
M936.8T18.56,1.9633,0.14891,0.82707,0.66409
M706.84T18.57,1.9606,0.14936,0.82577,0.66409
M1356.48T14.02,1.9599,0.14947,0.82545,0.66409
M647.46T1437.41,1.9596,0.14952,0.82529,0.66409
M1163.44T16.55,1.9523,0.15072,0.82183,0.6668
M740.86T12.55,1.9393,0.15288,0.81565,0.67187
M1220.5T13.6,1.9383,0.15305,0.81517,0.67187
M1152.1T17.04,1.9337,0.15383,0.81297,0.67187
M1905.88T13.55,1.9308,0.15432,0.81158,0.67187
M1024.29T12.55,1.9278,0.15482,0.81018,0.67187
M1438.05T13.55,1.9001,0.1596,0.79697,0.68349
M564.89T12.55,1.9001,0.1596,0.79696,0.68349
M1025.46T17.56,1.8988,0.15983,0.79635,0.68349
M1287.25T13.55,1.8984,0.1599,0.79615,0.68349
M1053.79T12.55,1.8882,0.16171,0.79127,0.68673
M1524.7T13.54,1.8873,0.16187,0.79084,0.68673
M1251.75T17.56,1.879,0.16335,0.78688,0.68864
M671.86T17.56,1.873,0.16443,0.78401,0.68864
M972.82T12.55,1.8707,0.16485,0.78292,0.68864
M752.84T18.57,1.8693,0.16511,0.78222,0.68864
M1244.75T17.56,1.868,0.16535,0.7816,0.68864
M927.48T16.56,1.8515,0.16837,0.77373,0.69435
M1600.69T13.55,1.8506,0.16855,0.77328,0.69435
M1098.78T12.55,1.8506,0.16855,0.77327,0.69435
M1709.34T13.55,1.8395,0.17062,0.76798,0.69623
M1001.3T17.55,1.8344,0.17158,0.76553,0.69623
M1855.65T13.55,1.8234,0.17367,0.76028,0.69623
M649.48T1420.61,1.8191,0.1745,0.75821,0.69623
M1468.4T13.55,1.8171,0.1749,0.75722,0.69623
M1060.79T17.56,1.8134,0.17561,0.75545,0.69623
M872.16T17.4,1.812,0.17587,0.7548,0.69623
M797.34T17.56,1.8119,0.1759,0.75474,0.69623
M1180.76T17.56,1.8114,0.17599,0.75452,0.69623
M877.83T17.56,1.8094,0.17638,0.75355,0.69623
M934.15T16.56,1.8087,0.17653,0.75318,0.69623
M922.32T11.54,1.8084,0.17657,0.75307,0.69623
M1147.78T12.55,1.8064,0.17697,0.75211,0.69623
M933.32T17.56,1.7911,0.17999,0.74474,0.70353
M773.85T12.55,1.7905,0.18011,0.74447,0.70353
M910.81T11.54,1.7877,0.18068,0.74309,0.70353
M1533.7T13.54,1.7824,0.18173,0.74057,0.70454
M1587.37T13.55,1.7802,0.18218,0.73951,0.70454
M1502.71T13.55,1.7647,0.18534,0.73203,0.70639
M1068.79T17.55,1.7631,0.18566,0.73128,0.70639
M766.84T11.54,1.7584,0.18663,0.72902,0.70639
M1047.46T12.55,1.756,0.18712,0.72788,0.70639
M1456.05T13.55,1.7544,0.18745,0.72711,0.70639
M1402.73T12.55,1.752,0.18796,0.72594,0.70639
M1595.36T13.55,1.7518,0.18801,0.72583,0.70639
M1063.79T12.55,1.7513,0.18811,0.72559,0.70639
M1505.38T13.55,1.7506,0.18825,0.72527,0.70639
M1542.95T13.55,1.7452,0.18939,0.72264,0.70647
M1069.8T12.54,1.7413,0.19021,0.72076,0.70647
M1049.79T17.57,1.7384,0.19082,0.71937,0.70647
M831.34T17.56,1.7367,0.19118,0.71857,0.70647
M894.16T16.98,1.7358,0.19137,0.71812,0.70647
M1044.8T12.55,1.7325,0.19208,0.71653,0.70676
M1318.42T17.06,1.7277,0.19311,0.71419,0.70828
M1071.78T17.56,1.7197,0.19483,0.71035,0.70979
M1003.47T13.55,1.7187,0.19503,0.70989,0.70979
M1234.76T12.54,1.7171,0.19539,0.70909,0.70979
M1015.8T13.55,1.7052,0.198,0.70334,0.71317
M1072.78T17.56,1.6987,0.19943,0.70022,0.71317
M1205.43T12.54,1.6968,0.19986,0.69927,0.71317
M1296.74T17.56,1.6926,0.20079,0.69725,0.71317
M1086.11T17.56,1.6912,0.2011,0.69658,0.71317
M1322.74T13.55,1.6895,0.20149,0.69574,0.71317
M648.47T1437.41,1.6869,0.20207,0.69451,0.71317
M942.81T12.55,1.6856,0.20235,0.69389,0.71317
M980.8T18.55,1.6852,0.20246,0.69367,0.71317
M1135.44T17.55,1.6845,0.2026,0.69336,0.71317
M970.48T13.55,1.6761,0.2045,0.6893,0.71347
M962.48T16.56,1.6761,0.20452,0.68927,0.71347
M1290.06T16.98,1.6715,0.20557,0.68704,0.71347
M896.32T17.56,1.6711,0.20566,0.68685,0.71347
M761.85T12.54,1.6704,0.20582,0.68651,0.71347
M1234.75T17.56,1.6585,0.20857,0.68075,0.71933
M1159.44T17.56,1.6542,0.20956,0.67869,0.71933
M1350.74T12.54,1.6532,0.2098,0.67819,0.71933
M891.83T12.55,1.6496,0.21064,0.67646,0.71933
M1421.72T17.55,1.6495,0.21067,0.67639,0.71933
M1235.76T12.54,1.6428,0.21226,0.67314,0.71988
M1245.42T17.4,1.639,0.21314,0.67133,0.71988
M895.82T17.56,1.6386,0.21325,0.67111,0.71988
M687.86T17.56,1.6372,0.21358,0.67045,0.71988
M978.14T17.55,1.6334,0.21449,0.6686,0.71988
M902.82T11.55,1.6328,0.21463,0.6683,0.71988
M926.49T14.05,1.627,0.21601,0.66552,0.72134
M1563.69T15.56,1.6242,0.2167,0.66414,0.72134
M650.48T1420.61,1.6195,0.21783,0.66188,0.72134
M1416.06T13.55,1.6185,0.21808,0.66138,0.72134
M925.81T17.56,1.6153,0.21886,0.65983,0.72134
M680.86T18.56,1.6151,0.21893,0.6597,0.72134
M1062.79T12.55,1.6127,0.21951,0.65854,0.72134
M1125.77T17.56,1.608,0.22065,0.6563,0.72299
M981.81T12.55,1.5972,0.22333,0.65106,0.72322
M732.84T11.54,1.5942,0.22409,0.64957,0.72322
M876.83T17.56,1.5923,0.22455,0.64868,0.72322
M1103.45T17.56,1.5914,0.22479,0.64822,0.72322
M1114.12T11.63,1.585,0.22641,0.64511,0.72322
M573.47T1437.42,1.5809,0.22745,0.64311,0.72322
M660.87T17.56,1.573,0.22947,0.63928,0.72322
M1113.28T17.56,1.5729,0.2295,0.63922,0.72322
M1461.71T12.67,1.5728,0.22953,0.63917,0.72322
M706.84T11.54,1.5699,0.23028,0.63775,0.72322
M1300.08T12.55,1.5688,0.23054,0.63725,0.72322
M1197.43T17.56,1.5636,0.2319,0.63469,0.72322
M1530.7T16.98,1.5632,0.23199,0.63453,0.72322
M1064.47T13.55,1.5597,0.2329,0.63283,0.72322
M352.92T20.57,1.5528,0.23473,0.62944,0.72322
M828.83T12.29,1.5508,0.23524,0.6285,0.72322
M1094.77T17.56,1.5492,0.23567,0.62769,0.72322
M1345.24T13.55,1.5489,0.23574,0.62757,0.72322
M341.27T1369.82,1.5442,0.23698,0.62528,0.72322
M888.32T17.56,1.5427,0.23739,0.62455,0.72322
M1011.79T12.55,1.5423,0.2375,0.62434,0.72322
M1161.43T17.56,1.54,0.23812,0.62321,0.72322
M958.79T18.56,1.5375,0.23877,0.62203,0.72322
M853.82T17.56,1.5359,0.23919,0.62125,0.72322
M944.82T17.56,1.5347,0.23952,0.62066,0.72322
M1515.2T13.55,1.5347,0.23953,0.62064,0.72322
M862.83T12.55,1.5324,0.24015,0.61952,0.72322
M1038.13T16.55,1.5323,0.24018,0.61946,0.72322
M926.81T18.56,1.5305,0.24066,0.61859,0.72322
M632.47T1471.09,1.5303,0.24072,0.61849,0.72322
M631.47T1471.08,1.5281,0.2413,0.61744,0.72322
M1013.8T17.56,1.5268,0.24167,0.61678,0.72322
M1067.45T16.98,1.5266,0.24171,0.61671,0.72322
M797.85T12.55,1.5221,0.24292,0.61454,0.72494
M1596.37T13.55,1.5145,0.24501,0.61082,0.72714
M711.85T17.56,1.5101,0.24624,0.60865,0.72714
M649.48T1386.28,1.5084,0.2467,0.60783,0.72714
M1263.26T13.6,1.5069,0.24712,0.6071,0.72714
M1239.75T17.55,1.5053,0.24757,0.60631,0.72714
M843.82T18.56,1.5022,0.24843,0.6048,0.72714
M1466.72T12.54,1.5018,0.24853,0.60462,0.72714
M1544.7T16.56,1.4999,0.24906,0.6037,0.72714
M1757.66T13.6,1.4986,0.24941,0.60308,0.72714
M1252.08T13.55,1.4945,0.25058,0.60105,0.72742
M967.31T17.56,1.4912,0.25151,0.59944,0.72742
M1899.37T13.55,1.4902,0.25179,0.59896,0.72742
M863.83T12.55,1.488,0.2524,0.59792,0.72742
M720.85T18.56,1.4869,0.25271,0.59738,0.72742
M1280.25T13.55,1.4805,0.25454,0.59424,0.72983
M1118.1T13.54,1.4715,0.25712,0.58987,0.72983
M1603.36T13.55,1.4702,0.25751,0.5892,0.72983
M1353.73T17.55,1.4672,0.25838,0.58775,0.72983
M603.37T16.56,1.4667,0.25851,0.58752,0.72983
M428.92T12.55,1.4661,0.25868,0.58724,0.72983
M1531.2T13.55,1.4648,0.25907,0.58658,0.72983
M922.15T17.56,1.462,0.25988,0.58523,0.72983
M592.89T17.56,1.4613,0.26009,0.58488,0.72983
M1307.74T17.55,1.4596,0.26059,0.58404,0.72983
M977.3T17.56,1.4584,0.26095,0.58345,0.72983
M633.88T17.56,1.4558,0.26171,0.58218,0.72983
M1650.02T13.54,1.4552,0.26189,0.58188,0.72983
M1611.43T13.55,1.4436,0.26532,0.57623,0.73758
M1222.76T17.55,1.4406,0.26621,0.57478,0.73818
M848.83T17.56,1.4368,0.26736,0.5729,0.73818
M1709.67T13.55,1.4316,0.26892,0.57038,0.73818
M1633.93T13.55,1.4315,0.26895,0.57032,0.73818
M1183.43T17.56,1.4283,0.26993,0.56875,0.73818
M1350.24T13.55,1.4276,0.27013,0.56842,0.73818
M1153.77T17.56,1.427,0.27031,0.56813,0.73818
M1291.08T13.55,1.4251,0.27088,0.56722,0.73818
M869.82T17.56,1.4226,0.27165,0.566,0.73818
M945.82T11.61,1.4205,0.2723,0.56496,0.73818
M1206.09T12.55,1.4192,0.27268,0.56435,0.73818
M1825.15T13.55,1.4106,0.27534,0.56014,0.74268
M1045.29T12.55,1.4096,0.27565,0.55965,0.74268
M664.85T11.54,1.4062,0.27671,0.55798,0.74282
M663.46T1386.95,1.4052,0.27701,0.55751,0.74282
M985.8T12.54,1.4005,0.27847,0.55522,0.74457
M1717.34T13.55,1.3986,0.27906,0.5543,0.74457
M409.18T18.56,1.3969,0.27962,0.55343,0.74457
M1496.04T13.55,1.3866,0.28286,0.54842,0.74603
M1671.36T13.55,1.3843,0.28361,0.54727,0.74603
M1515.45T13.55,1.3806,0.28477,0.5455,0.74603
M1509.45T13.55,1.38,0.28496,0.54521,0.74603
M828.34T17.56,1.3769,0.28597,0.54368,0.74603
M1329.24T13.55,1.3759,0.28629,0.54319,0.74603
M589.43T1437.43,1.3738,0.28698,0.54214,0.74603
M810.17T14.55,1.3727,0.28733,0.54163,0.74603
M1429.06T13.55,1.3724,0.28741,0.5415,0.74603
M1228.25T16.56,1.3703,0.28811,0.54044,0.74603
M1121.78T17.56,1.3694,0.2884,0.54001,0.74603
M1495.71T13.55,1.3693,0.28842,0.53998,0.74603
M1175.76T17.47,1.3675,0.28901,0.53908,0.74603
M1116.27T17.56,1.3566,0.29259,0.53374,0.74603
M1017.79T17.56,1.3533,0.29367,0.53215,0.74603
M1956.87T13.55,1.3529,0.29381,0.53193,0.74603
M1813.65T13.55,1.3528,0.29384,0.5319,0.74603
M887.34T13.55,1.3506,0.29455,0.53084,0.74603
M1433.39T12.55,1.3495,0.29493,0.53028,0.74603
M796.85T17.56,1.3471,0.29573,0.5291,0.74603
M1254.04T16.06,1.347,0.29577,0.52904,0.74603
M1209.27T13.55,1.3437,0.29685,0.52747,0.74603
M1798.65T13.55,1.3393,0.29833,0.5253,0.74603
M1205.27T12.55,1.3389,0.29845,0.52513,0.74603
M1171.43T17.56,1.3382,0.2987,0.52476,0.74603
M725.85T17.56,1.336,0.29944,0.52369,0.74603
M245.03T22.3,1.3346,0.29992,0.52299,0.74603
M1083.46T13.55,1.3281,0.30212,0.51982,0.74603
M1095.45T12.55,1.3266,0.30262,0.5191,0.74603
M1530.7T12.55,1.3245,0.30335,0.51805,0.74603
M1049.11T13.55,1.3239,0.30354,0.51778,0.74603
M1035.46T17.56,1.3237,0.30361,0.51768,0.74603
M1103.29T17.47,1.3235,0.30368,0.51758,0.74603
M808.85T17.56,1.3227,0.30397,0.51718,0.74603
M1000.81T17.56,1.3211,0.3045,0.51641,0.74603
M1537.02T14.08,1.3198,0.30494,0.51578,0.74603
M845.84T13.55,1.3191,0.30519,0.51542,0.74603
M1319.74T17.56,1.3162,0.3062,0.514,0.74603
M1804.16T13.55,1.3161,0.30622,0.51397,0.74603
M1092.79T12.55,1.3155,0.30642,0.51369,0.74603
M1285.75T17.56,1.3099,0.30835,0.51096,0.7467
M1023.79T17.56,1.3095,0.30848,0.51077,0.7467
M1570.69T13.55,1.309,0.30866,0.51052,0.7467
M1114.77T17.56,1.3035,0.31058,0.50783,0.7491
M1576.95T13.55,1.3006,0.31162,0.50637,0.7491
M910.8T18.56,1.299,0.31216,0.50563,0.7491
M672.87T17.56,1.2979,0.31254,0.5051,0.7491
M1103.29T12.55,1.2968,0.31295,0.50453,0.7491
M1402.05T13.55,1.2926,0.31443,0.50247,0.7495
M501.91T13.55,1.2922,0.31458,0.50227,0.7495
M1325.74T16.56,1.2907,0.31509,0.50156,0.7495
M1558.36T14.49,1.2859,0.31681,0.4992,0.75012
M825.51T13.55,1.2842,0.31742,0.49837,0.75012
M1182.1T17.55,1.2831,0.31779,0.49786,0.75012
M1024.29T17.56,1.2826,0.31799,0.49758,0.75012
M1270.45T14.55,1.2804,0.31878,0.49651,0.75042
M1408.73T16.56,1.2745,0.3209,0.49363,0.75125
M1173.44T13.55,1.2729,0.32147,0.49286,0.75125
M1057.79T12.54,1.2693,0.32277,0.49111,0.75125
M921.82T11.73,1.2693,0.32278,0.49109,0.75125
M1422.39T13.55,1.2686,0.32304,0.49075,0.75125
M1307.75T12.55,1.2667,0.32373,0.48982,0.75125
M1227.42T17.55,1.2662,0.32391,0.48958,0.75125
M1102.28T16.56,1.2629,0.32509,0.48799,0.75125
M800.83T11.54,1.2608,0.32587,0.48695,0.75125
M1239.26T16.56,1.2606,0.32593,0.48688,0.75125
M1171.77T12.55,1.2593,0.3264,0.48625,0.75125
M1084.28T17.56,1.2565,0.32746,0.48485,0.75183
M1095.45T17.55,1.2551,0.32797,0.48416,0.75183
M1117.28T13.55,1.2452,0.33163,0.47934,0.75811
M1038.79T17.56,1.2441,0.33205,0.4788,0.75811
M1549.7T13.55,1.2343,0.33573,0.47401,0.76468
M1381.4T13.54,1.2318,0.33667,0.4728,0.76468
M1604.01T13.55,1.2311,0.33694,0.47244,0.76468
M650.48T1403.57,1.2278,0.33817,0.47086,0.76529
M1491.21T13.55,1.2253,0.33915,0.46961,0.76529
M1225.26T13.55,1.2213,0.34067,0.46766,0.76529
M1290.75T12.55,1.2205,0.34098,0.46728,0.76529
M807.83T12.55,1.2203,0.34103,0.46721,0.76529
M1701.38T13.51,1.2198,0.34125,0.46693,0.76529
M879.16T16.55,1.2168,0.34238,0.46549,0.76632
M1488.71T12.55,1.2105,0.34481,0.46242,0.77024
M1142.28T13.6,1.2031,0.34771,0.45878,0.77421
M936.15T17.56,1.202,0.34811,0.45828,0.77421
M1319.74T12.55,1.2007,0.34863,0.45763,0.77421
M741.85T17.56,1.1918,0.35215,0.45328,0.7771
M1756.66T13.55,1.1904,0.3527,0.45259,0.7771
M1365.98T13.55,1.1902,0.35277,0.45251,0.7771
M979.8T18.56,1.1884,0.35349,0.45163,0.7771
M544.89T18.56,1.1882,0.35355,0.45155,0.7771
M1018.79T17.56,1.187,0.35403,0.45095,0.7771
M696.85T11.54,1.1826,0.35578,0.44882,0.7774
M1015.79T18.56,1.1824,0.35586,0.44872,0.7774
M1266.75T17.56,1.1815,0.35622,0.44828,0.7774
M1197.76T17.56,1.179,0.35725,0.44703,0.7777
M1237.76T16.56,1.1778,0.35773,0.44644,0.7777
M612.87T18.56,1.1734,0.35948,0.44432,0.77872
M1027.79T17.56,1.1732,0.35957,0.44422,0.77872
M1085.78T17.56,1.1695,0.36107,0.44241,0.78048
M1497.96T13.55,1.1631,0.36367,0.43929,0.78135
M1107.78T17.56,1.1618,0.36417,0.4387,0.78135
M1149.77T17.56,1.1574,0.36598,0.43655,0.78135
M1373.73T16.56,1.1531,0.36776,0.43443,0.78135
M1447.22T13.55,1.1468,0.37036,0.43138,0.78135
M1227.76T17.55,1.1467,0.37039,0.43134,0.78135
M1890.63T14.08,1.1467,0.3704,0.43133,0.78135
M1287.08T13.55,1.1452,0.37103,0.43059,0.78135
M881.82T17.56,1.1428,0.37203,0.42942,0.78135
M1046.78T18.56,1.1403,0.37306,0.42822,0.78135
M1059.43T881.12,1.1397,0.37332,0.42792,0.78135
M549.19T881.43,1.1391,0.37355,0.42765,0.78135
M718.83T19.56,1.1381,0.374,0.42712,0.78135
M1166.44T14.63,1.1375,0.37423,0.42687,0.78135
M1199.44T12.55,1.1354,0.37512,0.42583,0.78135
M1538.45T13.55,1.1347,0.37543,0.42547,0.78135
M768.86T17.56,1.1336,0.37589,0.42494,0.78135
M1719.17T13.55,1.1334,0.37594,0.42488,0.78135
M978.8T11.54,1.1333,0.37602,0.42479,0.78135
M1352.23T15.53,1.1316,0.37671,0.424,0.78135
M1196.76T17.56,1.1303,0.37726,0.42336,0.78135
M1273.42T17.55,1.1295,0.37762,0.42295,0.78135
M1708.67T13.55,1.1281,0.3782,0.42228,0.78135
M1406.22T13.55,1.1223,0.38067,0.41945,0.78135
M1192.02T13.55,1.1196,0.3818,0.41816,0.78135
M1813.32T13.55,1.1184,0.38232,0.41757,0.78135
M1380.72T17.48,1.1162,0.38327,0.41649,0.78135
M985.8T17.56,1.1148,0.38386,0.41583,0.78135
M575.48T1420.61,1.114,0.3842,0.41544,0.78135
M984.29T13.55,1.1138,0.3843,0.41533,0.78135
M372.36T1624.16,1.1134,0.38447,0.41514,0.78135
M1366.23T13.55,1.1128,0.38473,0.41484,0.78135
M1660.67T13.55,1.1055,0.3879,0.41129,0.78135
M810.84T12.55,1.1035,0.38874,0.41034,0.78135
M1166.77T17.55,1.1014,0.38966,0.40931,0.78135
M908.82T17.56,1.0939,0.39293,0.40568,0.78135
M1291.74T17.56,1.0918,0.39388,0.40464,0.78135
M1238.76T16.56,1.091,0.3942,0.40429,0.78135
M338.34T1639.2,1.0909,0.39427,0.40421,0.78135
M934.8T18.56,1.0906,0.3944,0.40406,0.78135
M1549.41T14.54,1.0902,0.39454,0.40391,0.78135
M1275.74T17.56,1.0901,0.39461,0.40383,0.78135
M1208.09T16.56,1.0896,0.39484,0.40358,0.78135
M1560.44T13.55,1.0889,0.39516,0.40323,0.78135
M762.85T11.54,1.0887,0.39522,0.40316,0.78135
M1137.28T17.56,1.0885,0.3953,0.40308,0.78135
M923.82T13.52,1.0884,0.39536,0.403,0.78135
M985.47T17.56,1.088,0.39553,0.40282,0.78135
M705.86T12.55,1.088,0.39555,0.4028,0.78135
M833.5T16.56,1.0873,0.39583,0.40249,0.78135
M1646.68T13.52,1.0724,0.40247,0.39527,0.78621
M1662.68T13.52,1.0724,0.40247,0.39527,0.78621
M809.84T18.06,1.0714,0.40292,0.39478,0.78621
M954.14T16.72,1.071,0.40309,0.39459,0.78621
M1327.48T13.55,1.0667,0.40504,0.39251,0.78621
M1243.75T17.56,1.0667,0.40504,0.3925,0.78621
M1594.44T13.55,1.0667,0.40506,0.39249,0.78621
M1285.75T11.68,1.066,0.40538,0.39214,0.78621
M1464.72T13.55,1.0651,0.40575,0.39174,0.78621
M1797.15T13.55,1.0637,0.4064,0.39104,0.78621
M1302.74T17.54,1.0627,0.40686,0.39056,0.78621
M1419.72T12.55,1.0626,0.40688,0.39053,0.78621
M1348.23T13.54,1.0607,0.40774,0.38961,0.78621
M1341.42T17.55,1.0577,0.40913,0.38814,0.78621
M1005.47T17.56,1.056,0.40988,0.38734,0.78621
M1169.27T13.55,1.0537,0.41096,0.3862,0.78621
M1348.4T17.55,1.0535,0.41103,0.38613,0.78621
M277T22.59,1.053,0.41126,0.38589,0.78621
M1149.1T13.7,1.0516,0.41192,0.38518,0.78621
M1221.75T17.47,1.0497,0.41279,0.38428,0.78621
M900.82T12.55,1.0487,0.41323,0.38381,0.78621
M764.84T11.54,1.0481,0.4135,0.38352,0.78621
M468.42T1623.34,1.0449,0.41498,0.38197,0.78643
M910.15T17.55,1.0441,0.41535,0.38159,0.78643
M1101.46T14.08,1.0421,0.41629,0.3806,0.78643
M1167.1T17.55,1.041,0.41678,0.38009,0.78643
M913.49T13.02,1.0397,0.41742,0.37943,0.78643
M1384.72T17.55,1.0389,0.41777,0.37906,0.78643
M1092.28T17.56,1.036,0.41914,0.37764,0.7877
M1080.79T17.56,1.033,0.42054,0.37619,0.78779
M761.84T18.56,1.0329,0.42057,0.37616,0.78779
M729.86T17.55,1.0298,0.42204,0.37465,0.78924
M1313.41T12.55,1.0279,0.42291,0.37375,0.78958
M644.87T18.05,1.0208,0.42625,0.37034,0.79449
M1333.74T16.56,1.019,0.42713,0.36944,0.79484
M1184.1T12.55,1.0163,0.42839,0.36816,0.79543
M1174.45T13.55,1.0152,0.42892,0.36762,0.79543
M922.8T18.56,1.0137,0.42962,0.36692,0.79543
M875.32T17.56,1.0124,0.43025,0.36628,0.79543
M956.3T12.55,1.0103,0.43125,0.36527,0.79599
M302.93T20.57,1.0013,0.43559,0.36093,0.80269
M997.14T13.55,0.99558,0.43835,0.35818,0.80472
M909.82T12.55,0.99522,0.43852,0.35801,0.80472
M691.86T17.56,0.99417,0.43903,0.3575,0.80472
M1814.65T13.55,0.99314,0.43954,0.35701,0.80472
M1339.73T16.56,0.99172,0.44023,0.35632,0.80472
M842.81T18.56,0.98952,0.4413,0.35527,0.80528
M1126.11T17.56,0.98804,0.44202,0.35456,0.80528
M534.88T17.56,0.98557,0.44323,0.35337,0.80528
M1536.01T13.6,0.9853,0.44336,0.35324,0.80528
M978.79T18.56,0.98191,0.44503,0.35161,0.80685
M1184.09T17.56,0.98065,0.44565,0.35101,0.80685
M1375.73T12.54,0.97238,0.44974,0.34704,0.81187
M762.84T17.56,0.97216,0.44985,0.34693,0.81187
M836.84T17.55,0.96798,0.45193,0.34493,0.81244
M963.81T17.56,0.9661,0.45287,0.34403,0.81244
M1114.78T11.63,0.96446,0.45369,0.34324,0.81244
M1138.1T17.55,0.9626,0.45462,0.34235,0.81244
M1129.44T17.56,0.96233,0.45475,0.34222,0.81244
M1222.08T17.56,0.96225,0.45479,0.34218,0.81244
M1077.53T13.55,0.96117,0.45534,0.34167,0.81244
M949.48T13.55,0.96009,0.45588,0.34115,0.81244
M980.8T12.66,0.95425,0.45882,0.33836,0.8164
M1610.02T13.55,0.94382,0.46412,0.33337,0.8234
M1149.78T11.55,0.94208,0.46501,0.33254,0.8234
M1103.79T12.55,0.94197,0.46506,0.33249,0.8234
M1061.79T17.56,0.93887,0.46665,0.33101,0.8234
M1209.76T16.68,0.93629,0.46798,0.32978,0.8234
M224.13T58.72,0.93621,0.46802,0.32973,0.8234
M700.87T17.56,0.93604,0.46811,0.32966,0.8234
M1679.43T13.55,0.9345,0.4689,0.32892,0.8234
M999.14T16.55,0.93254,0.46991,0.32798,0.8234
M1199.28T13.55,0.93237,0.47,0.3279,0.8234
M1147.45T13.11,0.93092,0.47075,0.32721,0.82344
M817.26T830.86,0.92534,0.47364,0.32455,0.82684
M924.81T18.55,0.92438,0.47414,0.32409,0.82684
M911.81T18.56,0.91868,0.47711,0.32138,0.83072
M1194.27T17.56,0.91653,0.47824,0.32036,0.83072
M247.08T831.65,0.91461,0.47924,0.31944,0.83072
M1258.04T18.06,0.91453,0.47929,0.3194,0.83072
M725.86T12.54,0.91182,0.48071,0.31812,0.83105
M1335.73T17.55,0.91138,0.48094,0.31791,0.83105
M1327.24T13.55,0.90799,0.48273,0.3163,0.83287
M664.85T18.57,0.90167,0.48608,0.31329,0.83545
M980.13T17.56,0.90136,0.48624,0.31315,0.83545
M1747.15T13.58,0.90102,0.48643,0.31298,0.83545
M1200.1T13.54,0.89682,0.48866,0.31099,0.83567
M1182.77T12.5,0.89678,0.48869,0.31097,0.83567
M1265.42T17.55,0.89526,0.4895,0.31025,0.83567
M1617.69T13.55,0.88851,0.49312,0.30705,0.83567
M1671.98T13.55,0.88647,0.49421,0.30609,0.83567
M1535.37T13.54,0.8862,0.49436,0.30596,0.83567
M712.85T18.56,0.88512,0.49494,0.30544,0.83567
M1484.04T13.55,0.88455,0.49525,0.30517,0.83567
M1016.14T12.55,0.8834,0.49587,0.30463,0.83567
M705.35T12.55,0.88202,0.49662,0.30398,0.83567
M1770.66T13.55,0.87934,0.49807,0.30271,0.83567
M1160.1T17.56,0.87933,0.49807,0.30271,0.83567
M1087.78T17.47,0.87913,0.49818,0.30261,0.83567
M1070.29T12.55,0.87788,0.49886,0.30202,0.83567
M744.84T18.56,0.87784,0.49888,0.302,0.83567
M1318.07T16.98,0.87297,0.50154,0.2997,0.83567
M1130.45T13.55,0.87172,0.50222,0.29911,0.83567
M1144.1T16.56,0.87077,0.50274,0.29866,0.83567
M1081.78T17.56,0.87034,0.50297,0.29846,0.83567
M1343.73T17.56,0.8691,0.50365,0.29787,0.83567
M1024.8T12.54,0.86844,0.50401,0.29756,0.83567
M496.91T17.56,0.86521,0.50578,0.29604,0.83567
M929.16T14.49,0.86383,0.50654,0.29538,0.83567
M1421.72T12.54,0.8632,0.50689,0.29509,0.83567
M1190.76T17.56,0.8611,0.50805,0.2941,0.83567
M1221.76T12.55,0.86037,0.50845,0.29375,0.83567
M795.84T12.55,0.85728,0.51016,0.2923,0.83567
M959.81T17.56,0.85614,0.51079,0.29176,0.83567
M1230.75T17.56,0.8559,0.51092,0.29165,0.83567
M1038.14T13.55,0.8551,0.51136,0.29127,0.83567
M1650.92T13.6,0.85509,0.51137,0.29127,0.83567
M1831.14T13.55,0.85144,0.5134,0.28955,0.83567
M1739.98T13.57,0.8503,0.51403,0.28901,0.83567
M1641.68T13.55,0.84951,0.51447,0.28864,0.83567
M1235.35T12.58,0.84925,0.51462,0.28851,0.83567
M1536.7T13.55,0.84772,0.51547,0.2878,0.83567
M1559.96T13.55,0.8463,0.51626,0.28713,0.83567
M911.82T11.54,0.84454,0.51725,0.2863,0.83567
M1160.77T17.56,0.84437,0.51734,0.28622,0.83567
M990.14T17.56,0.84333,0.51792,0.28573,0.83567
M1684.67T13.55,0.84009,0.51974,0.28421,0.83567
M1200.44T13.6,0.84002,0.51978,0.28418,0.83567
M1502.46T13.55,0.83998,0.5198,0.28416,0.83567
M1057.79T17.56,0.83963,0.52,0.284,0.83567
M977.8T17.56,0.83856,0.5206,0.28349,0.83567
M1041.46T16.56,0.83784,0.521,0.28316,0.83567
M817.18T13.55,0.83768,0.5211,0.28308,0.83567
M1113.77T17.56,0.83524,0.52247,0.28194,0.83589
M967.82T12.55,0.83482,0.52271,0.28174,0.83589
M1305T13.55,0.83167,0.52449,0.28027,0.83686
M1225.1T13.55,0.83115,0.52479,0.28002,0.83686
M1184.76T17.56,0.82859,0.52623,0.27882,0.83766
M1183.76T17.55,0.82766,0.52676,0.27839,0.83766
M774.83T11.54,0.82582,0.52781,0.27752,0.83799
M728.86T17.56,0.82452,0.52855,0.27692,0.83799
M1236.51T13.55,0.82265,0.52961,0.27604,0.83799
M1181.76T17.56,0.82212,0.52992,0.27579,0.83799
M1197.1T13.55,0.82056,0.53081,0.27506,0.83823
M1284.75T12.55,0.81124,0.53615,0.27071,0.8455
M1265.75T17.55,0.80611,0.53911,0.26832,0.84804
M1232.26T16.68,0.80587,0.53925,0.26821,0.84804
M1050.12T17.4,0.79453,0.54585,0.26293,0.85442
M1633.39T13.55,0.79306,0.5467,0.26225,0.85442
M1061.28T18.56,0.7928,0.54686,0.26213,0.85442
M1455.71T16.56,0.79236,0.54712,0.26192,0.85442
M1120.78T16.56,0.79234,0.54712,0.26191,0.85442
M1409.23T13.54,0.79087,0.54799,0.26123,0.85442
M1148.77T17.56,0.78987,0.54858,0.26076,0.85442
M1032.29T13.55,0.78765,0.54988,0.25973,0.85528
M955.32T13.55,0.78632,0.55066,0.25912,0.85533
M981.47T17.4,0.78078,0.55392,0.25655,0.85748
M1076.12T16.56,0.78059,0.55404,0.25646,0.85748
M1848.65T13.55,0.78013,0.55431,0.25625,0.85748
M889.48T18.56,0.77881,0.55509,0.25564,0.85752
M1357.73T12.61,0.77605,0.55672,0.25436,0.85888
M1830.65T13.55,0.77428,0.55777,0.25354,0.85933
M1198.1T13.55,0.77192,0.55917,0.25245,0.86032
M1448.71T16.98,0.76962,0.56055,0.25139,0.86043
M789.85T12.55,0.76927,0.56075,0.25123,0.86043
M1674.67T13.6,0.76711,0.56204,0.25023,0.86078
M944.82T12.55,0.76626,0.56255,0.24984,0.86078
M755.85T17.56,0.76433,0.5637,0.24895,0.86078
M725.52T13.55,0.75979,0.56643,0.24686,0.86078
M1095.78T17.56,0.75976,0.56644,0.24684,0.86078
M774.82T18.56,0.75879,0.56703,0.24639,0.86078
M995.46T17.54,0.75852,0.56719,0.24627,0.86078
M717.85T11.54,0.75753,0.56778,0.24582,0.86078
M1155.78T12.55,0.75751,0.5678,0.24581,0.86078
M671.36T17.55,0.75351,0.57021,0.24397,0.86227
M1438.71T16.56,0.75289,0.57058,0.24368,0.86227
M428.92T17.56,0.75121,0.5716,0.24291,0.86227
M1774.42T13.55,0.75085,0.57181,0.24275,0.86227
M1882.39T13.55,0.7487,0.57312,0.24176,0.86309
M1364.73T17.55,0.74396,0.57599,0.23958,0.86622
M901.82T12.55,0.74277,0.57672,0.23904,0.86622
M1419.72T16.56,0.73837,0.5794,0.23702,0.86779
M575.48T1555.33,0.73751,0.57993,0.23663,0.86779
M876.84T12.55,0.7373,0.58005,0.23653,0.86779
M757.84T19.56,0.73123,0.58377,0.23376,0.87221
M1012.8T17.55,0.7299,0.58459,0.23315,0.87228
M1061.13T13.54,0.72347,0.58855,0.23022,0.87255
M899.33T17.55,0.72212,0.58938,0.2296,0.87255
M408.91T18.56,0.72138,0.58984,0.22927,0.87255
M1599.43T13.55,0.72063,0.5903,0.22893,0.87255
M1687.34T13.6,0.71778,0.59207,0.22763,0.87255
M1282.74T17.56,0.71689,0.59262,0.22722,0.87255
M859.28T831.48,0.71536,0.59357,0.22653,0.87255
M1018.8T12.55,0.71442,0.59415,0.2261,0.87255
M878.83T17.55,0.71437,0.59419,0.22608,0.87255
M727.85T17.56,0.71309,0.59498,0.2255,0.87255
M1731.67T13.55,0.71178,0.5958,0.2249,0.87255
M1588.01T13.55,0.70991,0.59697,0.22405,0.87255
M1650.18T13.55,0.70938,0.5973,0.22381,0.87255
M1085.12T13.55,0.70847,0.59786,0.2234,0.87255
M985.47T12.55,0.70819,0.59804,0.22327,0.87255
M902.81T18.56,0.70785,0.59825,0.22312,0.87255
M1633.03T13.55,0.70686,0.59887,0.22267,0.87255
M1739.67T13.55,0.70652,0.59908,0.22252,0.87255
M1841.88T13.55,0.70531,0.59984,0.22197,0.87255
M961.31T814.89,0.70486,0.60012,0.22176,0.87255
M1663.68T13.55,0.70056,0.60281,0.21982,0.87535
M1585.7T12.66,0.69781,0.60454,0.21857,0.87594
M1250.75T17.55,0.6973,0.60486,0.21835,0.87594
M1523.41T13.11,0.69591,0.60574,0.21772,0.87594
M1991.63T13.55,0.6944,0.60669,0.21704,0.87594
M626.86T18.56,0.69221,0.60807,0.21605,0.87594
M1215.26T17.55,0.69088,0.60891,0.21545,0.87594
M1209.02T13.55,0.69071,0.60902,0.21537,0.87594
M480.89T18.57,0.68945,0.60981,0.2148,0.87594
M935.81T17.56,0.68891,0.61015,0.21456,0.87594
M1216.76T17.55,0.68084,0.61528,0.21093,0.87635
M1405.73T13.55,0.68049,0.6155,0.21077,0.87635
M802.83T18.56,0.68012,0.61573,0.21061,0.87635
M853.83T11.54,0.6797,0.61601,0.21042,0.87635
M1821.98T13.55,0.6794,0.61619,0.21028,0.87635
M964.81T12.54,0.67866,0.61666,0.20995,0.87635
M1061.46T12.54,0.677,0.61772,0.20921,0.87635
M1169.77T16.56,0.67644,0.61808,0.20896,0.87635
M1747.42T13.55,0.67491,0.61906,0.20827,0.87635
M1696.67T13.55,0.67296,0.6203,0.2074,0.87635
M1242.25T13.55,0.67286,0.62037,0.20735,0.87635
M1519.03T13.55,0.67247,0.62062,0.20718,0.87635
M1529.71T13.54,0.67137,0.62132,0.20668,0.87635
M1063.78T17.56,0.66929,0.62265,0.20575,0.87635
M827.49T1369.97,0.66868,0.62305,0.20548,0.87635
M1566.7T12.67,0.66571,0.62495,0.20415,0.87635
M933.32T12.54,0.66435,0.62583,0.20354,0.87635
M865.33T17.56,0.66364,0.62628,0.20323,0.87635
M1228.76T12.55,0.66289,0.62676,0.2029,0.87635
M978.15T11.61,0.66204,0.62731,0.20252,0.87635
M1626.01T13.01,0.66191,0.6274,0.20246,0.87635
M1070.12T17.56,0.66147,0.62768,0.20226,0.87635
M400.92T17.56,0.66053,0.62829,0.20184,0.87635
M1176.77T17.56,0.6588,0.6294,0.20107,0.87635
M1260.5T13.55,0.65833,0.62971,0.20086,0.87635
M1401.4T12.54,0.6566,0.63082,0.20009,0.87682
M1359.74T13.52,0.65463,0.6321,0.19922,0.87733
M1514.96T13.55,0.65366,0.63273,0.19878,0.87733
M732.84T18.56,0.65047,0.63479,0.19737,0.87912
M1106.28T13.55,0.64777,0.63655,0.19617,0.88011
M965.81T12.55,0.64699,0.63705,0.19582,0.88011
M871.49T17.56,0.64498,0.63836,0.19494,0.88011
M1169.5T13.55,0.64337,0.63941,0.19422,0.88011
M250.96T20.39,0.64327,0.63948,0.19418,0.88011
M964.8T17.56,0.64216,0.6402,0.19369,0.88011
M1250.08T17.56,0.63986,0.6417,0.19267,0.88011
M1220.75T17.55,0.63905,0.64222,0.19231,0.88011
M1282.03T16.56,0.63685,0.64366,0.19134,0.88011
M1182.76T17.56,0.63638,0.64397,0.19113,0.88011
M1086.78T17.55,0.6363,0.64402,0.1911,0.88011
M1116.1T17.55,0.63049,0.64783,0.18854,0.88165
M964.31T17.56,0.6304,0.64789,0.1885,0.88165
M1803.65T13.55,0.62965,0.64838,0.18817,0.88165
M1480.45T13.55,0.62693,0.65017,0.18697,0.88165
M1417.47T13.55,0.62685,0.65022,0.18694,0.88165
M1638.68T13.55,0.62612,0.6507,0.18662,0.88165
M1217.76T17.56,0.62169,0.65362,0.18467,0.88165
M1306.75T12.55,0.62127,0.6539,0.18449,0.88165
M1706.67T13.55,0.61992,0.65479,0.1839,0.88165
M968.81T12.55,0.61963,0.65498,0.18377,0.88165
M1345.41T12.6,0.61953,0.65505,0.18373,0.88165
M799.25T813.63,0.61917,0.65528,0.18357,0.88165
M1230.51T13.55,0.61902,0.65539,0.1835,0.88165
M1026.78T18.56,0.61809,0.656,0.1831,0.88165
M637.87T18.56,0.61586,0.65748,0.18212,0.88252
M794.84T17.56,0.61476,0.6582,0.18164,0.88252
M855.5T14.55,0.61217,0.65992,0.18051,0.88378
M827.83T17.56,0.60826,0.66252,0.1788,0.88535
M931.15T16.07,0.6076,0.66295,0.17852,0.88535
M979.31T813.63,0.60535,0.66445,0.17754,0.88535
M1764.66T13.55,0.60473,0.66487,0.17727,0.88535
M1494.7T17.06,0.60258,0.6663,0.17633,0.88535
M705.35T17.56,0.60151,0.66701,0.17587,0.88535
M1469.4T13.55,0.60132,0.66714,0.17578,0.88535
M1136.28T16.56,0.59993,0.66806,0.17518,0.88535
M931.15T13.54,0.59987,0.6681,0.17516,0.88535
M1355.99T13.55,0.59493,0.67141,0.17301,0.8887
M1401.05T13.55,0.59303,0.67268,0.17219,0.88934
M1215.76T17.4,0.58545,0.67777,0.16892,0.89345
M1078.79T12.55,0.58387,0.67882,0.16824,0.89345
M632.88T17.56,0.58142,0.68047,0.16719,0.89345
M1689.67T13.55,0.58009,0.68137,0.16662,0.89345
M1540.7T12.55,0.58006,0.68139,0.1666,0.89345
M1193.76T17.56,0.57815,0.68268,0.16578,0.89345
M1054.79T17.56,0.57752,0.6831,0.16551,0.89345
M1280.42T13.54,0.57678,0.6836,0.1652,0.89345
M1035.8T17.56,0.57475,0.68497,0.16433,0.89345
M871.17T13.55,0.57232,0.68662,0.16329,0.89345
M1672.4T13.49,0.57141,0.68723,0.1629,0.89345
M1030.79T17.56,0.57089,0.68758,0.16268,0.89345
M1013.8T11.54,0.57072,0.6877,0.1626,0.89345
M966.31T17.55,0.56743,0.68992,0.1612,0.89345
M186.96T7.54,0.56708,0.69016,0.16105,0.89345
M897.82T12.55,0.56607,0.69085,0.16062,0.89345
M1167.77T17.56,0.56571,0.69109,0.16047,0.89345
M829.83T17.56,0.56444,0.69195,0.15992,0.89345
M676.85T19.54,0.56287,0.69302,0.15925,0.89345
M372.36T1639.49,0.56009,0.69491,0.15807,0.89345
M411.2T18.56,0.56009,0.69491,0.15807,0.89345
M760.35T17.56,0.5592,0.69551,0.15769,0.89345
M604.89T12.55,0.55759,0.6966,0.15701,0.89345
M624.87T18.56,0.55542,0.69809,0.15609,0.89345
M1357.73T17.55,0.5546,0.69864,0.15574,0.89345
M1272.75T12.55,0.55424,0.69889,0.15559,0.89345
M1184.43T13.55,0.55424,0.69889,0.15559,0.89345
M1018.13T17.55,0.55415,0.69895,0.15555,0.89345
M766.83T19.56,0.55403,0.69903,0.1555,0.89345
M1069.79T17.56,0.55355,0.69936,0.1553,0.89345
M927.81T18.56,0.55195,0.70045,0.15462,0.89384
M1746T13.55,0.54993,0.70183,0.15377,0.89427
M1198.76T17.56,0.54915,0.70236,0.15344,0.89427
M771.18T13.55,0.54705,0.70379,0.15256,0.89509
M1228.09T17.56,0.54359,0.70616,0.1511,0.8971
M1882.88T13.55,0.54069,0.70814,0.14988,0.89723
M1193.42T17.06,0.54015,0.70851,0.14965,0.89723
M1465.21T13.54,0.53894,0.70934,0.14914,0.89723
M1694.67T13.55,0.53883,0.70942,0.1491,0.89723
M717.85T18.56,0.53735,0.71043,0.14848,0.89751
M205.07T813.54,0.531,0.71479,0.14582,0.89814
M502.87T19.22,0.53077,0.71495,0.14573,0.89814
M1386.72T16.56,0.53055,0.7151,0.14563,0.89814
M883.82T18.31,0.52977,0.71564,0.14531,0.89814
M1493.71T16.56,0.52649,0.71789,0.14394,0.89814
M1021.33T830.41,0.52552,0.71856,0.14354,0.89814
M1859.64T13.55,0.5252,0.71878,0.14341,0.89814
M835.83T17.56,0.52517,0.7188,0.14339,0.89814
M256.93T20.56,0.52406,0.71956,0.14293,0.89814
M959.48T16.56,0.52216,0.72087,0.14214,0.89814
M1730.67T13.55,0.52189,0.72106,0.14203,0.89814
M1262.75T17.56,0.52063,0.72193,0.14151,0.89814
M653.86T17.74,0.51979,0.72251,0.14116,0.89814
M1004.13T17.56,0.51723,0.72427,0.1401,0.89814
M1836.32T13.55,0.51597,0.72514,0.13958,0.89814
M1099.78T17.56,0.51552,0.72545,0.13939,0.89814
M1438.38T13.55,0.51519,0.72568,0.13925,0.89814
M1328.49T13.55,0.51455,0.72612,0.13899,0.89814
M1121.78T12.55,0.51354,0.72682,0.13857,0.89814
M1212.09T16.56,0.51276,0.72735,0.13825,0.89814
M937.81T17.56,0.51253,0.72751,0.13816,0.89814
M967.47T17.56,0.5091,0.72989,0.13674,0.90009
M1040.8T12.55,0.50593,0.73208,0.13544,0.90182
M1081.46T17.56,0.50066,0.73573,0.13328,0.90533
M1069.46T17.55,0.49804,0.73754,0.13221,0.90658
M1242.44T13.55,0.49673,0.73845,0.13168,0.90671
M1348.98T13.55,0.4954,0.73937,0.13114,0.90687
M928.81T17.56,0.49235,0.74149,0.12989,0.90824
M970.8T18.56,0.49006,0.74308,0.12897,0.90824
M739.35T12.55,0.48947,0.74349,0.12873,0.90824
M1118.77T17.56,0.48919,0.74368,0.12861,0.90824
M1487.43T13.54,0.48723,0.74505,0.12782,0.90841
M385.29T1369.89,0.48668,0.74542,0.1276,0.90841
M896.81T18.35,0.48486,0.74669,0.12686,0.90898
M1378.73T13.55,0.48216,0.74857,0.12577,0.90939
M943.31T12.55,0.48162,0.74894,0.12555,0.90939
M1061.79T12.55,0.48092,0.74943,0.12527,0.90939
M1235.75T17.56,0.47909,0.7507,0.12453,0.90997
M516.89T18.56,0.47465,0.75379,0.12275,0.91274
M697.85T18.56,0.47166,0.75587,0.12155,0.91428
M1634.68T13.55,0.46388,0.76129,0.11845,0.91754
M1152.51T14.55,0.46384,0.76132,0.11843,0.91754
M612.88T11.54,0.46286,0.762,0.11804,0.91754
M1050.79T17.56,0.45908,0.76464,0.11654,0.91754
M839.34T897.39,0.45881,0.76483,0.11644,0.91754
M349.25T12.55,0.4579,0.76546,0.11608,0.91754
M420.91T18.56,0.45597,0.76681,0.11531,0.91754
M1664.01T13.55,0.45588,0.76687,0.11528,0.91754
M1288.74T16.98,0.45557,0.76708,0.11516,0.91754
M1002.13T17.56,0.45394,0.76822,0.11451,0.91754
M1752.91T13.55,0.45294,0.76892,0.11412,0.91754
M1035.3T17.55,0.45285,0.76898,0.11409,0.91754
M1755.66T13.54,0.45138,0.77,0.11351,0.91754
M1084.78T17.56,0.44995,0.771,0.11294,0.91754
M1125.44T17.55,0.44945,0.77135,0.11275,0.91754
M921.33T13.55,0.44834,0.77212,0.11231,0.91754
M951.8T17.69,0.44811,0.77228,0.11222,0.91754
M1047.46T17.55,0.44159,0.77683,0.10967,0.92198
M996.8T17.56,0.43851,0.77898,0.10847,0.92228
M1046.79T11.73,0.43653,0.78036,0.1077,0.92228
M748.52T13.55,0.43568,0.78096,0.10737,0.92228
M1785.33T13.55,0.43497,0.78145,0.1071,0.92228
M382.31T1622.76,0.43359,0.78241,0.10657,0.92228
M1045.79T17.56,0.43221,0.78337,0.10603,0.92228
M1239.76T12.55,0.43203,0.7835,0.10596,0.92228
M1194.28T12.55,0.42855,0.78592,0.10462,0.92228
M908.49T16.55,0.42816,0.78619,0.10447,0.92228
M948.8T18.56,0.42679,0.78715,0.10394,0.92228
M801.83T17.56,0.42583,0.78782,0.10357,0.92228
M1116.77T17.56,0.42541,0.78811,0.10341,0.92228
M1370.72T17.04,0.42536,0.78815,0.10339,0.92228
M1271.25T13.55,0.42494,0.78844,0.10323,0.92228
M1146.11T12.55,0.42088,0.79127,0.10168,0.92399
M1701.92T13.55,0.41925,0.7924,0.10106,0.92399
M1081.46T12.55,0.41823,0.79311,0.10067,0.92399
M962.8T17.56,0.41817,0.79316,0.10064,0.92399
M970.81T12.01,0.41265,0.797,0.098543,0.92663
M1463.96T13.55,0.41227,0.79726,0.098401,0.92663
M324.92T20.56,0.41044,0.79853,0.097707,0.92663
M1372.99T13.55,0.41023,0.79868,0.097627,0.92663
M1375.39T13.55,0.40577,0.80178,0.095946,0.9272
M895.82T11.55,0.40576,0.80179,0.095942,0.9272
M1123.28T17.56,0.40498,0.80233,0.095647,0.9272
M1333.74T12.55,0.40339,0.80343,0.095051,0.9272
M1467.38T13.55,0.40149,0.80475,0.094337,0.9272
M1722.98T13.55,0.40123,0.80493,0.094242,0.9272
M1939.63T13.55,0.40045,0.80547,0.093948,0.9272
M1265.09T13.55,0.39944,0.80617,0.093571,0.9272
M322.92T21.56,0.39785,0.80728,0.092977,0.9272
M1334.24T14.02,0.39739,0.80759,0.092808,0.9272
M1582.95T13.55,0.39661,0.80814,0.092513,0.9272
M1022.13T17.55,0.39303,0.81062,0.091183,0.92876
M1316.25T13.55,0.39229,0.81113,0.090908,0.92876
M1252.75T17.55,0.38885,0.81351,0.089636,0.93055
M1182.27T12.55,0.38495,0.81621,0.088197,0.9327
M1205.77T17.55,0.38247,0.81793,0.087286,0.93372
M1267.74T17.48,0.37868,0.82054,0.085901,0.93576
M1671.67T13.55,0.37514,0.82298,0.084612,0.93738
M1700.67T13.55,0.37422,0.82361,0.084278,0.93738
M1375.23T16.56,0.36742,0.82829,0.08182,0.94119
M1889.97T13.55,0.36695,0.82861,0.08165,0.94119
M1070.78T17.56,0.36559,0.82954,0.081161,0.94131
M1163.77T17.56,0.36386,0.83073,0.08054,0.94154
M1480.2T13.55,0.36288,0.8314,0.080188,0.94154
M809.85T12.54,0.35958,0.83366,0.079011,0.94297
M1132.11T13.55,0.35838,0.83448,0.078582,0.94297
M759.85T17.56,0.35739,0.83516,0.078231,0.94297
M1158.1T13.08,0.35586,0.83621,0.077687,0.94322
M1127.27T17.56,0.35115,0.83942,0.076023,0.9459
M1413.22T13.55,0.34834,0.84133,0.075033,0.94594
M1610.94T13.55,0.34652,0.84257,0.074395,0.94594
M1858.94T13.55,0.34607,0.84288,0.074237,0.94594
M1048.79T17.56,0.34558,0.84321,0.074066,0.94594
M236.94T4.52,0.34391,0.84434,0.073484,0.94594
M1516.19T14.52,0.34315,0.84486,0.073217,0.94594
M1273.75T17.47,0.34119,0.84618,0.072536,0.94594
M1128.78T17.55,0.34053,0.84663,0.072306,0.94594
M909.82T17.56,0.33922,0.84752,0.071852,0.94594
M825.83T18.56,0.33775,0.84851,0.071344,0.94594
M1597.03T13.54,0.33762,0.8486,0.071298,0.94594
M1695.93T13.55,0.33516,0.85026,0.070449,0.94645
M1053.79T17.56,0.33447,0.85072,0.070212,0.94645
M1132.77T17.56,0.33182,0.85251,0.069301,0.94724
M911.48T17.56,0.33094,0.8531,0.069,0.94724
M1485.45T13.55,0.32839,0.85481,0.06813,0.94821
M1064.79T17.56,0.32255,0.85872,0.066146,0.94967
M1177.44T13.55,0.32137,0.85952,0.065746,0.94967
M859.82T18.56,0.32041,0.86015,0.065425,0.94967
M1129.78T12.55,0.32013,0.86034,0.065331,0.94967
M1791.36T13.55,0.31849,0.86144,0.064777,0.94967
M1035.8T12.55,0.31618,0.86297,0.064004,0.94967
M786.82T18.57,0.31453,0.86407,0.063453,0.94967
M931.82T12.55,0.31387,0.8645,0.063233,0.94967
M794.18T13.55,0.31335,0.86485,0.063059,0.94967
M854.81T18.56,0.31274,0.86525,0.062856,0.94967
M1619.35T13.55,0.31266,0.86531,0.06283,0.94967
M1124.03T13.55,0.3093,0.86754,0.061713,0.95119
M933.83T12.55,0.30684,0.86916,0.060901,0.95205
M1245.27T12.6,0.30558,0.86999,0.060486,0.95205
M1362.48T13.52,0.29924,0.87415,0.058413,0.95428
M871.83T16.56,0.29783,0.87507,0.057955,0.95428
M1019.8T12.61,0.29556,0.87655,0.057222,0.95428
M692.85T18.56,0.29505,0.87689,0.057055,0.95428
M906.33T13.55,0.29436,0.87733,0.056836,0.95428
M1668.44T13.55,0.29417,0.87746,0.056773,0.95428
M1342.73T17.56,0.29178,0.87901,0.056004,0.95428
M1395.47T13.55,0.29168,0.87908,0.055971,0.95428
M818.27T830.41,0.28905,0.88078,0.055132,0.95428
M1155.77T17.56,0.28845,0.88117,0.054941,0.95428
M1767.99T13.55,0.2883,0.88127,0.054892,0.95428
M1525.96T13.55,0.28661,0.88236,0.054355,0.95428
M979.81T11.54,0.28456,0.88368,0.053703,0.95428
M1435.72T12.55,0.2842,0.88391,0.053591,0.95428
M1172.77T13.55,0.28247,0.88503,0.053042,0.95428
M833.83T17.56,0.27973,0.88678,0.052182,0.95428
M858.82T17.95,0.27969,0.88681,0.052168,0.95428
M1320.74T17.4,0.27919,0.88713,0.052011,0.95428
M1048.12T17.56,0.27643,0.8889,0.051149,0.95527
M1186.76T17.56,0.27201,0.8917,0.049779,0.95725
M1560.19T13.55,0.27087,0.89243,0.049428,0.95725
M1274.74T17.56,0.26713,0.89479,0.048279,0.95797
M1186.05T14.49,0.26594,0.89553,0.047918,0.95797
M868.81T18.56,0.26581,0.89562,0.047877,0.95797
M1108.1T17.56,0.26171,0.89819,0.046633,0.95899
M899.82T17.56,0.26159,0.89826,0.046598,0.95899
M1129.77T17.56,0.25637,0.90151,0.045028,0.9594
M1729.92T13.55,0.25589,0.90181,0.044884,0.9594
M797.85T17.56,0.25572,0.90191,0.044835,0.9594
M1219.5T14.55,0.25503,0.90234,0.044629,0.9594
M1404.71T17.55,0.25418,0.90287,0.044375,0.9594
M1678.17T13.55,0.24952,0.90573,0.042999,0.96155
M1709.01T13.55,0.2478,0.90679,0.042494,0.96177
M408.91T11.54,0.24613,0.9078,0.042008,0.96195
M1542.2T13.55,0.24058,0.91117,0.040399,0.96462
M909.31T17.56,0.23796,0.91275,0.039649,0.96487
M1262.08T17.04,0.2369,0.91339,0.039346,0.96487
M274.94T20.57,0.23485,0.91462,0.038761,0.96487
M217.03T22.06,0.23326,0.91557,0.038311,0.96487
M1317.74T17.56,0.23132,0.91671,0.037766,0.96487
M1705.67T13.55,0.23086,0.91699,0.037635,0.96487
M1645.68T13.55,0.23025,0.91735,0.037466,0.96487
M1112.45T14.05,0.22584,0.91995,0.036235,0.96671
M1497.05T13.55,0.21713,0.92501,0.033853,0.97113
M1334.73T17.55,0.20602,0.93133,0.030896,0.97501
M867.82T17.56,0.20571,0.9315,0.030816,0.97501
M1021.29T17.56,0.20424,0.93233,0.030432,0.97501
M1107.04T13.55,0.2039,0.93252,0.030343,0.97501
M1284.74T17.56,0.20305,0.93299,0.030123,0.97501
M1034.29T12.55,0.19797,0.9358,0.028817,0.97705
M1435.72T17.56,0.19276,0.93864,0.0275,0.97912
M899.83T12.55,0.19024,0.94,0.02687,0.97929
M1655.36T13.55,0.18805,0.94118,0.026329,0.97929
M1314.42T13.55,0.1854,0.94259,0.025676,0.97929
M544.89T11.54,0.18311,0.9438,0.025119,0.97929
M901.82T17.55,0.18259,0.94408,0.024993,0.97929
M1130.47T13.55,0.18194,0.94441,0.024838,0.97929
M1139.77T17.56,0.18113,0.94484,0.024641,0.97929
M1445.05T13.55,0.17883,0.94604,0.024091,0.97964
M696.84T19.05,0.17655,0.94722,0.02355,0.97975
M1799.33T13.55,0.17529,0.94787,0.023252,0.97975
M945.81T17.56,0.17132,0.94989,0.022325,0.9805
M1003.79T17.56,0.16915,0.95099,0.021823,0.9805
M1706.17T13.55,0.16877,0.95118,0.021737,0.9805
M1058.12T17.56,0.15961,0.95571,0.019675,0.98324
M1341.74T17.55,0.15907,0.95597,0.019555,0.98324
M1865.4T13.55,0.1569,0.95702,0.01908,0.98324
M917.8T18.15,0.15458,0.95813,0.018577,0.98324
M760.84T18.56,0.15452,0.95816,0.018563,0.98324
M795.84T17.57,0.15231,0.9592,0.018091,0.98342
M1205.09T17.55,0.14884,0.96083,0.017355,0.98352
M918.81T18.56,0.14841,0.96103,0.017264,0.98352
M1780.66T13.55,0.14496,0.96262,0.016547,0.98385
M1558.03T13.55,0.14246,0.96375,0.016035,0.98385
M850.82T18.56,0.14144,0.96421,0.015829,0.98385
M2018.62T13.55,0.1401,0.96481,0.015558,0.98385
M618.85T19.56,0.13408,0.96746,0.014366,0.98503
M1731.34T13.55,0.13352,0.96771,0.014257,0.98503
M1599.94T13.55,0.13059,0.96896,0.013692,0.98543
M1200.76T17.54,0.1107,0.97698,0.010113,0.99197
M925.82T12.55,0.11028,0.97714,0.010043,0.99197
M1299.74T17.54,0.10479,0.97918,0.0091389,0.9923
M1258.75T17.56,0.10235,0.98006,0.0087482,0.9923
M764.83T18.56,0.10229,0.98008,0.0087383,0.9923
M569.88T19.56,0.097384,0.9818,0.0079758,0.99242
M1531.95T13.55,0.096977,0.98194,0.0079139,0.99242
M1257.75T12.55,0.093289,0.98319,0.0073622,0.99261
M1500.7T17.55,0.091207,0.98388,0.0070583,0.99261
M1905.63T13.55,0.084827,0.98591,0.0061621,0.99378
M1678.94T13.55,0.081778,0.98684,0.0057526,0.99383
M1572.44T14.02,0.065851,0.99124,0.003819,0.99653
M958.8T11.54,0.065766,0.99127,0.0038097,0.99653
M1259.49T13.55,0.059632,0.99275,0.0031612,0.99681
M1294.49T13.55,0.052925,0.99422,0.0025155,0.99681
M1629.68T15.51,0.052528,0.99431,0.0024795,0.99681
M1051.13T12.55,0.048784,0.99506,0.002151,0.99681
M752.84T11.54,0.037999,0.99695,0.001327,0.99783
M660.87T12.55,0.028356,0.99827,0.00075029,0.99827
